+ set +e
+ rm -rf outputs/local_evaluation/bench2drive_111//
+ mkdir -p outputs/local_evaluation/bench2drive_111/
+ CUDA_VISIBLE_DEVICES=0
+ python3 3rd_party/Bench2Drive/leaderboard/leaderboard/leaderboard_evaluator_v2.py --routes=data/benchmark_routes/bench2drive_split/bench2drive_111.xml --track=SENSORS --checkpoint=outputs/local_evaluation/bench2drive_111//checkpoint_endpoint.json --agent=lead/inference/sensor_agent_bridgedrive.py --agent-config=outputs/local_training/bridgedrive_k60 --debug=0 --record=None --resume=False --port=8848 --traffic-manager-port=8000 --timeout=60 --debug-checkpoint=outputs/local_evaluation/bench2drive_111//debug_checkpoint/debug_checkpoint_endpoint.txt --traffic-manager-seed=0 --repetitions=1
/home/vcdc/disk2t/lead/3rd_party/Bench2Drive/leaderboard/leaderboard/leaderboard_evaluator_v2.py:21: UserWarning: pkg_resources is deprecated as an API. See https://setuptools.pypa.io/en/latest/pkg_resources.html. The pkg_resources package is slated for removal as early as 2025-11-30. Refrain from using this package or pin to Setuptools<81.
  import pkg_resources
CARLA CUDA_VISIBLE_DEVICES: 0
/home/vcdc/disk2t/lead/3rd_party/CARLA_0915/CarlaUE4.sh -quality-level=Epic -resx=800 -resy=600 -RenderOffScreen -nosound -carla-rpc-port=8848 -graphicsadapter=0 None
4.26.2-0+++UE4+Release-4.26 522 0
Disabling core dumps.
load_world success , attempts=0
traffic_manager init success, try_time=0
/home/vcdc/disk2t/lead/3rd_party/Bench2Drive/leaderboard/leaderboard/leaderboard_evaluator_v2.py:114: DeprecationWarning: distutils Version classes are deprecated. Use packaging.version instead.
  if LooseVersion(dist.version) < LooseVersion('0.9.10'):
2026-09-01 17:54:36 [INFO] [/home/vcdc/disk2t/lead/lead/common/logging_config.py:144] Logging configured: level=INFO for 'lead' modules
Problem reading checkpoint. Found no data

[1m========= Preparing RouteScenario_11715 (repetition 0) =========[0m
[1m> Loading the world[0m
[1m>  Load_world time=12.922595262527466
[1m> Apply settings time=1.8496549129486084
[1m> Reset all traffic lights time=1.5170700550079346
2026-09-01 17:54:57 [INFO] [/home/vcdc/anaconda3/envs/lead/lib/python3.10/site-packages/simple_watchdog_timer.py:25] WDT: Started
/home/vcdc/disk2t/lead/lead/common/common_utils.py:154: RuntimeWarning: The iteration is not making good progress, as measured by the 
  improvement from the last ten iterations.
  solution = fsolve(equations, initial_guess)
2026-09-01 17:54:57 [INFO] [/home/vcdc/disk2t/lead/lead/common/base_agent.py:28] Noisy lat ref: -2.1852476811406883e-15, Noisy lon ref: -0.015349053355660747
2026-09-01 17:54:57 [INFO] [/home/vcdc/disk2t/lead/lead/inference/open_loop_inference_bridgedrive.py:57] Loading model weight from outputs/local_training/bridgedrive_k60/model_BridgeDrive_m2_k60_0030.pth
2026-09-01 17:54:59 [INFO] [/home/vcdc/disk2t/lead/lead/tfv6/planning_decoder_bridgedrive.py:488] Using velocity encoder.
2026-09-01 17:54:59 [INFO] [/home/vcdc/disk2t/lead/lead/tfv6/planning_decoder_bridgedrive.py:504] Using discrete command encoder.
2026-09-01 17:54:59 [INFO] [/home/vcdc/disk2t/lead/lead/tfv6/planning_decoder_bridgedrive.py:509] Using target point encoder.
2026-09-01 17:54:59 [INFO] [/home/vcdc/disk2t/lead/lead/tfv6/planning_decoder_bridgedrive.py:513] Using previous target point encoder.
2026-09-01 17:54:59 [INFO] [/home/vcdc/disk2t/lead/lead/tfv6/planning_decoder_bridgedrive.py:517] Using next target point encoder.
2026-09-01 17:54:59 [INFO] [/home/vcdc/disk2t/lead/lead/tfv6/planning_decoder_bridgedrive.py:538] Using radar encoder with 20 tokens.
2026-09-01 17:54:59 [INFO] [/home/vcdc/disk2t/lead/lead/common/sensor_setup.py:209] Added sensor: rgb_1 at position (0.1, -0.35, 2.25), size: 384x384px
2026-09-01 17:54:59 [INFO] [/home/vcdc/disk2t/lead/lead/common/sensor_setup.py:209] Added sensor: rgb_2 at position (0.35, 0.0, 2.25), size: 384x384px
2026-09-01 17:54:59 [INFO] [/home/vcdc/disk2t/lead/lead/common/sensor_setup.py:209] Added sensor: rgb_3 at position (0.1, 0.35, 2.25), size: 384x384px
2026-09-01 17:54:59 [INFO] [/home/vcdc/disk2t/lead/lead/common/sensor_setup.py:59] Added sensor: lidar1 at position (0.0, 0.0, 2.5)
2026-09-01 17:54:59 [INFO] [/home/vcdc/disk2t/lead/lead/common/sensor_setup.py:75] Added sensor: lidar2 at position (0.0, 0.0, 2.5)
2026-09-01 17:54:59 [INFO] [/home/vcdc/disk2t/lead/lead/common/sensor_setup.py:94] Added sensor: radar1 at position (2.6, 0, 0.6)
2026-09-01 17:54:59 [INFO] [/home/vcdc/disk2t/lead/lead/common/sensor_setup.py:94] Added sensor: radar2 at position (2.6, 0, 0.6)
2026-09-01 17:54:59 [INFO] [/home/vcdc/disk2t/lead/lead/common/sensor_setup.py:94] Added sensor: radar3 at position (-2.6, 0, 0.6)
2026-09-01 17:54:59 [INFO] [/home/vcdc/disk2t/lead/lead/common/sensor_setup.py:94] Added sensor: radar4 at position (-2.6, 0, 0.6)
2026-09-01 17:54:59 [INFO] [/home/vcdc/disk2t/lead/lead/common/sensor_setup.py:134] Added sensor: imu
2026-09-01 17:54:59 [INFO] [/home/vcdc/disk2t/lead/lead/common/sensor_setup.py:148] Added sensor: gps
2026-09-01 17:54:59 [INFO] [/home/vcdc/disk2t/lead/lead/common/sensor_setup.py:156] Added sensor: speed
2026-09-01 17:55:00 [INFO] [/home/vcdc/anaconda3/envs/lead/lib/python3.10/site-packages/simple_watchdog_timer.py:92] WDT: Stopped
[1m> Agent setup time=2.44s[0m
[1m> Running the route[0m
2026-09-01 17:55:00 [INFO] [/home/vcdc/disk2t/lead/lead/common/sensor_setup.py:209] Added sensor: rgb_1 at position (0.1, -0.35, 2.25), size: 384x384px
2026-09-01 17:55:00 [INFO] [/home/vcdc/disk2t/lead/lead/common/sensor_setup.py:209] Added sensor: rgb_2 at position (0.35, 0.0, 2.25), size: 384x384px
2026-09-01 17:55:00 [INFO] [/home/vcdc/disk2t/lead/lead/common/sensor_setup.py:209] Added sensor: rgb_3 at position (0.1, 0.35, 2.25), size: 384x384px
2026-09-01 17:55:00 [INFO] [/home/vcdc/disk2t/lead/lead/common/sensor_setup.py:59] Added sensor: lidar1 at position (0.0, 0.0, 2.5)
2026-09-01 17:55:00 [INFO] [/home/vcdc/disk2t/lead/lead/common/sensor_setup.py:75] Added sensor: lidar2 at position (0.0, 0.0, 2.5)
2026-09-01 17:55:00 [INFO] [/home/vcdc/disk2t/lead/lead/common/sensor_setup.py:94] Added sensor: radar1 at position (2.6, 0, 0.6)
2026-09-01 17:55:00 [INFO] [/home/vcdc/disk2t/lead/lead/common/sensor_setup.py:94] Added sensor: radar2 at position (2.6, 0, 0.6)
2026-09-01 17:55:00 [INFO] [/home/vcdc/disk2t/lead/lead/common/sensor_setup.py:94] Added sensor: radar3 at position (-2.6, 0, 0.6)
2026-09-01 17:55:00 [INFO] [/home/vcdc/disk2t/lead/lead/common/sensor_setup.py:94] Added sensor: radar4 at position (-2.6, 0, 0.6)
2026-09-01 17:55:00 [INFO] [/home/vcdc/disk2t/lead/lead/common/sensor_setup.py:134] Added sensor: imu
2026-09-01 17:55:00 [INFO] [/home/vcdc/disk2t/lead/lead/common/sensor_setup.py:148] Added sensor: gps
2026-09-01 17:55:00 [INFO] [/home/vcdc/disk2t/lead/lead/common/sensor_setup.py:156] Added sensor: speed
2026-09-01 17:55:00 [INFO] [/home/vcdc/disk2t/lead/lead/inference/sensor_agent_bridgedrive.py:129] [SensorAgent] Scenario reference set for infraction tracking
2026-09-01 17:55:00 [INFO] [/home/vcdc/anaconda3/envs/lead/lib/python3.10/site-packages/simple_watchdog_timer.py:25] WDT: Started
2026-09-01 17:55:00 [INFO] [/home/vcdc/anaconda3/envs/lead/lib/python3.10/site-packages/simple_watchdog_timer.py:25] WDT: Started
=== [Agent] -- Wallclock = 2026-09-01 17:55:00.711 -- System time = 0.000 -- Game time = 0.050 -- Ratio = 0.000x
=== [Agent] -- Wallclock = 2026-09-01 17:55:00.875 -- System time = 0.165 -- Game time = 0.100 -- Ratio = 0.607x
2026-09-01 17:55:01 [INFO] [/home/vcdc/disk2t/lead/lead/inference/sensor_agent_bridgedrive.py:245] [SensorAgent] Infraction detected at step 1: RouteCompletionTest
2026-09-01 17:55:01 [INFO] [/home/vcdc/disk2t/lead/lead/inference/sensor_agent_bridgedrive.py:270] [SensorAgent] Saved 1 infractions to outputs/local_evaluation/bench2drive_111/infractions.json
=== [Agent] -- Wallclock = 2026-09-01 17:55:01.976 -- System time = 1.265 -- Game time = 0.150 -- Ratio = 0.119x
2026-09-01 17:55:02 [INFO] [/home/vcdc/disk2t/lead/lead/inference/sensor_agent_bridgedrive.py:270] [SensorAgent] Saved 1 infractions to outputs/local_evaluation/bench2drive_111/infractions.json
=== [Agent] -- Wallclock = 2026-09-01 17:55:02.208 -- System time = 1.497 -- Game time = 0.200 -- Ratio = 0.134x
2026-09-01 17:55:02 [INFO] [/home/vcdc/disk2t/lead/lead/inference/sensor_agent_bridgedrive.py:270] [SensorAgent] Saved 1 infractions to outputs/local_evaluation/bench2drive_111/infractions.json
=== [Agent] -- Wallclock = 2026-09-01 17:55:02.353 -- System time = 1.642 -- Game time = 0.250 -- Ratio = 0.152x
2026-09-01 17:55:02 [INFO] [/home/vcdc/disk2t/lead/lead/inference/sensor_agent_bridgedrive.py:270] [SensorAgent] Saved 1 infractions to outputs/local_evaluation/bench2drive_111/infractions.json
=== [Agent] -- Wallclock = 2026-09-01 17:55:02.585 -- System time = 1.874 -- Game time = 0.300 -- Ratio = 0.160x
2026-09-01 17:55:02 [INFO] [/home/vcdc/disk2t/lead/lead/inference/sensor_agent_bridgedrive.py:270] [SensorAgent] Saved 1 infractions to outputs/local_evaluation/bench2drive_111/infractions.json
=== [Agent] -- Wallclock = 2026-09-01 17:55:02.733 -- System time = 2.023 -- Game time = 0.350 -- Ratio = 0.173x
2026-09-01 17:55:02 [INFO] [/home/vcdc/disk2t/lead/lead/inference/sensor_agent_bridgedrive.py:270] [SensorAgent] Saved 1 infractions to outputs/local_evaluation/bench2drive_111/infractions.json
=== [Agent] -- Wallclock = 2026-09-01 17:55:02.934 -- System time = 2.223 -- Game time = 0.400 -- Ratio = 0.180x
2026-09-01 17:55:03 [INFO] [/home/vcdc/disk2t/lead/lead/inference/sensor_agent_bridgedrive.py:270] [SensorAgent] Saved 1 infractions to outputs/local_evaluation/bench2drive_111/infractions.json
=== [Agent] -- Wallclock = 2026-09-01 17:55:03.070 -- System time = 2.359 -- Game time = 0.450 -- Ratio = 0.191x
2026-09-01 17:55:03 [INFO] [/home/vcdc/disk2t/lead/lead/inference/sensor_agent_bridgedrive.py:270] [SensorAgent] Saved 1 infractions to outputs/local_evaluation/bench2drive_111/infractions.json
=== [Agent] -- Wallclock = 2026-09-01 17:55:03.295 -- System time = 2.585 -- Game time = 0.500 -- Ratio = 0.193x
2026-09-01 17:55:03 [INFO] [/home/vcdc/disk2t/lead/lead/inference/sensor_agent_bridgedrive.py:270] [SensorAgent] Saved 1 infractions to outputs/local_evaluation/bench2drive_111/infractions.json
=== [Agent] -- Wallclock = 2026-09-01 17:55:03.457 -- System time = 2.747 -- Game time = 0.550 -- Ratio = 0.200x
2026-09-01 17:55:03 [INFO] [/home/vcdc/disk2t/lead/lead/inference/sensor_agent_bridgedrive.py:270] [SensorAgent] Saved 1 infractions to outputs/local_evaluation/bench2drive_111/infractions.json
=== [Agent] -- Wallclock = 2026-09-01 17:55:03.665 -- System time = 2.954 -- Game time = 0.600 -- Ratio = 0.203x
2026-09-01 17:55:03 [INFO] [/home/vcdc/disk2t/lead/lead/inference/sensor_agent_bridgedrive.py:270] [SensorAgent] Saved 1 infractions to outputs/local_evaluation/bench2drive_111/infractions.json
=== [Agent] -- Wallclock = 2026-09-01 17:55:03.805 -- System time = 3.094 -- Game time = 0.650 -- Ratio = 0.210x
2026-09-01 17:55:03 [INFO] [/home/vcdc/disk2t/lead/lead/inference/sensor_agent_bridgedrive.py:270] [SensorAgent] Saved 1 infractions to outputs/local_evaluation/bench2drive_111/infractions.json
=== [Agent] -- Wallclock = 2026-09-01 17:55:04.030 -- System time = 3.319 -- Game time = 0.700 -- Ratio = 0.211x
2026-09-01 17:55:04 [INFO] [/home/vcdc/disk2t/lead/lead/inference/sensor_agent_bridgedrive.py:270] [SensorAgent] Saved 1 infractions to outputs/local_evaluation/bench2drive_111/infractions.json
=== [Agent] -- Wallclock = 2026-09-01 17:55:04.174 -- System time = 3.463 -- Game time = 0.750 -- Ratio = 0.217x
2026-09-01 17:55:04 [INFO] [/home/vcdc/disk2t/lead/lead/inference/sensor_agent_bridgedrive.py:270] [SensorAgent] Saved 1 infractions to outputs/local_evaluation/bench2drive_111/infractions.json
=== [Agent] -- Wallclock = 2026-09-01 17:55:04.392 -- System time = 3.681 -- Game time = 0.800 -- Ratio = 0.217x
2026-09-01 17:55:04 [INFO] [/home/vcdc/disk2t/lead/lead/inference/sensor_agent_bridgedrive.py:270] [SensorAgent] Saved 1 infractions to outputs/local_evaluation/bench2drive_111/infractions.json
=== [Agent] -- Wallclock = 2026-09-01 17:55:04.542 -- System time = 3.831 -- Game time = 0.850 -- Ratio = 0.222x
2026-09-01 17:55:04 [INFO] [/home/vcdc/disk2t/lead/lead/inference/sensor_agent_bridgedrive.py:270] [SensorAgent] Saved 1 infractions to outputs/local_evaluation/bench2drive_111/infractions.json
=== [Agent] -- Wallclock = 2026-09-01 17:55:04.762 -- System time = 4.052 -- Game time = 0.900 -- Ratio = 0.222x
2026-09-01 17:55:04 [INFO] [/home/vcdc/disk2t/lead/lead/inference/sensor_agent_bridgedrive.py:270] [SensorAgent] Saved 1 infractions to outputs/local_evaluation/bench2drive_111/infractions.json
=== [Agent] -- Wallclock = 2026-09-01 17:55:04.903 -- System time = 4.192 -- Game time = 0.950 -- Ratio = 0.227x
2026-09-01 17:55:05 [INFO] [/home/vcdc/disk2t/lead/lead/inference/sensor_agent_bridgedrive.py:270] [SensorAgent] Saved 1 infractions to outputs/local_evaluation/bench2drive_111/infractions.json
=== [Agent] -- Wallclock = 2026-09-01 17:55:05.118 -- System time = 4.407 -- Game time = 1.000 -- Ratio = 0.227x
2026-09-01 17:55:05 [INFO] [/home/vcdc/disk2t/lead/lead/inference/sensor_agent_bridgedrive.py:270] [SensorAgent] Saved 1 infractions to outputs/local_evaluation/bench2drive_111/infractions.json
=== [Agent] -- Wallclock = 2026-09-01 17:55:05.273 -- System time = 4.562 -- Game time = 1.050 -- Ratio = 0.230x
2026-09-01 17:55:05 [INFO] [/home/vcdc/disk2t/lead/lead/inference/sensor_agent_bridgedrive.py:270] [SensorAgent] Saved 1 infractions to outputs/local_evaluation/bench2drive_111/infractions.json
=== [Agent] -- Wallclock = 2026-09-01 17:55:05.488 -- System time = 4.777 -- Game time = 1.100 -- Ratio = 0.230x
2026-09-01 17:55:05 [INFO] [/home/vcdc/disk2t/lead/lead/inference/sensor_agent_bridgedrive.py:270] [SensorAgent] Saved 1 infractions to outputs/local_evaluation/bench2drive_111/infractions.json
=== [Agent] -- Wallclock = 2026-09-01 17:55:05.649 -- System time = 4.938 -- Game time = 1.150 -- Ratio = 0.233x
2026-09-01 17:55:05 [INFO] [/home/vcdc/disk2t/lead/lead/inference/sensor_agent_bridgedrive.py:270] [SensorAgent] Saved 1 infractions to outputs/local_evaluation/bench2drive_111/infractions.json
=== [Agent] -- Wallclock = 2026-09-01 17:55:05.873 -- System time = 5.162 -- Game time = 1.200 -- Ratio = 0.232x
2026-09-01 17:55:06 [INFO] [/home/vcdc/disk2t/lead/lead/inference/sensor_agent_bridgedrive.py:270] [SensorAgent] Saved 1 infractions to outputs/local_evaluation/bench2drive_111/infractions.json
=== [Agent] -- Wallclock = 2026-09-01 17:55:06.020 -- System time = 5.309 -- Game time = 1.250 -- Ratio = 0.235x
2026-09-01 17:55:06 [INFO] [/home/vcdc/disk2t/lead/lead/inference/sensor_agent_bridgedrive.py:270] [SensorAgent] Saved 1 infractions to outputs/local_evaluation/bench2drive_111/infractions.json
=== [Agent] -- Wallclock = 2026-09-01 17:55:06.240 -- System time = 5.529 -- Game time = 1.300 -- Ratio = 0.235x
2026-09-01 17:55:06 [INFO] [/home/vcdc/disk2t/lead/lead/inference/sensor_agent_bridgedrive.py:270] [SensorAgent] Saved 1 infractions to outputs/local_evaluation/bench2drive_111/infractions.json
=== [Agent] -- Wallclock = 2026-09-01 17:55:06.386 -- System time = 5.675 -- Game time = 1.350 -- Ratio = 0.238x
2026-09-01 17:55:06 [INFO] [/home/vcdc/disk2t/lead/lead/inference/sensor_agent_bridgedrive.py:270] [SensorAgent] Saved 1 infractions to outputs/local_evaluation/bench2drive_111/infractions.json
=== [Agent] -- Wallclock = 2026-09-01 17:55:06.602 -- System time = 5.891 -- Game time = 1.400 -- Ratio = 0.238x
2026-09-01 17:55:06 [INFO] [/home/vcdc/disk2t/lead/lead/inference/sensor_agent_bridgedrive.py:270] [SensorAgent] Saved 1 infractions to outputs/local_evaluation/bench2drive_111/infractions.json
=== [Agent] -- Wallclock = 2026-09-01 17:55:06.762 -- System time = 6.051 -- Game time = 1.450 -- Ratio = 0.240x
2026-09-01 17:55:06 [INFO] [/home/vcdc/disk2t/lead/lead/inference/sensor_agent_bridgedrive.py:270] [SensorAgent] Saved 1 infractions to outputs/local_evaluation/bench2drive_111/infractions.json
=== [Agent] -- Wallclock = 2026-09-01 17:55:06.973 -- System time = 6.263 -- Game time = 1.500 -- Ratio = 0.240x
2026-09-01 17:55:07 [INFO] [/home/vcdc/disk2t/lead/lead/inference/sensor_agent_bridgedrive.py:270] [SensorAgent] Saved 1 infractions to outputs/local_evaluation/bench2drive_111/infractions.json
=== [Agent] -- Wallclock = 2026-09-01 17:55:07.140 -- System time = 6.429 -- Game time = 1.550 -- Ratio = 0.241x
2026-09-01 17:55:07 [INFO] [/home/vcdc/disk2t/lead/lead/inference/sensor_agent_bridgedrive.py:270] [SensorAgent] Saved 1 infractions to outputs/local_evaluation/bench2drive_111/infractions.json
=== [Agent] -- Wallclock = 2026-09-01 17:55:07.372 -- System time = 6.661 -- Game time = 1.600 -- Ratio = 0.240x
2026-09-01 17:55:07 [INFO] [/home/vcdc/disk2t/lead/lead/inference/sensor_agent_bridgedrive.py:270] [SensorAgent] Saved 1 infractions to outputs/local_evaluation/bench2drive_111/infractions.json
=== [Agent] -- Wallclock = 2026-09-01 17:55:07.522 -- System time = 6.811 -- Game time = 1.650 -- Ratio = 0.242x
2026-09-01 17:55:07 [INFO] [/home/vcdc/disk2t/lead/lead/inference/sensor_agent_bridgedrive.py:270] [SensorAgent] Saved 1 infractions to outputs/local_evaluation/bench2drive_111/infractions.json
=== [Agent] -- Wallclock = 2026-09-01 17:55:07.744 -- System time = 7.033 -- Game time = 1.700 -- Ratio = 0.242x
2026-09-01 17:55:07 [INFO] [/home/vcdc/disk2t/lead/lead/inference/sensor_agent_bridgedrive.py:270] [SensorAgent] Saved 1 infractions to outputs/local_evaluation/bench2drive_111/infractions.json
=== [Agent] -- Wallclock = 2026-09-01 17:55:07.893 -- System time = 7.182 -- Game time = 1.750 -- Ratio = 0.244x
2026-09-01 17:55:08 [INFO] [/home/vcdc/disk2t/lead/lead/inference/sensor_agent_bridgedrive.py:270] [SensorAgent] Saved 1 infractions to outputs/local_evaluation/bench2drive_111/infractions.json
=== [Agent] -- Wallclock = 2026-09-01 17:55:08.124 -- System time = 7.414 -- Game time = 1.800 -- Ratio = 0.243x
2026-09-01 17:55:08 [INFO] [/home/vcdc/disk2t/lead/lead/inference/sensor_agent_bridgedrive.py:270] [SensorAgent] Saved 1 infractions to outputs/local_evaluation/bench2drive_111/infractions.json
=== [Agent] -- Wallclock = 2026-09-01 17:55:08.291 -- System time = 7.580 -- Game time = 1.850 -- Ratio = 0.244x
2026-09-01 17:55:08 [INFO] [/home/vcdc/disk2t/lead/lead/inference/sensor_agent_bridgedrive.py:270] [SensorAgent] Saved 1 infractions to outputs/local_evaluation/bench2drive_111/infractions.json
=== [Agent] -- Wallclock = 2026-09-01 17:55:08.515 -- System time = 7.805 -- Game time = 1.900 -- Ratio = 0.243x
2026-09-01 17:55:08 [INFO] [/home/vcdc/disk2t/lead/lead/inference/sensor_agent_bridgedrive.py:270] [SensorAgent] Saved 1 infractions to outputs/local_evaluation/bench2drive_111/infractions.json
=== [Agent] -- Wallclock = 2026-09-01 17:55:08.681 -- System time = 7.970 -- Game time = 1.950 -- Ratio = 0.245x
2026-09-01 17:55:08 [INFO] [/home/vcdc/disk2t/lead/lead/inference/sensor_agent_bridgedrive.py:270] [SensorAgent] Saved 1 infractions to outputs/local_evaluation/bench2drive_111/infractions.json
=== [Agent] -- Wallclock = 2026-09-01 17:55:08.911 -- System time = 8.201 -- Game time = 2.000 -- Ratio = 0.244x
2026-09-01 17:55:09 [INFO] [/home/vcdc/disk2t/lead/lead/inference/sensor_agent_bridgedrive.py:270] [SensorAgent] Saved 1 infractions to outputs/local_evaluation/bench2drive_111/infractions.json
=== [Agent] -- Wallclock = 2026-09-01 17:55:09.068 -- System time = 8.357 -- Game time = 2.050 -- Ratio = 0.245x
2026-09-01 17:55:09 [INFO] [/home/vcdc/disk2t/lead/lead/inference/sensor_agent_bridgedrive.py:270] [SensorAgent] Saved 1 infractions to outputs/local_evaluation/bench2drive_111/infractions.json
=== [Agent] -- Wallclock = 2026-09-01 17:55:09.293 -- System time = 8.582 -- Game time = 2.100 -- Ratio = 0.245x
2026-09-01 17:55:09 [INFO] [/home/vcdc/disk2t/lead/lead/inference/sensor_agent_bridgedrive.py:270] [SensorAgent] Saved 1 infractions to outputs/local_evaluation/bench2drive_111/infractions.json
=== [Agent] -- Wallclock = 2026-09-01 17:55:09.436 -- System time = 8.725 -- Game time = 2.150 -- Ratio = 0.246x
2026-09-01 17:55:09 [INFO] [/home/vcdc/disk2t/lead/lead/inference/sensor_agent_bridgedrive.py:270] [SensorAgent] Saved 1 infractions to outputs/local_evaluation/bench2drive_111/infractions.json
=== [Agent] -- Wallclock = 2026-09-01 17:55:09.652 -- System time = 8.942 -- Game time = 2.200 -- Ratio = 0.246x
2026-09-01 17:55:09 [INFO] [/home/vcdc/disk2t/lead/lead/inference/sensor_agent_bridgedrive.py:270] [SensorAgent] Saved 1 infractions to outputs/local_evaluation/bench2drive_111/infractions.json
=== [Agent] -- Wallclock = 2026-09-01 17:55:09.804 -- System time = 9.094 -- Game time = 2.250 -- Ratio = 0.247x
2026-09-01 17:55:09 [INFO] [/home/vcdc/disk2t/lead/lead/inference/sensor_agent_bridgedrive.py:270] [SensorAgent] Saved 1 infractions to outputs/local_evaluation/bench2drive_111/infractions.json
=== [Agent] -- Wallclock = 2026-09-01 17:55:10.029 -- System time = 9.318 -- Game time = 2.300 -- Ratio = 0.247x
2026-09-01 17:55:10 [INFO] [/home/vcdc/disk2t/lead/lead/inference/sensor_agent_bridgedrive.py:270] [SensorAgent] Saved 1 infractions to outputs/local_evaluation/bench2drive_111/infractions.json
=== [Agent] -- Wallclock = 2026-09-01 17:55:10.178 -- System time = 9.467 -- Game time = 2.350 -- Ratio = 0.248x
2026-09-01 17:55:10 [INFO] [/home/vcdc/disk2t/lead/lead/inference/sensor_agent_bridgedrive.py:270] [SensorAgent] Saved 1 infractions to outputs/local_evaluation/bench2drive_111/infractions.json
=== [Agent] -- Wallclock = 2026-09-01 17:55:10.405 -- System time = 9.694 -- Game time = 2.400 -- Ratio = 0.248x
2026-09-01 17:55:10 [INFO] [/home/vcdc/disk2t/lead/lead/inference/sensor_agent_bridgedrive.py:270] [SensorAgent] Saved 1 infractions to outputs/local_evaluation/bench2drive_111/infractions.json
=== [Agent] -- Wallclock = 2026-09-01 17:55:10.575 -- System time = 9.865 -- Game time = 2.450 -- Ratio = 0.248x
2026-09-01 17:55:10 [INFO] [/home/vcdc/disk2t/lead/lead/inference/sensor_agent_bridgedrive.py:270] [SensorAgent] Saved 1 infractions to outputs/local_evaluation/bench2drive_111/infractions.json
=== [Agent] -- Wallclock = 2026-09-01 17:55:10.794 -- System time = 10.084 -- Game time = 2.500 -- Ratio = 0.248x
2026-09-01 17:55:10 [INFO] [/home/vcdc/disk2t/lead/lead/inference/sensor_agent_bridgedrive.py:270] [SensorAgent] Saved 1 infractions to outputs/local_evaluation/bench2drive_111/infractions.json
=== [Agent] -- Wallclock = 2026-09-01 17:55:10.943 -- System time = 10.232 -- Game time = 2.550 -- Ratio = 0.249x
2026-09-01 17:55:11 [INFO] [/home/vcdc/disk2t/lead/lead/inference/sensor_agent_bridgedrive.py:270] [SensorAgent] Saved 1 infractions to outputs/local_evaluation/bench2drive_111/infractions.json
=== [Agent] -- Wallclock = 2026-09-01 17:55:11.169 -- System time = 10.459 -- Game time = 2.600 -- Ratio = 0.249x
2026-09-01 17:55:11 [INFO] [/home/vcdc/disk2t/lead/lead/inference/sensor_agent_bridgedrive.py:270] [SensorAgent] Saved 1 infractions to outputs/local_evaluation/bench2drive_111/infractions.json
=== [Agent] -- Wallclock = 2026-09-01 17:55:11.318 -- System time = 10.607 -- Game time = 2.650 -- Ratio = 0.250x
2026-09-01 17:55:11 [INFO] [/home/vcdc/disk2t/lead/lead/inference/sensor_agent_bridgedrive.py:270] [SensorAgent] Saved 1 infractions to outputs/local_evaluation/bench2drive_111/infractions.json
=== [Agent] -- Wallclock = 2026-09-01 17:55:11.551 -- System time = 10.840 -- Game time = 2.700 -- Ratio = 0.249x
2026-09-01 17:55:11 [INFO] [/home/vcdc/disk2t/lead/lead/inference/sensor_agent_bridgedrive.py:270] [SensorAgent] Saved 1 infractions to outputs/local_evaluation/bench2drive_111/infractions.json
=== [Agent] -- Wallclock = 2026-09-01 17:55:11.723 -- System time = 11.012 -- Game time = 2.750 -- Ratio = 0.250x
2026-09-01 17:55:11 [INFO] [/home/vcdc/disk2t/lead/lead/inference/sensor_agent_bridgedrive.py:270] [SensorAgent] Saved 1 infractions to outputs/local_evaluation/bench2drive_111/infractions.json
=== [Agent] -- Wallclock = 2026-09-01 17:55:11.950 -- System time = 11.239 -- Game time = 2.800 -- Ratio = 0.249x
2026-09-01 17:55:12 [INFO] [/home/vcdc/disk2t/lead/lead/inference/sensor_agent_bridgedrive.py:270] [SensorAgent] Saved 1 infractions to outputs/local_evaluation/bench2drive_111/infractions.json
=== [Agent] -- Wallclock = 2026-09-01 17:55:12.108 -- System time = 11.398 -- Game time = 2.850 -- Ratio = 0.250x
2026-09-01 17:55:12 [INFO] [/home/vcdc/disk2t/lead/lead/inference/sensor_agent_bridgedrive.py:270] [SensorAgent] Saved 1 infractions to outputs/local_evaluation/bench2drive_111/infractions.json
=== [Agent] -- Wallclock = 2026-09-01 17:55:12.327 -- System time = 11.616 -- Game time = 2.900 -- Ratio = 0.250x
2026-09-01 17:55:12 [INFO] [/home/vcdc/disk2t/lead/lead/inference/sensor_agent_bridgedrive.py:270] [SensorAgent] Saved 1 infractions to outputs/local_evaluation/bench2drive_111/infractions.json
=== [Agent] -- Wallclock = 2026-09-01 17:55:12.493 -- System time = 11.782 -- Game time = 2.950 -- Ratio = 0.250x
2026-09-01 17:55:12 [INFO] [/home/vcdc/disk2t/lead/lead/inference/sensor_agent_bridgedrive.py:270] [SensorAgent] Saved 1 infractions to outputs/local_evaluation/bench2drive_111/infractions.json
=== [Agent] -- Wallclock = 2026-09-01 17:55:12.710 -- System time = 12.000 -- Game time = 3.000 -- Ratio = 0.250x
2026-09-01 17:55:12 [INFO] [/home/vcdc/disk2t/lead/lead/inference/sensor_agent_bridgedrive.py:270] [SensorAgent] Saved 1 infractions to outputs/local_evaluation/bench2drive_111/infractions.json
=== [Agent] -- Wallclock = 2026-09-01 17:55:12.865 -- System time = 12.155 -- Game time = 3.050 -- Ratio = 0.251x
2026-09-01 17:55:13 [INFO] [/home/vcdc/disk2t/lead/lead/inference/sensor_agent_bridgedrive.py:270] [SensorAgent] Saved 1 infractions to outputs/local_evaluation/bench2drive_111/infractions.json
=== [Agent] -- Wallclock = 2026-09-01 17:55:13.099 -- System time = 12.388 -- Game time = 3.100 -- Ratio = 0.250x
2026-09-01 17:55:13 [INFO] [/home/vcdc/disk2t/lead/lead/inference/sensor_agent_bridgedrive.py:270] [SensorAgent] Saved 1 infractions to outputs/local_evaluation/bench2drive_111/infractions.json
=== [Agent] -- Wallclock = 2026-09-01 17:55:13.269 -- System time = 12.558 -- Game time = 3.150 -- Ratio = 0.251x
2026-09-01 17:55:13 [INFO] [/home/vcdc/disk2t/lead/lead/inference/sensor_agent_bridgedrive.py:270] [SensorAgent] Saved 1 infractions to outputs/local_evaluation/bench2drive_111/infractions.json
=== [Agent] -- Wallclock = 2026-09-01 17:55:13.489 -- System time = 12.778 -- Game time = 3.200 -- Ratio = 0.250x
2026-09-01 17:55:13 [INFO] [/home/vcdc/disk2t/lead/lead/inference/sensor_agent_bridgedrive.py:270] [SensorAgent] Saved 1 infractions to outputs/local_evaluation/bench2drive_111/infractions.json
=== [Agent] -- Wallclock = 2026-09-01 17:55:13.639 -- System time = 12.928 -- Game time = 3.250 -- Ratio = 0.251x
2026-09-01 17:55:13 [INFO] [/home/vcdc/disk2t/lead/lead/inference/sensor_agent_bridgedrive.py:270] [SensorAgent] Saved 1 infractions to outputs/local_evaluation/bench2drive_111/infractions.json
=== [Agent] -- Wallclock = 2026-09-01 17:55:13.871 -- System time = 13.160 -- Game time = 3.300 -- Ratio = 0.251x
2026-09-01 17:55:14 [INFO] [/home/vcdc/disk2t/lead/lead/inference/sensor_agent_bridgedrive.py:270] [SensorAgent] Saved 1 infractions to outputs/local_evaluation/bench2drive_111/infractions.json
=== [Agent] -- Wallclock = 2026-09-01 17:55:14.020 -- System time = 13.309 -- Game time = 3.350 -- Ratio = 0.252x
2026-09-01 17:55:14 [INFO] [/home/vcdc/disk2t/lead/lead/inference/sensor_agent_bridgedrive.py:270] [SensorAgent] Saved 1 infractions to outputs/local_evaluation/bench2drive_111/infractions.json
=== [Agent] -- Wallclock = 2026-09-01 17:55:14.245 -- System time = 13.535 -- Game time = 3.400 -- Ratio = 0.251x
2026-09-01 17:55:14 [INFO] [/home/vcdc/disk2t/lead/lead/inference/sensor_agent_bridgedrive.py:270] [SensorAgent] Saved 1 infractions to outputs/local_evaluation/bench2drive_111/infractions.json
=== [Agent] -- Wallclock = 2026-09-01 17:55:14.406 -- System time = 13.695 -- Game time = 3.450 -- Ratio = 0.252x
2026-09-01 17:55:14 [INFO] [/home/vcdc/disk2t/lead/lead/inference/sensor_agent_bridgedrive.py:270] [SensorAgent] Saved 1 infractions to outputs/local_evaluation/bench2drive_111/infractions.json
=== [Agent] -- Wallclock = 2026-09-01 17:55:14.630 -- System time = 13.919 -- Game time = 3.500 -- Ratio = 0.251x
2026-09-01 17:55:14 [INFO] [/home/vcdc/disk2t/lead/lead/inference/sensor_agent_bridgedrive.py:270] [SensorAgent] Saved 1 infractions to outputs/local_evaluation/bench2drive_111/infractions.json
=== [Agent] -- Wallclock = 2026-09-01 17:55:14.780 -- System time = 14.070 -- Game time = 3.550 -- Ratio = 0.252x
2026-09-01 17:55:14 [INFO] [/home/vcdc/disk2t/lead/lead/inference/sensor_agent_bridgedrive.py:270] [SensorAgent] Saved 1 infractions to outputs/local_evaluation/bench2drive_111/infractions.json
=== [Agent] -- Wallclock = 2026-09-01 17:55:14.996 -- System time = 14.285 -- Game time = 3.600 -- Ratio = 0.252x
2026-09-01 17:55:15 [INFO] [/home/vcdc/disk2t/lead/lead/inference/sensor_agent_bridgedrive.py:270] [SensorAgent] Saved 1 infractions to outputs/local_evaluation/bench2drive_111/infractions.json
=== [Agent] -- Wallclock = 2026-09-01 17:55:15.167 -- System time = 14.457 -- Game time = 3.650 -- Ratio = 0.252x
2026-09-01 17:55:15 [INFO] [/home/vcdc/disk2t/lead/lead/inference/sensor_agent_bridgedrive.py:270] [SensorAgent] Saved 1 infractions to outputs/local_evaluation/bench2drive_111/infractions.json
=== [Agent] -- Wallclock = 2026-09-01 17:55:15.407 -- System time = 14.696 -- Game time = 3.700 -- Ratio = 0.252x
2026-09-01 17:55:15 [INFO] [/home/vcdc/disk2t/lead/lead/inference/sensor_agent_bridgedrive.py:245] [SensorAgent] Infraction detected at step 73: MinSpeedTest
2026-09-01 17:55:15 [INFO] [/home/vcdc/disk2t/lead/lead/inference/sensor_agent_bridgedrive.py:270] [SensorAgent] Saved 2 infractions to outputs/local_evaluation/bench2drive_111/infractions.json
=== [Agent] -- Wallclock = 2026-09-01 17:55:15.576 -- System time = 14.865 -- Game time = 3.750 -- Ratio = 0.252x
2026-09-01 17:55:15 [INFO] [/home/vcdc/disk2t/lead/lead/inference/sensor_agent_bridgedrive.py:270] [SensorAgent] Saved 2 infractions to outputs/local_evaluation/bench2drive_111/infractions.json
=== [Agent] -- Wallclock = 2026-09-01 17:55:15.805 -- System time = 15.094 -- Game time = 3.800 -- Ratio = 0.252x
2026-09-01 17:55:15 [INFO] [/home/vcdc/disk2t/lead/lead/inference/sensor_agent_bridgedrive.py:270] [SensorAgent] Saved 2 infractions to outputs/local_evaluation/bench2drive_111/infractions.json
=== [Agent] -- Wallclock = 2026-09-01 17:55:15.968 -- System time = 15.258 -- Game time = 3.850 -- Ratio = 0.252x
2026-09-01 17:55:16 [INFO] [/home/vcdc/disk2t/lead/lead/inference/sensor_agent_bridgedrive.py:270] [SensorAgent] Saved 2 infractions to outputs/local_evaluation/bench2drive_111/infractions.json
=== [Agent] -- Wallclock = 2026-09-01 17:55:16.193 -- System time = 15.483 -- Game time = 3.900 -- Ratio = 0.252x
2026-09-01 17:55:16 [INFO] [/home/vcdc/disk2t/lead/lead/inference/sensor_agent_bridgedrive.py:270] [SensorAgent] Saved 2 infractions to outputs/local_evaluation/bench2drive_111/infractions.json
=== [Agent] -- Wallclock = 2026-09-01 17:55:16.350 -- System time = 15.639 -- Game time = 3.950 -- Ratio = 0.253x
2026-09-01 17:55:16 [INFO] [/home/vcdc/disk2t/lead/lead/inference/sensor_agent_bridgedrive.py:270] [SensorAgent] Saved 2 infractions to outputs/local_evaluation/bench2drive_111/infractions.json
=== [Agent] -- Wallclock = 2026-09-01 17:55:16.577 -- System time = 15.866 -- Game time = 4.000 -- Ratio = 0.252x
2026-09-01 17:55:16 [INFO] [/home/vcdc/disk2t/lead/lead/inference/sensor_agent_bridgedrive.py:270] [SensorAgent] Saved 2 infractions to outputs/local_evaluation/bench2drive_111/infractions.json
=== [Agent] -- Wallclock = 2026-09-01 17:55:16.733 -- System time = 16.022 -- Game time = 4.050 -- Ratio = 0.253x
2026-09-01 17:55:16 [INFO] [/home/vcdc/disk2t/lead/lead/inference/sensor_agent_bridgedrive.py:270] [SensorAgent] Saved 2 infractions to outputs/local_evaluation/bench2drive_111/infractions.json
=== [Agent] -- Wallclock = 2026-09-01 17:55:16.949 -- System time = 16.238 -- Game time = 4.100 -- Ratio = 0.252x
2026-09-01 17:55:17 [INFO] [/home/vcdc/disk2t/lead/lead/inference/sensor_agent_bridgedrive.py:270] [SensorAgent] Saved 2 infractions to outputs/local_evaluation/bench2drive_111/infractions.json
=== [Agent] -- Wallclock = 2026-09-01 17:55:17.098 -- System time = 16.387 -- Game time = 4.150 -- Ratio = 0.253x
2026-09-01 17:55:17 [INFO] [/home/vcdc/disk2t/lead/lead/inference/sensor_agent_bridgedrive.py:270] [SensorAgent] Saved 2 infractions to outputs/local_evaluation/bench2drive_111/infractions.json
=== [Agent] -- Wallclock = 2026-09-01 17:55:17.329 -- System time = 16.618 -- Game time = 4.200 -- Ratio = 0.253x
2026-09-01 17:55:17 [INFO] [/home/vcdc/disk2t/lead/lead/inference/sensor_agent_bridgedrive.py:270] [SensorAgent] Saved 2 infractions to outputs/local_evaluation/bench2drive_111/infractions.json
=== [Agent] -- Wallclock = 2026-09-01 17:55:17.478 -- System time = 16.768 -- Game time = 4.250 -- Ratio = 0.253x
2026-09-01 17:55:17 [INFO] [/home/vcdc/disk2t/lead/lead/inference/sensor_agent_bridgedrive.py:270] [SensorAgent] Saved 2 infractions to outputs/local_evaluation/bench2drive_111/infractions.json
=== [Agent] -- Wallclock = 2026-09-01 17:55:17.705 -- System time = 16.994 -- Game time = 4.300 -- Ratio = 0.253x
2026-09-01 17:55:17 [INFO] [/home/vcdc/disk2t/lead/lead/inference/sensor_agent_bridgedrive.py:270] [SensorAgent] Saved 2 infractions to outputs/local_evaluation/bench2drive_111/infractions.json
=== [Agent] -- Wallclock = 2026-09-01 17:55:17.872 -- System time = 17.161 -- Game time = 4.350 -- Ratio = 0.253x
2026-09-01 17:55:18 [INFO] [/home/vcdc/disk2t/lead/lead/inference/sensor_agent_bridgedrive.py:270] [SensorAgent] Saved 2 infractions to outputs/local_evaluation/bench2drive_111/infractions.json
=== [Agent] -- Wallclock = 2026-09-01 17:55:18.114 -- System time = 17.404 -- Game time = 4.400 -- Ratio = 0.253x
2026-09-01 17:55:18 [INFO] [/home/vcdc/disk2t/lead/lead/inference/sensor_agent_bridgedrive.py:270] [SensorAgent] Saved 2 infractions to outputs/local_evaluation/bench2drive_111/infractions.json
=== [Agent] -- Wallclock = 2026-09-01 17:55:18.291 -- System time = 17.580 -- Game time = 4.450 -- Ratio = 0.253x
2026-09-01 17:55:18 [INFO] [/home/vcdc/disk2t/lead/lead/inference/sensor_agent_bridgedrive.py:270] [SensorAgent] Saved 2 infractions to outputs/local_evaluation/bench2drive_111/infractions.json
=== [Agent] -- Wallclock = 2026-09-01 17:55:18.520 -- System time = 17.810 -- Game time = 4.500 -- Ratio = 0.253x
2026-09-01 17:55:18 [INFO] [/home/vcdc/disk2t/lead/lead/inference/sensor_agent_bridgedrive.py:245] [SensorAgent] Infraction detected at step 89: MinSpeedTest
2026-09-01 17:55:18 [INFO] [/home/vcdc/disk2t/lead/lead/inference/sensor_agent_bridgedrive.py:245] [SensorAgent] Infraction detected at step 89: MinSpeedTest
2026-09-01 17:55:18 [INFO] [/home/vcdc/disk2t/lead/lead/inference/sensor_agent_bridgedrive.py:270] [SensorAgent] Saved 4 infractions to outputs/local_evaluation/bench2drive_111/infractions.json
=== [Agent] -- Wallclock = 2026-09-01 17:55:18.697 -- System time = 17.986 -- Game time = 4.550 -- Ratio = 0.253x
2026-09-01 17:55:18 [INFO] [/home/vcdc/disk2t/lead/lead/inference/sensor_agent_bridgedrive.py:270] [SensorAgent] Saved 4 infractions to outputs/local_evaluation/bench2drive_111/infractions.json
=== [Agent] -- Wallclock = 2026-09-01 17:55:18.933 -- System time = 18.222 -- Game time = 4.600 -- Ratio = 0.252x
2026-09-01 17:55:19 [INFO] [/home/vcdc/disk2t/lead/lead/inference/sensor_agent_bridgedrive.py:270] [SensorAgent] Saved 4 infractions to outputs/local_evaluation/bench2drive_111/infractions.json
=== [Agent] -- Wallclock = 2026-09-01 17:55:19.106 -- System time = 18.395 -- Game time = 4.650 -- Ratio = 0.253x
2026-09-01 17:55:19 [INFO] [/home/vcdc/disk2t/lead/lead/inference/sensor_agent_bridgedrive.py:270] [SensorAgent] Saved 4 infractions to outputs/local_evaluation/bench2drive_111/infractions.json
=== [Agent] -- Wallclock = 2026-09-01 17:55:19.335 -- System time = 18.624 -- Game time = 4.700 -- Ratio = 0.252x
2026-09-01 17:55:19 [INFO] [/home/vcdc/disk2t/lead/lead/inference/sensor_agent_bridgedrive.py:270] [SensorAgent] Saved 4 infractions to outputs/local_evaluation/bench2drive_111/infractions.json
=== [Agent] -- Wallclock = 2026-09-01 17:55:19.531 -- System time = 18.821 -- Game time = 4.750 -- Ratio = 0.252x
2026-09-01 17:55:19 [INFO] [/home/vcdc/disk2t/lead/lead/inference/sensor_agent_bridgedrive.py:270] [SensorAgent] Saved 4 infractions to outputs/local_evaluation/bench2drive_111/infractions.json
=== [Agent] -- Wallclock = 2026-09-01 17:55:19.759 -- System time = 19.048 -- Game time = 4.800 -- Ratio = 0.252x
2026-09-01 17:55:19 [INFO] [/home/vcdc/disk2t/lead/lead/inference/sensor_agent_bridgedrive.py:270] [SensorAgent] Saved 4 infractions to outputs/local_evaluation/bench2drive_111/infractions.json
=== [Agent] -- Wallclock = 2026-09-01 17:55:19.914 -- System time = 19.203 -- Game time = 4.850 -- Ratio = 0.253x
2026-09-01 17:55:20 [INFO] [/home/vcdc/disk2t/lead/lead/inference/sensor_agent_bridgedrive.py:270] [SensorAgent] Saved 4 infractions to outputs/local_evaluation/bench2drive_111/infractions.json
=== [Agent] -- Wallclock = 2026-09-01 17:55:20.153 -- System time = 19.442 -- Game time = 4.900 -- Ratio = 0.252x
2026-09-01 17:55:20 [INFO] [/home/vcdc/disk2t/lead/lead/inference/sensor_agent_bridgedrive.py:270] [SensorAgent] Saved 4 infractions to outputs/local_evaluation/bench2drive_111/infractions.json
=== [Agent] -- Wallclock = 2026-09-01 17:55:20.334 -- System time = 19.623 -- Game time = 4.950 -- Ratio = 0.252x
2026-09-01 17:55:20 [INFO] [/home/vcdc/disk2t/lead/lead/inference/sensor_agent_bridgedrive.py:270] [SensorAgent] Saved 4 infractions to outputs/local_evaluation/bench2drive_111/infractions.json
=== [Agent] -- Wallclock = 2026-09-01 17:55:20.594 -- System time = 19.883 -- Game time = 5.000 -- Ratio = 0.251x
2026-09-01 17:55:20 [INFO] [/home/vcdc/disk2t/lead/lead/inference/sensor_agent_bridgedrive.py:270] [SensorAgent] Saved 4 infractions to outputs/local_evaluation/bench2drive_111/infractions.json
=== [Agent] -- Wallclock = 2026-09-01 17:55:20.742 -- System time = 20.031 -- Game time = 5.050 -- Ratio = 0.252x
2026-09-01 17:55:20 [INFO] [/home/vcdc/disk2t/lead/lead/inference/sensor_agent_bridgedrive.py:270] [SensorAgent] Saved 4 infractions to outputs/local_evaluation/bench2drive_111/infractions.json
=== [Agent] -- Wallclock = 2026-09-01 17:55:20.968 -- System time = 20.257 -- Game time = 5.100 -- Ratio = 0.252x
2026-09-01 17:55:21 [INFO] [/home/vcdc/disk2t/lead/lead/inference/sensor_agent_bridgedrive.py:270] [SensorAgent] Saved 4 infractions to outputs/local_evaluation/bench2drive_111/infractions.json
=== [Agent] -- Wallclock = 2026-09-01 17:55:21.143 -- System time = 20.433 -- Game time = 5.150 -- Ratio = 0.252x
2026-09-01 17:55:21 [INFO] [/home/vcdc/disk2t/lead/lead/inference/sensor_agent_bridgedrive.py:270] [SensorAgent] Saved 4 infractions to outputs/local_evaluation/bench2drive_111/infractions.json
=== [Agent] -- Wallclock = 2026-09-01 17:55:21.373 -- System time = 20.662 -- Game time = 5.200 -- Ratio = 0.252x
2026-09-01 17:55:21 [INFO] [/home/vcdc/disk2t/lead/lead/inference/sensor_agent_bridgedrive.py:270] [SensorAgent] Saved 4 infractions to outputs/local_evaluation/bench2drive_111/infractions.json
=== [Agent] -- Wallclock = 2026-09-01 17:55:21.545 -- System time = 20.834 -- Game time = 5.250 -- Ratio = 0.252x
2026-09-01 17:55:21 [INFO] [/home/vcdc/disk2t/lead/lead/inference/sensor_agent_bridgedrive.py:245] [SensorAgent] Infraction detected at step 104: MinSpeedTest
2026-09-01 17:55:21 [INFO] [/home/vcdc/disk2t/lead/lead/inference/sensor_agent_bridgedrive.py:270] [SensorAgent] Saved 5 infractions to outputs/local_evaluation/bench2drive_111/infractions.json
=== [Agent] -- Wallclock = 2026-09-01 17:55:21.804 -- System time = 21.093 -- Game time = 5.300 -- Ratio = 0.251x
2026-09-01 17:55:21 [INFO] [/home/vcdc/disk2t/lead/lead/inference/sensor_agent_bridgedrive.py:270] [SensorAgent] Saved 5 infractions to outputs/local_evaluation/bench2drive_111/infractions.json
=== [Agent] -- Wallclock = 2026-09-01 17:55:21.978 -- System time = 21.267 -- Game time = 5.350 -- Ratio = 0.252x
2026-09-01 17:55:22 [INFO] [/home/vcdc/disk2t/lead/lead/inference/sensor_agent_bridgedrive.py:270] [SensorAgent] Saved 5 infractions to outputs/local_evaluation/bench2drive_111/infractions.json
=== [Agent] -- Wallclock = 2026-09-01 17:55:22.229 -- System time = 21.519 -- Game time = 5.400 -- Ratio = 0.251x
2026-09-01 17:55:22 [INFO] [/home/vcdc/disk2t/lead/lead/inference/sensor_agent_bridgedrive.py:270] [SensorAgent] Saved 5 infractions to outputs/local_evaluation/bench2drive_111/infractions.json
=== [Agent] -- Wallclock = 2026-09-01 17:55:22.408 -- System time = 21.698 -- Game time = 5.450 -- Ratio = 0.251x
2026-09-01 17:55:22 [INFO] [/home/vcdc/disk2t/lead/lead/inference/sensor_agent_bridgedrive.py:270] [SensorAgent] Saved 5 infractions to outputs/local_evaluation/bench2drive_111/infractions.json
=== [Agent] -- Wallclock = 2026-09-01 17:55:22.625 -- System time = 21.914 -- Game time = 5.500 -- Ratio = 0.251x
2026-09-01 17:55:22 [INFO] [/home/vcdc/disk2t/lead/lead/inference/sensor_agent_bridgedrive.py:270] [SensorAgent] Saved 5 infractions to outputs/local_evaluation/bench2drive_111/infractions.json
=== [Agent] -- Wallclock = 2026-09-01 17:55:22.803 -- System time = 22.093 -- Game time = 5.550 -- Ratio = 0.251x
2026-09-01 17:55:22 [INFO] [/home/vcdc/disk2t/lead/lead/inference/sensor_agent_bridgedrive.py:270] [SensorAgent] Saved 5 infractions to outputs/local_evaluation/bench2drive_111/infractions.json
=== [Agent] -- Wallclock = 2026-09-01 17:55:23.047 -- System time = 22.336 -- Game time = 5.600 -- Ratio = 0.251x
2026-09-01 17:55:23 [INFO] [/home/vcdc/disk2t/lead/lead/inference/sensor_agent_bridgedrive.py:270] [SensorAgent] Saved 5 infractions to outputs/local_evaluation/bench2drive_111/infractions.json
=== [Agent] -- Wallclock = 2026-09-01 17:55:23.216 -- System time = 22.505 -- Game time = 5.650 -- Ratio = 0.251x
2026-09-01 17:55:23 [INFO] [/home/vcdc/disk2t/lead/lead/inference/sensor_agent_bridgedrive.py:270] [SensorAgent] Saved 5 infractions to outputs/local_evaluation/bench2drive_111/infractions.json
=== [Agent] -- Wallclock = 2026-09-01 17:55:23.447 -- System time = 22.736 -- Game time = 5.700 -- Ratio = 0.251x
2026-09-01 17:55:23 [INFO] [/home/vcdc/disk2t/lead/lead/inference/sensor_agent_bridgedrive.py:270] [SensorAgent] Saved 5 infractions to outputs/local_evaluation/bench2drive_111/infractions.json
=== [Agent] -- Wallclock = 2026-09-01 17:55:23.602 -- System time = 22.891 -- Game time = 5.750 -- Ratio = 0.251x
2026-09-01 17:55:23 [INFO] [/home/vcdc/disk2t/lead/lead/inference/sensor_agent_bridgedrive.py:270] [SensorAgent] Saved 5 infractions to outputs/local_evaluation/bench2drive_111/infractions.json
=== [Agent] -- Wallclock = 2026-09-01 17:55:23.834 -- System time = 23.123 -- Game time = 5.800 -- Ratio = 0.251x
2026-09-01 17:55:23 [INFO] [/home/vcdc/disk2t/lead/lead/inference/sensor_agent_bridgedrive.py:270] [SensorAgent] Saved 5 infractions to outputs/local_evaluation/bench2drive_111/infractions.json
=== [Agent] -- Wallclock = 2026-09-01 17:55:23.999 -- System time = 23.288 -- Game time = 5.850 -- Ratio = 0.251x
2026-09-01 17:55:24 [INFO] [/home/vcdc/disk2t/lead/lead/inference/sensor_agent_bridgedrive.py:270] [SensorAgent] Saved 5 infractions to outputs/local_evaluation/bench2drive_111/infractions.json
=== [Agent] -- Wallclock = 2026-09-01 17:55:24.232 -- System time = 23.521 -- Game time = 5.900 -- Ratio = 0.251x
2026-09-01 17:55:24 [INFO] [/home/vcdc/disk2t/lead/lead/inference/sensor_agent_bridgedrive.py:270] [SensorAgent] Saved 5 infractions to outputs/local_evaluation/bench2drive_111/infractions.json
=== [Agent] -- Wallclock = 2026-09-01 17:55:24.398 -- System time = 23.687 -- Game time = 5.950 -- Ratio = 0.251x
2026-09-01 17:55:24 [INFO] [/home/vcdc/disk2t/lead/lead/inference/sensor_agent_bridgedrive.py:270] [SensorAgent] Saved 5 infractions to outputs/local_evaluation/bench2drive_111/infractions.json
=== [Agent] -- Wallclock = 2026-09-01 17:55:24.662 -- System time = 23.951 -- Game time = 6.000 -- Ratio = 0.251x
2026-09-01 17:55:24 [INFO] [/home/vcdc/disk2t/lead/lead/inference/sensor_agent_bridgedrive.py:270] [SensorAgent] Saved 5 infractions to outputs/local_evaluation/bench2drive_111/infractions.json
=== [Agent] -- Wallclock = 2026-09-01 17:55:24.821 -- System time = 24.110 -- Game time = 6.050 -- Ratio = 0.251x
2026-09-01 17:55:24 [INFO] [/home/vcdc/disk2t/lead/lead/inference/sensor_agent_bridgedrive.py:270] [SensorAgent] Saved 5 infractions to outputs/local_evaluation/bench2drive_111/infractions.json
=== [Agent] -- Wallclock = 2026-09-01 17:55:25.042 -- System time = 24.331 -- Game time = 6.100 -- Ratio = 0.251x
2026-09-01 17:55:25 [INFO] [/home/vcdc/disk2t/lead/lead/inference/sensor_agent_bridgedrive.py:245] [SensorAgent] Infraction detected at step 121: MinSpeedTest
2026-09-01 17:55:25 [INFO] [/home/vcdc/disk2t/lead/lead/inference/sensor_agent_bridgedrive.py:270] [SensorAgent] Saved 6 infractions to outputs/local_evaluation/bench2drive_111/infractions.json
=== [Agent] -- Wallclock = 2026-09-01 17:55:25.196 -- System time = 24.485 -- Game time = 6.150 -- Ratio = 0.251x
2026-09-01 17:55:25 [INFO] [/home/vcdc/disk2t/lead/lead/inference/sensor_agent_bridgedrive.py:270] [SensorAgent] Saved 6 infractions to outputs/local_evaluation/bench2drive_111/infractions.json
=== [Agent] -- Wallclock = 2026-09-01 17:55:25.429 -- System time = 24.719 -- Game time = 6.200 -- Ratio = 0.251x
2026-09-01 17:55:25 [INFO] [/home/vcdc/disk2t/lead/lead/inference/sensor_agent_bridgedrive.py:270] [SensorAgent] Saved 6 infractions to outputs/local_evaluation/bench2drive_111/infractions.json
=== [Agent] -- Wallclock = 2026-09-01 17:55:25.603 -- System time = 24.893 -- Game time = 6.250 -- Ratio = 0.251x
2026-09-01 17:55:25 [INFO] [/home/vcdc/disk2t/lead/lead/inference/sensor_agent_bridgedrive.py:270] [SensorAgent] Saved 6 infractions to outputs/local_evaluation/bench2drive_111/infractions.json
=== [Agent] -- Wallclock = 2026-09-01 17:55:25.830 -- System time = 25.120 -- Game time = 6.300 -- Ratio = 0.251x
2026-09-01 17:55:25 [INFO] [/home/vcdc/disk2t/lead/lead/inference/sensor_agent_bridgedrive.py:270] [SensorAgent] Saved 6 infractions to outputs/local_evaluation/bench2drive_111/infractions.json
=== [Agent] -- Wallclock = 2026-09-01 17:55:25.998 -- System time = 25.287 -- Game time = 6.350 -- Ratio = 0.251x
2026-09-01 17:55:26 [INFO] [/home/vcdc/disk2t/lead/lead/inference/sensor_agent_bridgedrive.py:270] [SensorAgent] Saved 6 infractions to outputs/local_evaluation/bench2drive_111/infractions.json
=== [Agent] -- Wallclock = 2026-09-01 17:55:26.227 -- System time = 25.516 -- Game time = 6.400 -- Ratio = 0.251x
2026-09-01 17:55:26 [INFO] [/home/vcdc/disk2t/lead/lead/inference/sensor_agent_bridgedrive.py:270] [SensorAgent] Saved 6 infractions to outputs/local_evaluation/bench2drive_111/infractions.json
=== [Agent] -- Wallclock = 2026-09-01 17:55:26.382 -- System time = 25.672 -- Game time = 6.450 -- Ratio = 0.251x
2026-09-01 17:55:26 [INFO] [/home/vcdc/disk2t/lead/lead/inference/sensor_agent_bridgedrive.py:270] [SensorAgent] Saved 6 infractions to outputs/local_evaluation/bench2drive_111/infractions.json
=== [Agent] -- Wallclock = 2026-09-01 17:55:26.621 -- System time = 25.910 -- Game time = 6.500 -- Ratio = 0.251x
2026-09-01 17:55:26 [INFO] [/home/vcdc/disk2t/lead/lead/inference/sensor_agent_bridgedrive.py:270] [SensorAgent] Saved 6 infractions to outputs/local_evaluation/bench2drive_111/infractions.json
=== [Agent] -- Wallclock = 2026-09-01 17:55:26.774 -- System time = 26.063 -- Game time = 6.550 -- Ratio = 0.251x
2026-09-01 17:55:26 [INFO] [/home/vcdc/disk2t/lead/lead/inference/sensor_agent_bridgedrive.py:270] [SensorAgent] Saved 6 infractions to outputs/local_evaluation/bench2drive_111/infractions.json
=== [Agent] -- Wallclock = 2026-09-01 17:55:27.000 -- System time = 26.289 -- Game time = 6.600 -- Ratio = 0.251x
2026-09-01 17:55:27 [INFO] [/home/vcdc/disk2t/lead/lead/inference/sensor_agent_bridgedrive.py:270] [SensorAgent] Saved 6 infractions to outputs/local_evaluation/bench2drive_111/infractions.json
=== [Agent] -- Wallclock = 2026-09-01 17:55:27.156 -- System time = 26.446 -- Game time = 6.650 -- Ratio = 0.251x
2026-09-01 17:55:27 [INFO] [/home/vcdc/disk2t/lead/lead/inference/sensor_agent_bridgedrive.py:270] [SensorAgent] Saved 6 infractions to outputs/local_evaluation/bench2drive_111/infractions.json
=== [Agent] -- Wallclock = 2026-09-01 17:55:27.411 -- System time = 26.701 -- Game time = 6.700 -- Ratio = 0.251x
2026-09-01 17:55:27 [INFO] [/home/vcdc/disk2t/lead/lead/inference/sensor_agent_bridgedrive.py:270] [SensorAgent] Saved 6 infractions to outputs/local_evaluation/bench2drive_111/infractions.json
=== [Agent] -- Wallclock = 2026-09-01 17:55:27.588 -- System time = 26.878 -- Game time = 6.750 -- Ratio = 0.251x
2026-09-01 17:55:27 [INFO] [/home/vcdc/disk2t/lead/lead/inference/sensor_agent_bridgedrive.py:270] [SensorAgent] Saved 6 infractions to outputs/local_evaluation/bench2drive_111/infractions.json
=== [Agent] -- Wallclock = 2026-09-01 17:55:27.820 -- System time = 27.109 -- Game time = 6.800 -- Ratio = 0.251x
2026-09-01 17:55:27 [INFO] [/home/vcdc/disk2t/lead/lead/inference/sensor_agent_bridgedrive.py:270] [SensorAgent] Saved 6 infractions to outputs/local_evaluation/bench2drive_111/infractions.json
=== [Agent] -- Wallclock = 2026-09-01 17:55:28.000 -- System time = 27.290 -- Game time = 6.850 -- Ratio = 0.251x
2026-09-01 17:55:28 [INFO] [/home/vcdc/disk2t/lead/lead/inference/sensor_agent_bridgedrive.py:270] [SensorAgent] Saved 6 infractions to outputs/local_evaluation/bench2drive_111/infractions.json
=== [Agent] -- Wallclock = 2026-09-01 17:55:28.239 -- System time = 27.528 -- Game time = 6.900 -- Ratio = 0.251x
2026-09-01 17:55:28 [INFO] [/home/vcdc/disk2t/lead/lead/inference/sensor_agent_bridgedrive.py:270] [SensorAgent] Saved 6 infractions to outputs/local_evaluation/bench2drive_111/infractions.json
=== [Agent] -- Wallclock = 2026-09-01 17:55:28.400 -- System time = 27.689 -- Game time = 6.950 -- Ratio = 0.251x
2026-09-01 17:55:28 [INFO] [/home/vcdc/disk2t/lead/lead/inference/sensor_agent_bridgedrive.py:270] [SensorAgent] Saved 6 infractions to outputs/local_evaluation/bench2drive_111/infractions.json
=== [Agent] -- Wallclock = 2026-09-01 17:55:28.629 -- System time = 27.918 -- Game time = 7.000 -- Ratio = 0.251x
2026-09-01 17:55:28 [INFO] [/home/vcdc/disk2t/lead/lead/inference/sensor_agent_bridgedrive.py:270] [SensorAgent] Saved 6 infractions to outputs/local_evaluation/bench2drive_111/infractions.json
=== [Agent] -- Wallclock = 2026-09-01 17:55:28.784 -- System time = 28.073 -- Game time = 7.050 -- Ratio = 0.251x
2026-09-01 17:55:28 [INFO] [/home/vcdc/disk2t/lead/lead/inference/sensor_agent_bridgedrive.py:270] [SensorAgent] Saved 6 infractions to outputs/local_evaluation/bench2drive_111/infractions.json
=== [Agent] -- Wallclock = 2026-09-01 17:55:29.028 -- System time = 28.317 -- Game time = 7.100 -- Ratio = 0.251x
2026-09-01 17:55:29 [INFO] [/home/vcdc/disk2t/lead/lead/inference/sensor_agent_bridgedrive.py:270] [SensorAgent] Saved 6 infractions to outputs/local_evaluation/bench2drive_111/infractions.json
=== [Agent] -- Wallclock = 2026-09-01 17:55:29.191 -- System time = 28.480 -- Game time = 7.150 -- Ratio = 0.251x
2026-09-01 17:55:29 [INFO] [/home/vcdc/disk2t/lead/lead/inference/sensor_agent_bridgedrive.py:270] [SensorAgent] Saved 6 infractions to outputs/local_evaluation/bench2drive_111/infractions.json
=== [Agent] -- Wallclock = 2026-09-01 17:55:29.433 -- System time = 28.722 -- Game time = 7.200 -- Ratio = 0.251x
2026-09-01 17:55:29 [INFO] [/home/vcdc/disk2t/lead/lead/inference/sensor_agent_bridgedrive.py:270] [SensorAgent] Saved 6 infractions to outputs/local_evaluation/bench2drive_111/infractions.json
=== [Agent] -- Wallclock = 2026-09-01 17:55:29.615 -- System time = 28.904 -- Game time = 7.250 -- Ratio = 0.251x
2026-09-01 17:55:29 [INFO] [/home/vcdc/disk2t/lead/lead/inference/sensor_agent_bridgedrive.py:270] [SensorAgent] Saved 6 infractions to outputs/local_evaluation/bench2drive_111/infractions.json
=== [Agent] -- Wallclock = 2026-09-01 17:55:29.846 -- System time = 29.135 -- Game time = 7.300 -- Ratio = 0.251x
2026-09-01 17:55:29 [INFO] [/home/vcdc/disk2t/lead/lead/inference/sensor_agent_bridgedrive.py:270] [SensorAgent] Saved 6 infractions to outputs/local_evaluation/bench2drive_111/infractions.json
=== [Agent] -- Wallclock = 2026-09-01 17:55:30.002 -- System time = 29.291 -- Game time = 7.350 -- Ratio = 0.251x
2026-09-01 17:55:30 [INFO] [/home/vcdc/disk2t/lead/lead/inference/sensor_agent_bridgedrive.py:270] [SensorAgent] Saved 6 infractions to outputs/local_evaluation/bench2drive_111/infractions.json
=== [Agent] -- Wallclock = 2026-09-01 17:55:30.231 -- System time = 29.520 -- Game time = 7.400 -- Ratio = 0.251x
2026-09-01 17:55:30 [INFO] [/home/vcdc/disk2t/lead/lead/inference/sensor_agent_bridgedrive.py:270] [SensorAgent] Saved 6 infractions to outputs/local_evaluation/bench2drive_111/infractions.json
=== [Agent] -- Wallclock = 2026-09-01 17:55:30.395 -- System time = 29.684 -- Game time = 7.450 -- Ratio = 0.251x
2026-09-01 17:55:30 [INFO] [/home/vcdc/disk2t/lead/lead/inference/sensor_agent_bridgedrive.py:270] [SensorAgent] Saved 6 infractions to outputs/local_evaluation/bench2drive_111/infractions.json
=== [Agent] -- Wallclock = 2026-09-01 17:55:30.618 -- System time = 29.907 -- Game time = 7.500 -- Ratio = 0.251x
2026-09-01 17:55:30 [INFO] [/home/vcdc/disk2t/lead/lead/inference/sensor_agent_bridgedrive.py:270] [SensorAgent] Saved 6 infractions to outputs/local_evaluation/bench2drive_111/infractions.json
=== [Agent] -- Wallclock = 2026-09-01 17:55:30.788 -- System time = 30.077 -- Game time = 7.550 -- Ratio = 0.251x
2026-09-01 17:55:30 [INFO] [/home/vcdc/disk2t/lead/lead/inference/sensor_agent_bridgedrive.py:270] [SensorAgent] Saved 6 infractions to outputs/local_evaluation/bench2drive_111/infractions.json
=== [Agent] -- Wallclock = 2026-09-01 17:55:31.028 -- System time = 30.317 -- Game time = 7.600 -- Ratio = 0.251x
2026-09-01 17:55:31 [INFO] [/home/vcdc/disk2t/lead/lead/inference/sensor_agent_bridgedrive.py:270] [SensorAgent] Saved 6 infractions to outputs/local_evaluation/bench2drive_111/infractions.json
=== [Agent] -- Wallclock = 2026-09-01 17:55:31.188 -- System time = 30.478 -- Game time = 7.650 -- Ratio = 0.251x
2026-09-01 17:55:31 [INFO] [/home/vcdc/disk2t/lead/lead/inference/sensor_agent_bridgedrive.py:270] [SensorAgent] Saved 6 infractions to outputs/local_evaluation/bench2drive_111/infractions.json
=== [Agent] -- Wallclock = 2026-09-01 17:55:31.410 -- System time = 30.699 -- Game time = 7.700 -- Ratio = 0.251x
2026-09-01 17:55:31 [INFO] [/home/vcdc/disk2t/lead/lead/inference/sensor_agent_bridgedrive.py:270] [SensorAgent] Saved 6 infractions to outputs/local_evaluation/bench2drive_111/infractions.json
=== [Agent] -- Wallclock = 2026-09-01 17:55:31.568 -- System time = 30.857 -- Game time = 7.750 -- Ratio = 0.251x
2026-09-01 17:55:31 [INFO] [/home/vcdc/disk2t/lead/lead/inference/sensor_agent_bridgedrive.py:245] [SensorAgent] Infraction detected at step 154: MinSpeedTest
2026-09-01 17:55:31 [INFO] [/home/vcdc/disk2t/lead/lead/inference/sensor_agent_bridgedrive.py:270] [SensorAgent] Saved 7 infractions to outputs/local_evaluation/bench2drive_111/infractions.json
=== [Agent] -- Wallclock = 2026-09-01 17:55:31.795 -- System time = 31.085 -- Game time = 7.800 -- Ratio = 0.251x
2026-09-01 17:55:31 [INFO] [/home/vcdc/disk2t/lead/lead/inference/sensor_agent_bridgedrive.py:270] [SensorAgent] Saved 7 infractions to outputs/local_evaluation/bench2drive_111/infractions.json
=== [Agent] -- Wallclock = 2026-09-01 17:55:31.952 -- System time = 31.241 -- Game time = 7.850 -- Ratio = 0.251x
2026-09-01 17:55:32 [INFO] [/home/vcdc/disk2t/lead/lead/inference/sensor_agent_bridgedrive.py:270] [SensorAgent] Saved 7 infractions to outputs/local_evaluation/bench2drive_111/infractions.json
=== [Agent] -- Wallclock = 2026-09-01 17:55:32.193 -- System time = 31.482 -- Game time = 7.900 -- Ratio = 0.251x
2026-09-01 17:55:32 [INFO] [/home/vcdc/disk2t/lead/lead/inference/sensor_agent_bridgedrive.py:270] [SensorAgent] Saved 7 infractions to outputs/local_evaluation/bench2drive_111/infractions.json
=== [Agent] -- Wallclock = 2026-09-01 17:55:32.347 -- System time = 31.636 -- Game time = 7.950 -- Ratio = 0.251x
2026-09-01 17:55:32 [INFO] [/home/vcdc/disk2t/lead/lead/inference/sensor_agent_bridgedrive.py:270] [SensorAgent] Saved 7 infractions to outputs/local_evaluation/bench2drive_111/infractions.json
=== [Agent] -- Wallclock = 2026-09-01 17:55:32.587 -- System time = 31.876 -- Game time = 8.000 -- Ratio = 0.251x
2026-09-01 17:55:32 [INFO] [/home/vcdc/disk2t/lead/lead/inference/sensor_agent_bridgedrive.py:270] [SensorAgent] Saved 7 infractions to outputs/local_evaluation/bench2drive_111/infractions.json
=== [Agent] -- Wallclock = 2026-09-01 17:55:32.739 -- System time = 32.028 -- Game time = 8.050 -- Ratio = 0.251x
2026-09-01 17:55:32 [INFO] [/home/vcdc/disk2t/lead/lead/inference/sensor_agent_bridgedrive.py:270] [SensorAgent] Saved 7 infractions to outputs/local_evaluation/bench2drive_111/infractions.json
=== [Agent] -- Wallclock = 2026-09-01 17:55:32.966 -- System time = 32.255 -- Game time = 8.100 -- Ratio = 0.251x
2026-09-01 17:55:33 [INFO] [/home/vcdc/disk2t/lead/lead/inference/sensor_agent_bridgedrive.py:270] [SensorAgent] Saved 7 infractions to outputs/local_evaluation/bench2drive_111/infractions.json
=== [Agent] -- Wallclock = 2026-09-01 17:55:33.157 -- System time = 32.446 -- Game time = 8.150 -- Ratio = 0.251x
2026-09-01 17:55:33 [INFO] [/home/vcdc/disk2t/lead/lead/inference/sensor_agent_bridgedrive.py:270] [SensorAgent] Saved 7 infractions to outputs/local_evaluation/bench2drive_111/infractions.json
=== [Agent] -- Wallclock = 2026-09-01 17:55:33.399 -- System time = 32.688 -- Game time = 8.200 -- Ratio = 0.251x
2026-09-01 17:55:33 [INFO] [/home/vcdc/disk2t/lead/lead/inference/sensor_agent_bridgedrive.py:270] [SensorAgent] Saved 7 infractions to outputs/local_evaluation/bench2drive_111/infractions.json
=== [Agent] -- Wallclock = 2026-09-01 17:55:33.572 -- System time = 32.862 -- Game time = 8.250 -- Ratio = 0.251x
2026-09-01 17:55:33 [INFO] [/home/vcdc/disk2t/lead/lead/inference/sensor_agent_bridgedrive.py:270] [SensorAgent] Saved 7 infractions to outputs/local_evaluation/bench2drive_111/infractions.json
=== [Agent] -- Wallclock = 2026-09-01 17:55:33.834 -- System time = 33.124 -- Game time = 8.300 -- Ratio = 0.251x
2026-09-01 17:55:33 [INFO] [/home/vcdc/disk2t/lead/lead/inference/sensor_agent_bridgedrive.py:270] [SensorAgent] Saved 7 infractions to outputs/local_evaluation/bench2drive_111/infractions.json
=== [Agent] -- Wallclock = 2026-09-01 17:55:33.996 -- System time = 33.285 -- Game time = 8.350 -- Ratio = 0.251x
2026-09-01 17:55:34 [INFO] [/home/vcdc/disk2t/lead/lead/inference/sensor_agent_bridgedrive.py:270] [SensorAgent] Saved 7 infractions to outputs/local_evaluation/bench2drive_111/infractions.json
=== [Agent] -- Wallclock = 2026-09-01 17:55:34.226 -- System time = 33.515 -- Game time = 8.400 -- Ratio = 0.251x
2026-09-01 17:55:34 [INFO] [/home/vcdc/disk2t/lead/lead/inference/sensor_agent_bridgedrive.py:270] [SensorAgent] Saved 7 infractions to outputs/local_evaluation/bench2drive_111/infractions.json
=== [Agent] -- Wallclock = 2026-09-01 17:55:34.380 -- System time = 33.669 -- Game time = 8.450 -- Ratio = 0.251x
2026-09-01 17:55:34 [INFO] [/home/vcdc/disk2t/lead/lead/inference/sensor_agent_bridgedrive.py:270] [SensorAgent] Saved 7 infractions to outputs/local_evaluation/bench2drive_111/infractions.json
=== [Agent] -- Wallclock = 2026-09-01 17:55:34.631 -- System time = 33.920 -- Game time = 8.500 -- Ratio = 0.251x
2026-09-01 17:55:34 [INFO] [/home/vcdc/disk2t/lead/lead/inference/sensor_agent_bridgedrive.py:270] [SensorAgent] Saved 7 infractions to outputs/local_evaluation/bench2drive_111/infractions.json
=== [Agent] -- Wallclock = 2026-09-01 17:55:34.793 -- System time = 34.082 -- Game time = 8.550 -- Ratio = 0.251x
2026-09-01 17:55:34 [INFO] [/home/vcdc/disk2t/lead/lead/inference/sensor_agent_bridgedrive.py:270] [SensorAgent] Saved 7 infractions to outputs/local_evaluation/bench2drive_111/infractions.json
=== [Agent] -- Wallclock = 2026-09-01 17:55:35.021 -- System time = 34.310 -- Game time = 8.600 -- Ratio = 0.251x
2026-09-01 17:55:35 [INFO] [/home/vcdc/disk2t/lead/lead/inference/sensor_agent_bridgedrive.py:270] [SensorAgent] Saved 7 infractions to outputs/local_evaluation/bench2drive_111/infractions.json
=== [Agent] -- Wallclock = 2026-09-01 17:55:35.180 -- System time = 34.470 -- Game time = 8.650 -- Ratio = 0.251x
2026-09-01 17:55:35 [INFO] [/home/vcdc/disk2t/lead/lead/inference/sensor_agent_bridgedrive.py:270] [SensorAgent] Saved 7 infractions to outputs/local_evaluation/bench2drive_111/infractions.json
=== [Agent] -- Wallclock = 2026-09-01 17:55:35.399 -- System time = 34.688 -- Game time = 8.700 -- Ratio = 0.251x
2026-09-01 17:55:35 [INFO] [/home/vcdc/disk2t/lead/lead/inference/sensor_agent_bridgedrive.py:270] [SensorAgent] Saved 7 infractions to outputs/local_evaluation/bench2drive_111/infractions.json
=== [Agent] -- Wallclock = 2026-09-01 17:55:35.573 -- System time = 34.862 -- Game time = 8.750 -- Ratio = 0.251x
2026-09-01 17:55:35 [INFO] [/home/vcdc/disk2t/lead/lead/inference/sensor_agent_bridgedrive.py:270] [SensorAgent] Saved 7 infractions to outputs/local_evaluation/bench2drive_111/infractions.json
=== [Agent] -- Wallclock = 2026-09-01 17:55:35.805 -- System time = 35.094 -- Game time = 8.800 -- Ratio = 0.251x
2026-09-01 17:55:35 [INFO] [/home/vcdc/disk2t/lead/lead/inference/sensor_agent_bridgedrive.py:270] [SensorAgent] Saved 7 infractions to outputs/local_evaluation/bench2drive_111/infractions.json
=== [Agent] -- Wallclock = 2026-09-01 17:55:35.957 -- System time = 35.247 -- Game time = 8.850 -- Ratio = 0.251x
2026-09-01 17:55:36 [INFO] [/home/vcdc/disk2t/lead/lead/inference/sensor_agent_bridgedrive.py:270] [SensorAgent] Saved 7 infractions to outputs/local_evaluation/bench2drive_111/infractions.json
=== [Agent] -- Wallclock = 2026-09-01 17:55:36.173 -- System time = 35.463 -- Game time = 8.900 -- Ratio = 0.251x
2026-09-01 17:55:36 [INFO] [/home/vcdc/disk2t/lead/lead/inference/sensor_agent_bridgedrive.py:270] [SensorAgent] Saved 7 infractions to outputs/local_evaluation/bench2drive_111/infractions.json
=== [Agent] -- Wallclock = 2026-09-01 17:55:36.333 -- System time = 35.622 -- Game time = 8.950 -- Ratio = 0.251x
2026-09-01 17:55:36 [INFO] [/home/vcdc/disk2t/lead/lead/inference/sensor_agent_bridgedrive.py:270] [SensorAgent] Saved 7 infractions to outputs/local_evaluation/bench2drive_111/infractions.json
=== [Agent] -- Wallclock = 2026-09-01 17:55:36.568 -- System time = 35.858 -- Game time = 9.000 -- Ratio = 0.251x
2026-09-01 17:55:36 [INFO] [/home/vcdc/disk2t/lead/lead/inference/sensor_agent_bridgedrive.py:270] [SensorAgent] Saved 7 infractions to outputs/local_evaluation/bench2drive_111/infractions.json
=== [Agent] -- Wallclock = 2026-09-01 17:55:36.745 -- System time = 36.034 -- Game time = 9.050 -- Ratio = 0.251x
2026-09-01 17:55:36 [INFO] [/home/vcdc/disk2t/lead/lead/inference/sensor_agent_bridgedrive.py:270] [SensorAgent] Saved 7 infractions to outputs/local_evaluation/bench2drive_111/infractions.json
=== [Agent] -- Wallclock = 2026-09-01 17:55:36.979 -- System time = 36.268 -- Game time = 9.100 -- Ratio = 0.251x
2026-09-01 17:55:37 [INFO] [/home/vcdc/disk2t/lead/lead/inference/sensor_agent_bridgedrive.py:270] [SensorAgent] Saved 7 infractions to outputs/local_evaluation/bench2drive_111/infractions.json
=== [Agent] -- Wallclock = 2026-09-01 17:55:37.137 -- System time = 36.427 -- Game time = 9.150 -- Ratio = 0.251x
2026-09-01 17:55:37 [INFO] [/home/vcdc/disk2t/lead/lead/inference/sensor_agent_bridgedrive.py:270] [SensorAgent] Saved 7 infractions to outputs/local_evaluation/bench2drive_111/infractions.json
=== [Agent] -- Wallclock = 2026-09-01 17:55:37.398 -- System time = 36.687 -- Game time = 9.200 -- Ratio = 0.251x
2026-09-01 17:55:37 [INFO] [/home/vcdc/disk2t/lead/lead/inference/sensor_agent_bridgedrive.py:270] [SensorAgent] Saved 7 infractions to outputs/local_evaluation/bench2drive_111/infractions.json
=== [Agent] -- Wallclock = 2026-09-01 17:55:37.564 -- System time = 36.854 -- Game time = 9.250 -- Ratio = 0.251x
2026-09-01 17:55:37 [INFO] [/home/vcdc/disk2t/lead/lead/inference/sensor_agent_bridgedrive.py:270] [SensorAgent] Saved 7 infractions to outputs/local_evaluation/bench2drive_111/infractions.json
=== [Agent] -- Wallclock = 2026-09-01 17:55:37.792 -- System time = 37.081 -- Game time = 9.300 -- Ratio = 0.251x
2026-09-01 17:55:37 [INFO] [/home/vcdc/disk2t/lead/lead/inference/sensor_agent_bridgedrive.py:270] [SensorAgent] Saved 7 infractions to outputs/local_evaluation/bench2drive_111/infractions.json
=== [Agent] -- Wallclock = 2026-09-01 17:55:37.957 -- System time = 37.246 -- Game time = 9.350 -- Ratio = 0.251x
2026-09-01 17:55:38 [INFO] [/home/vcdc/disk2t/lead/lead/inference/sensor_agent_bridgedrive.py:270] [SensorAgent] Saved 7 infractions to outputs/local_evaluation/bench2drive_111/infractions.json
=== [Agent] -- Wallclock = 2026-09-01 17:55:38.203 -- System time = 37.493 -- Game time = 9.400 -- Ratio = 0.251x
2026-09-01 17:55:38 [INFO] [/home/vcdc/disk2t/lead/lead/inference/sensor_agent_bridgedrive.py:270] [SensorAgent] Saved 7 infractions to outputs/local_evaluation/bench2drive_111/infractions.json
=== [Agent] -- Wallclock = 2026-09-01 17:55:38.383 -- System time = 37.673 -- Game time = 9.450 -- Ratio = 0.251x
2026-09-01 17:55:38 [INFO] [/home/vcdc/disk2t/lead/lead/inference/sensor_agent_bridgedrive.py:270] [SensorAgent] Saved 7 infractions to outputs/local_evaluation/bench2drive_111/infractions.json
=== [Agent] -- Wallclock = 2026-09-01 17:55:38.625 -- System time = 37.914 -- Game time = 9.500 -- Ratio = 0.251x
2026-09-01 17:55:38 [INFO] [/home/vcdc/disk2t/lead/lead/inference/sensor_agent_bridgedrive.py:270] [SensorAgent] Saved 7 infractions to outputs/local_evaluation/bench2drive_111/infractions.json
=== [Agent] -- Wallclock = 2026-09-01 17:55:38.787 -- System time = 38.077 -- Game time = 9.550 -- Ratio = 0.251x
2026-09-01 17:55:38 [INFO] [/home/vcdc/disk2t/lead/lead/inference/sensor_agent_bridgedrive.py:270] [SensorAgent] Saved 7 infractions to outputs/local_evaluation/bench2drive_111/infractions.json
=== [Agent] -- Wallclock = 2026-09-01 17:55:39.030 -- System time = 38.319 -- Game time = 9.600 -- Ratio = 0.251x
2026-09-01 17:55:39 [INFO] [/home/vcdc/disk2t/lead/lead/inference/sensor_agent_bridgedrive.py:270] [SensorAgent] Saved 7 infractions to outputs/local_evaluation/bench2drive_111/infractions.json
=== [Agent] -- Wallclock = 2026-09-01 17:55:39.197 -- System time = 38.487 -- Game time = 9.650 -- Ratio = 0.251x
2026-09-01 17:55:39 [INFO] [/home/vcdc/disk2t/lead/lead/inference/sensor_agent_bridgedrive.py:270] [SensorAgent] Saved 7 infractions to outputs/local_evaluation/bench2drive_111/infractions.json
=== [Agent] -- Wallclock = 2026-09-01 17:55:39.439 -- System time = 38.728 -- Game time = 9.700 -- Ratio = 0.250x
2026-09-01 17:55:39 [INFO] [/home/vcdc/disk2t/lead/lead/inference/sensor_agent_bridgedrive.py:270] [SensorAgent] Saved 7 infractions to outputs/local_evaluation/bench2drive_111/infractions.json
=== [Agent] -- Wallclock = 2026-09-01 17:55:39.602 -- System time = 38.892 -- Game time = 9.750 -- Ratio = 0.251x
2026-09-01 17:55:39 [INFO] [/home/vcdc/disk2t/lead/lead/inference/sensor_agent_bridgedrive.py:270] [SensorAgent] Saved 7 infractions to outputs/local_evaluation/bench2drive_111/infractions.json
=== [Agent] -- Wallclock = 2026-09-01 17:55:39.826 -- System time = 39.115 -- Game time = 9.800 -- Ratio = 0.251x
2026-09-01 17:55:39 [INFO] [/home/vcdc/disk2t/lead/lead/inference/sensor_agent_bridgedrive.py:270] [SensorAgent] Saved 7 infractions to outputs/local_evaluation/bench2drive_111/infractions.json
=== [Agent] -- Wallclock = 2026-09-01 17:55:39.982 -- System time = 39.271 -- Game time = 9.850 -- Ratio = 0.251x
2026-09-01 17:55:40 [INFO] [/home/vcdc/disk2t/lead/lead/inference/sensor_agent_bridgedrive.py:270] [SensorAgent] Saved 7 infractions to outputs/local_evaluation/bench2drive_111/infractions.json
=== [Agent] -- Wallclock = 2026-09-01 17:55:40.210 -- System time = 39.500 -- Game time = 9.900 -- Ratio = 0.251x
2026-09-01 17:55:40 [INFO] [/home/vcdc/disk2t/lead/lead/inference/sensor_agent_bridgedrive.py:270] [SensorAgent] Saved 7 infractions to outputs/local_evaluation/bench2drive_111/infractions.json
=== [Agent] -- Wallclock = 2026-09-01 17:55:40.378 -- System time = 39.667 -- Game time = 9.950 -- Ratio = 0.251x
2026-09-01 17:55:40 [INFO] [/home/vcdc/disk2t/lead/lead/inference/sensor_agent_bridgedrive.py:270] [SensorAgent] Saved 7 infractions to outputs/local_evaluation/bench2drive_111/infractions.json
=== [Agent] -- Wallclock = 2026-09-01 17:55:40.624 -- System time = 39.913 -- Game time = 10.000 -- Ratio = 0.251x
2026-09-01 17:55:40 [INFO] [/home/vcdc/disk2t/lead/lead/inference/sensor_agent_bridgedrive.py:270] [SensorAgent] Saved 7 infractions to outputs/local_evaluation/bench2drive_111/infractions.json
=== [Agent] -- Wallclock = 2026-09-01 17:55:40.780 -- System time = 40.070 -- Game time = 10.050 -- Ratio = 0.251x
2026-09-01 17:55:40 [INFO] [/home/vcdc/disk2t/lead/lead/inference/sensor_agent_bridgedrive.py:270] [SensorAgent] Saved 7 infractions to outputs/local_evaluation/bench2drive_111/infractions.json
=== [Agent] -- Wallclock = 2026-09-01 17:55:41.027 -- System time = 40.316 -- Game time = 10.100 -- Ratio = 0.251x
2026-09-01 17:55:41 [INFO] [/home/vcdc/disk2t/lead/lead/inference/sensor_agent_bridgedrive.py:270] [SensorAgent] Saved 7 infractions to outputs/local_evaluation/bench2drive_111/infractions.json
=== [Agent] -- Wallclock = 2026-09-01 17:55:41.190 -- System time = 40.479 -- Game time = 10.150 -- Ratio = 0.251x
2026-09-01 17:55:41 [INFO] [/home/vcdc/disk2t/lead/lead/inference/sensor_agent_bridgedrive.py:270] [SensorAgent] Saved 7 infractions to outputs/local_evaluation/bench2drive_111/infractions.json
=== [Agent] -- Wallclock = 2026-09-01 17:55:41.437 -- System time = 40.727 -- Game time = 10.200 -- Ratio = 0.250x
2026-09-01 17:55:41 [INFO] [/home/vcdc/disk2t/lead/lead/inference/sensor_agent_bridgedrive.py:270] [SensorAgent] Saved 7 infractions to outputs/local_evaluation/bench2drive_111/infractions.json
=== [Agent] -- Wallclock = 2026-09-01 17:55:41.603 -- System time = 40.892 -- Game time = 10.250 -- Ratio = 0.251x
2026-09-01 17:55:41 [INFO] [/home/vcdc/disk2t/lead/lead/inference/sensor_agent_bridgedrive.py:270] [SensorAgent] Saved 7 infractions to outputs/local_evaluation/bench2drive_111/infractions.json
=== [Agent] -- Wallclock = 2026-09-01 17:55:41.832 -- System time = 41.122 -- Game time = 10.300 -- Ratio = 0.250x
2026-09-01 17:55:41 [INFO] [/home/vcdc/disk2t/lead/lead/inference/sensor_agent_bridgedrive.py:270] [SensorAgent] Saved 7 infractions to outputs/local_evaluation/bench2drive_111/infractions.json
=== [Agent] -- Wallclock = 2026-09-01 17:55:41.996 -- System time = 41.286 -- Game time = 10.350 -- Ratio = 0.251x
2026-09-01 17:55:42 [INFO] [/home/vcdc/disk2t/lead/lead/inference/sensor_agent_bridgedrive.py:270] [SensorAgent] Saved 7 infractions to outputs/local_evaluation/bench2drive_111/infractions.json
=== [Agent] -- Wallclock = 2026-09-01 17:55:42.228 -- System time = 41.518 -- Game time = 10.400 -- Ratio = 0.250x
2026-09-01 17:55:42 [INFO] [/home/vcdc/disk2t/lead/lead/inference/sensor_agent_bridgedrive.py:270] [SensorAgent] Saved 7 infractions to outputs/local_evaluation/bench2drive_111/infractions.json
=== [Agent] -- Wallclock = 2026-09-01 17:55:42.401 -- System time = 41.691 -- Game time = 10.450 -- Ratio = 0.251x
2026-09-01 17:55:42 [INFO] [/home/vcdc/disk2t/lead/lead/inference/sensor_agent_bridgedrive.py:270] [SensorAgent] Saved 7 infractions to outputs/local_evaluation/bench2drive_111/infractions.json
=== [Agent] -- Wallclock = 2026-09-01 17:55:42.632 -- System time = 41.922 -- Game time = 10.500 -- Ratio = 0.250x
2026-09-01 17:55:42 [INFO] [/home/vcdc/disk2t/lead/lead/inference/sensor_agent_bridgedrive.py:270] [SensorAgent] Saved 7 infractions to outputs/local_evaluation/bench2drive_111/infractions.json
=== [Agent] -- Wallclock = 2026-09-01 17:55:42.796 -- System time = 42.085 -- Game time = 10.550 -- Ratio = 0.251x
2026-09-01 17:55:42 [INFO] [/home/vcdc/disk2t/lead/lead/inference/sensor_agent_bridgedrive.py:270] [SensorAgent] Saved 7 infractions to outputs/local_evaluation/bench2drive_111/infractions.json
=== [Agent] -- Wallclock = 2026-09-01 17:55:43.040 -- System time = 42.329 -- Game time = 10.600 -- Ratio = 0.250x
2026-09-01 17:55:43 [INFO] [/home/vcdc/disk2t/lead/lead/inference/sensor_agent_bridgedrive.py:270] [SensorAgent] Saved 7 infractions to outputs/local_evaluation/bench2drive_111/infractions.json
=== [Agent] -- Wallclock = 2026-09-01 17:55:43.204 -- System time = 42.494 -- Game time = 10.650 -- Ratio = 0.251x
2026-09-01 17:55:43 [INFO] [/home/vcdc/disk2t/lead/lead/inference/sensor_agent_bridgedrive.py:270] [SensorAgent] Saved 7 infractions to outputs/local_evaluation/bench2drive_111/infractions.json
=== [Agent] -- Wallclock = 2026-09-01 17:55:43.429 -- System time = 42.719 -- Game time = 10.700 -- Ratio = 0.250x
2026-09-01 17:55:43 [INFO] [/home/vcdc/disk2t/lead/lead/inference/sensor_agent_bridgedrive.py:270] [SensorAgent] Saved 7 infractions to outputs/local_evaluation/bench2drive_111/infractions.json
=== [Agent] -- Wallclock = 2026-09-01 17:55:43.588 -- System time = 42.877 -- Game time = 10.750 -- Ratio = 0.251x
2026-09-01 17:55:43 [INFO] [/home/vcdc/disk2t/lead/lead/inference/sensor_agent_bridgedrive.py:270] [SensorAgent] Saved 7 infractions to outputs/local_evaluation/bench2drive_111/infractions.json
=== [Agent] -- Wallclock = 2026-09-01 17:55:43.820 -- System time = 43.109 -- Game time = 10.800 -- Ratio = 0.251x
2026-09-01 17:55:43 [INFO] [/home/vcdc/disk2t/lead/lead/inference/sensor_agent_bridgedrive.py:270] [SensorAgent] Saved 7 infractions to outputs/local_evaluation/bench2drive_111/infractions.json
=== [Agent] -- Wallclock = 2026-09-01 17:55:43.987 -- System time = 43.276 -- Game time = 10.850 -- Ratio = 0.251x
2026-09-01 17:55:44 [INFO] [/home/vcdc/disk2t/lead/lead/inference/sensor_agent_bridgedrive.py:270] [SensorAgent] Saved 7 infractions to outputs/local_evaluation/bench2drive_111/infractions.json
=== [Agent] -- Wallclock = 2026-09-01 17:55:44.239 -- System time = 43.529 -- Game time = 10.900 -- Ratio = 0.250x
2026-09-01 17:55:44 [INFO] [/home/vcdc/disk2t/lead/lead/inference/sensor_agent_bridgedrive.py:270] [SensorAgent] Saved 7 infractions to outputs/local_evaluation/bench2drive_111/infractions.json
=== [Agent] -- Wallclock = 2026-09-01 17:55:44.417 -- System time = 43.706 -- Game time = 10.950 -- Ratio = 0.251x
2026-09-01 17:55:44 [INFO] [/home/vcdc/disk2t/lead/lead/inference/sensor_agent_bridgedrive.py:270] [SensorAgent] Saved 7 infractions to outputs/local_evaluation/bench2drive_111/infractions.json
=== [Agent] -- Wallclock = 2026-09-01 17:55:44.660 -- System time = 43.949 -- Game time = 11.000 -- Ratio = 0.250x
2026-09-01 17:55:44 [INFO] [/home/vcdc/disk2t/lead/lead/inference/sensor_agent_bridgedrive.py:270] [SensorAgent] Saved 7 infractions to outputs/local_evaluation/bench2drive_111/infractions.json
=== [Agent] -- Wallclock = 2026-09-01 17:55:44.831 -- System time = 44.120 -- Game time = 11.050 -- Ratio = 0.250x
2026-09-01 17:55:44 [INFO] [/home/vcdc/disk2t/lead/lead/inference/sensor_agent_bridgedrive.py:270] [SensorAgent] Saved 7 infractions to outputs/local_evaluation/bench2drive_111/infractions.json
=== [Agent] -- Wallclock = 2026-09-01 17:55:45.075 -- System time = 44.364 -- Game time = 11.100 -- Ratio = 0.250x
2026-09-01 17:55:45 [INFO] [/home/vcdc/disk2t/lead/lead/inference/sensor_agent_bridgedrive.py:270] [SensorAgent] Saved 7 infractions to outputs/local_evaluation/bench2drive_111/infractions.json
=== [Agent] -- Wallclock = 2026-09-01 17:55:45.233 -- System time = 44.523 -- Game time = 11.150 -- Ratio = 0.250x
2026-09-01 17:55:45 [INFO] [/home/vcdc/disk2t/lead/lead/inference/sensor_agent_bridgedrive.py:270] [SensorAgent] Saved 7 infractions to outputs/local_evaluation/bench2drive_111/infractions.json
=== [Agent] -- Wallclock = 2026-09-01 17:55:45.454 -- System time = 44.743 -- Game time = 11.200 -- Ratio = 0.250x
2026-09-01 17:55:45 [INFO] [/home/vcdc/disk2t/lead/lead/inference/sensor_agent_bridgedrive.py:270] [SensorAgent] Saved 7 infractions to outputs/local_evaluation/bench2drive_111/infractions.json
=== [Agent] -- Wallclock = 2026-09-01 17:55:45.612 -- System time = 44.901 -- Game time = 11.250 -- Ratio = 0.251x
2026-09-01 17:55:45 [INFO] [/home/vcdc/disk2t/lead/lead/inference/sensor_agent_bridgedrive.py:270] [SensorAgent] Saved 7 infractions to outputs/local_evaluation/bench2drive_111/infractions.json
=== [Agent] -- Wallclock = 2026-09-01 17:55:45.853 -- System time = 45.143 -- Game time = 11.300 -- Ratio = 0.250x
2026-09-01 17:55:46 [INFO] [/home/vcdc/disk2t/lead/lead/inference/sensor_agent_bridgedrive.py:270] [SensorAgent] Saved 7 infractions to outputs/local_evaluation/bench2drive_111/infractions.json
=== [Agent] -- Wallclock = 2026-09-01 17:55:46.020 -- System time = 45.309 -- Game time = 11.350 -- Ratio = 0.250x
2026-09-01 17:55:46 [INFO] [/home/vcdc/disk2t/lead/lead/inference/sensor_agent_bridgedrive.py:270] [SensorAgent] Saved 7 infractions to outputs/local_evaluation/bench2drive_111/infractions.json
=== [Agent] -- Wallclock = 2026-09-01 17:55:46.255 -- System time = 45.545 -- Game time = 11.400 -- Ratio = 0.250x
2026-09-01 17:55:46 [INFO] [/home/vcdc/disk2t/lead/lead/inference/sensor_agent_bridgedrive.py:270] [SensorAgent] Saved 7 infractions to outputs/local_evaluation/bench2drive_111/infractions.json
=== [Agent] -- Wallclock = 2026-09-01 17:55:46.439 -- System time = 45.728 -- Game time = 11.450 -- Ratio = 0.250x
2026-09-01 17:55:46 [INFO] [/home/vcdc/disk2t/lead/lead/inference/sensor_agent_bridgedrive.py:270] [SensorAgent] Saved 7 infractions to outputs/local_evaluation/bench2drive_111/infractions.json
=== [Agent] -- Wallclock = 2026-09-01 17:55:46.696 -- System time = 45.986 -- Game time = 11.500 -- Ratio = 0.250x
2026-09-01 17:55:46 [INFO] [/home/vcdc/disk2t/lead/lead/inference/sensor_agent_bridgedrive.py:270] [SensorAgent] Saved 7 infractions to outputs/local_evaluation/bench2drive_111/infractions.json
=== [Agent] -- Wallclock = 2026-09-01 17:55:46.882 -- System time = 46.172 -- Game time = 11.550 -- Ratio = 0.250x
2026-09-01 17:55:47 [INFO] [/home/vcdc/disk2t/lead/lead/inference/sensor_agent_bridgedrive.py:270] [SensorAgent] Saved 7 infractions to outputs/local_evaluation/bench2drive_111/infractions.json
=== [Agent] -- Wallclock = 2026-09-01 17:55:47.112 -- System time = 46.401 -- Game time = 11.600 -- Ratio = 0.250x
2026-09-01 17:55:47 [INFO] [/home/vcdc/disk2t/lead/lead/inference/sensor_agent_bridgedrive.py:270] [SensorAgent] Saved 7 infractions to outputs/local_evaluation/bench2drive_111/infractions.json
=== [Agent] -- Wallclock = 2026-09-01 17:55:47.271 -- System time = 46.561 -- Game time = 11.650 -- Ratio = 0.250x
2026-09-01 17:55:47 [INFO] [/home/vcdc/disk2t/lead/lead/inference/sensor_agent_bridgedrive.py:270] [SensorAgent] Saved 7 infractions to outputs/local_evaluation/bench2drive_111/infractions.json
=== [Agent] -- Wallclock = 2026-09-01 17:55:47.511 -- System time = 46.800 -- Game time = 11.700 -- Ratio = 0.250x
2026-09-01 17:55:47 [INFO] [/home/vcdc/disk2t/lead/lead/inference/sensor_agent_bridgedrive.py:270] [SensorAgent] Saved 7 infractions to outputs/local_evaluation/bench2drive_111/infractions.json
=== [Agent] -- Wallclock = 2026-09-01 17:55:47.672 -- System time = 46.962 -- Game time = 11.750 -- Ratio = 0.250x
2026-09-01 17:55:47 [INFO] [/home/vcdc/disk2t/lead/lead/inference/sensor_agent_bridgedrive.py:270] [SensorAgent] Saved 7 infractions to outputs/local_evaluation/bench2drive_111/infractions.json
=== [Agent] -- Wallclock = 2026-09-01 17:55:47.909 -- System time = 47.199 -- Game time = 11.800 -- Ratio = 0.250x
2026-09-01 17:55:48 [INFO] [/home/vcdc/disk2t/lead/lead/inference/sensor_agent_bridgedrive.py:270] [SensorAgent] Saved 7 infractions to outputs/local_evaluation/bench2drive_111/infractions.json
=== [Agent] -- Wallclock = 2026-09-01 17:55:48.090 -- System time = 47.379 -- Game time = 11.850 -- Ratio = 0.250x
2026-09-01 17:55:48 [INFO] [/home/vcdc/disk2t/lead/lead/inference/sensor_agent_bridgedrive.py:270] [SensorAgent] Saved 7 infractions to outputs/local_evaluation/bench2drive_111/infractions.json
=== [Agent] -- Wallclock = 2026-09-01 17:55:48.336 -- System time = 47.626 -- Game time = 11.900 -- Ratio = 0.250x
2026-09-01 17:55:48 [INFO] [/home/vcdc/disk2t/lead/lead/inference/sensor_agent_bridgedrive.py:270] [SensorAgent] Saved 7 infractions to outputs/local_evaluation/bench2drive_111/infractions.json
=== [Agent] -- Wallclock = 2026-09-01 17:55:48.534 -- System time = 47.824 -- Game time = 11.950 -- Ratio = 0.250x
2026-09-01 17:55:48 [INFO] [/home/vcdc/disk2t/lead/lead/inference/sensor_agent_bridgedrive.py:270] [SensorAgent] Saved 7 infractions to outputs/local_evaluation/bench2drive_111/infractions.json
=== [Agent] -- Wallclock = 2026-09-01 17:55:48.775 -- System time = 48.064 -- Game time = 12.000 -- Ratio = 0.250x
2026-09-01 17:55:48 [INFO] [/home/vcdc/disk2t/lead/lead/inference/sensor_agent_bridgedrive.py:270] [SensorAgent] Saved 7 infractions to outputs/local_evaluation/bench2drive_111/infractions.json
=== [Agent] -- Wallclock = 2026-09-01 17:55:48.943 -- System time = 48.232 -- Game time = 12.050 -- Ratio = 0.250x
2026-09-01 17:55:49 [INFO] [/home/vcdc/disk2t/lead/lead/inference/sensor_agent_bridgedrive.py:270] [SensorAgent] Saved 7 infractions to outputs/local_evaluation/bench2drive_111/infractions.json
=== [Agent] -- Wallclock = 2026-09-01 17:55:49.172 -- System time = 48.461 -- Game time = 12.100 -- Ratio = 0.250x
2026-09-01 17:55:49 [INFO] [/home/vcdc/disk2t/lead/lead/inference/sensor_agent_bridgedrive.py:270] [SensorAgent] Saved 7 infractions to outputs/local_evaluation/bench2drive_111/infractions.json
=== [Agent] -- Wallclock = 2026-09-01 17:55:49.340 -- System time = 48.629 -- Game time = 12.150 -- Ratio = 0.250x
2026-09-01 17:55:49 [INFO] [/home/vcdc/disk2t/lead/lead/inference/sensor_agent_bridgedrive.py:270] [SensorAgent] Saved 7 infractions to outputs/local_evaluation/bench2drive_111/infractions.json
=== [Agent] -- Wallclock = 2026-09-01 17:55:49.585 -- System time = 48.874 -- Game time = 12.200 -- Ratio = 0.250x
2026-09-01 17:55:49 [INFO] [/home/vcdc/disk2t/lead/lead/inference/sensor_agent_bridgedrive.py:270] [SensorAgent] Saved 7 infractions to outputs/local_evaluation/bench2drive_111/infractions.json
=== [Agent] -- Wallclock = 2026-09-01 17:55:49.765 -- System time = 49.054 -- Game time = 12.250 -- Ratio = 0.250x
2026-09-01 17:55:49 [INFO] [/home/vcdc/disk2t/lead/lead/inference/sensor_agent_bridgedrive.py:270] [SensorAgent] Saved 7 infractions to outputs/local_evaluation/bench2drive_111/infractions.json
=== [Agent] -- Wallclock = 2026-09-01 17:55:50.007 -- System time = 49.296 -- Game time = 12.300 -- Ratio = 0.250x
2026-09-01 17:55:50 [INFO] [/home/vcdc/disk2t/lead/lead/inference/sensor_agent_bridgedrive.py:270] [SensorAgent] Saved 7 infractions to outputs/local_evaluation/bench2drive_111/infractions.json
=== [Agent] -- Wallclock = 2026-09-01 17:55:50.188 -- System time = 49.477 -- Game time = 12.350 -- Ratio = 0.250x
2026-09-01 17:55:50 [INFO] [/home/vcdc/disk2t/lead/lead/inference/sensor_agent_bridgedrive.py:270] [SensorAgent] Saved 7 infractions to outputs/local_evaluation/bench2drive_111/infractions.json
=== [Agent] -- Wallclock = 2026-09-01 17:55:50.423 -- System time = 49.712 -- Game time = 12.400 -- Ratio = 0.249x
2026-09-01 17:55:50 [INFO] [/home/vcdc/disk2t/lead/lead/inference/sensor_agent_bridgedrive.py:270] [SensorAgent] Saved 7 infractions to outputs/local_evaluation/bench2drive_111/infractions.json
=== [Agent] -- Wallclock = 2026-09-01 17:55:50.589 -- System time = 49.879 -- Game time = 12.450 -- Ratio = 0.250x
2026-09-01 17:55:50 [INFO] [/home/vcdc/disk2t/lead/lead/inference/sensor_agent_bridgedrive.py:270] [SensorAgent] Saved 7 infractions to outputs/local_evaluation/bench2drive_111/infractions.json
=== [Agent] -- Wallclock = 2026-09-01 17:55:50.824 -- System time = 50.113 -- Game time = 12.500 -- Ratio = 0.249x
2026-09-01 17:55:50 [INFO] [/home/vcdc/disk2t/lead/lead/inference/sensor_agent_bridgedrive.py:270] [SensorAgent] Saved 7 infractions to outputs/local_evaluation/bench2drive_111/infractions.json
=== [Agent] -- Wallclock = 2026-09-01 17:55:50.992 -- System time = 50.282 -- Game time = 12.550 -- Ratio = 0.250x
2026-09-01 17:55:51 [INFO] [/home/vcdc/disk2t/lead/lead/inference/sensor_agent_bridgedrive.py:270] [SensorAgent] Saved 7 infractions to outputs/local_evaluation/bench2drive_111/infractions.json
=== [Agent] -- Wallclock = 2026-09-01 17:55:51.218 -- System time = 50.507 -- Game time = 12.600 -- Ratio = 0.249x
2026-09-01 17:55:51 [INFO] [/home/vcdc/disk2t/lead/lead/inference/sensor_agent_bridgedrive.py:270] [SensorAgent] Saved 7 infractions to outputs/local_evaluation/bench2drive_111/infractions.json
=== [Agent] -- Wallclock = 2026-09-01 17:55:51.386 -- System time = 50.675 -- Game time = 12.650 -- Ratio = 0.250x
2026-09-01 17:55:51 [INFO] [/home/vcdc/disk2t/lead/lead/inference/sensor_agent_bridgedrive.py:270] [SensorAgent] Saved 7 infractions to outputs/local_evaluation/bench2drive_111/infractions.json
=== [Agent] -- Wallclock = 2026-09-01 17:55:51.638 -- System time = 50.928 -- Game time = 12.700 -- Ratio = 0.249x
2026-09-01 17:55:51 [INFO] [/home/vcdc/disk2t/lead/lead/inference/sensor_agent_bridgedrive.py:270] [SensorAgent] Saved 7 infractions to outputs/local_evaluation/bench2drive_111/infractions.json
=== [Agent] -- Wallclock = 2026-09-01 17:55:51.807 -- System time = 51.097 -- Game time = 12.750 -- Ratio = 0.250x
2026-09-01 17:55:51 [INFO] [/home/vcdc/disk2t/lead/lead/inference/sensor_agent_bridgedrive.py:270] [SensorAgent] Saved 7 infractions to outputs/local_evaluation/bench2drive_111/infractions.json
=== [Agent] -- Wallclock = 2026-09-01 17:55:52.042 -- System time = 51.331 -- Game time = 12.800 -- Ratio = 0.249x
2026-09-01 17:55:52 [INFO] [/home/vcdc/disk2t/lead/lead/inference/sensor_agent_bridgedrive.py:270] [SensorAgent] Saved 7 infractions to outputs/local_evaluation/bench2drive_111/infractions.json
=== [Agent] -- Wallclock = 2026-09-01 17:55:52.211 -- System time = 51.501 -- Game time = 12.850 -- Ratio = 0.250x
2026-09-01 17:55:52 [INFO] [/home/vcdc/disk2t/lead/lead/inference/sensor_agent_bridgedrive.py:270] [SensorAgent] Saved 7 infractions to outputs/local_evaluation/bench2drive_111/infractions.json
=== [Agent] -- Wallclock = 2026-09-01 17:55:52.444 -- System time = 51.734 -- Game time = 12.900 -- Ratio = 0.249x
2026-09-01 17:55:52 [INFO] [/home/vcdc/disk2t/lead/lead/inference/sensor_agent_bridgedrive.py:270] [SensorAgent] Saved 7 infractions to outputs/local_evaluation/bench2drive_111/infractions.json
=== [Agent] -- Wallclock = 2026-09-01 17:55:52.626 -- System time = 51.915 -- Game time = 12.950 -- Ratio = 0.249x
2026-09-01 17:55:52 [INFO] [/home/vcdc/disk2t/lead/lead/inference/sensor_agent_bridgedrive.py:270] [SensorAgent] Saved 7 infractions to outputs/local_evaluation/bench2drive_111/infractions.json
=== [Agent] -- Wallclock = 2026-09-01 17:55:52.859 -- System time = 52.148 -- Game time = 13.000 -- Ratio = 0.249x
2026-09-01 17:55:53 [INFO] [/home/vcdc/disk2t/lead/lead/inference/sensor_agent_bridgedrive.py:270] [SensorAgent] Saved 7 infractions to outputs/local_evaluation/bench2drive_111/infractions.json
=== [Agent] -- Wallclock = 2026-09-01 17:55:53.037 -- System time = 52.327 -- Game time = 13.050 -- Ratio = 0.249x
2026-09-01 17:55:53 [INFO] [/home/vcdc/disk2t/lead/lead/inference/sensor_agent_bridgedrive.py:270] [SensorAgent] Saved 7 infractions to outputs/local_evaluation/bench2drive_111/infractions.json
=== [Agent] -- Wallclock = 2026-09-01 17:55:53.268 -- System time = 52.557 -- Game time = 13.100 -- Ratio = 0.249x
2026-09-01 17:55:53 [INFO] [/home/vcdc/disk2t/lead/lead/inference/sensor_agent_bridgedrive.py:270] [SensorAgent] Saved 7 infractions to outputs/local_evaluation/bench2drive_111/infractions.json
=== [Agent] -- Wallclock = 2026-09-01 17:55:53.435 -- System time = 52.724 -- Game time = 13.150 -- Ratio = 0.249x
2026-09-01 17:55:53 [INFO] [/home/vcdc/disk2t/lead/lead/inference/sensor_agent_bridgedrive.py:270] [SensorAgent] Saved 7 infractions to outputs/local_evaluation/bench2drive_111/infractions.json
=== [Agent] -- Wallclock = 2026-09-01 17:55:53.681 -- System time = 52.971 -- Game time = 13.200 -- Ratio = 0.249x
2026-09-01 17:55:53 [INFO] [/home/vcdc/disk2t/lead/lead/inference/sensor_agent_bridgedrive.py:270] [SensorAgent] Saved 7 infractions to outputs/local_evaluation/bench2drive_111/infractions.json
=== [Agent] -- Wallclock = 2026-09-01 17:55:53.843 -- System time = 53.132 -- Game time = 13.250 -- Ratio = 0.249x
2026-09-01 17:55:53 [INFO] [/home/vcdc/disk2t/lead/lead/inference/sensor_agent_bridgedrive.py:270] [SensorAgent] Saved 7 infractions to outputs/local_evaluation/bench2drive_111/infractions.json
=== [Agent] -- Wallclock = 2026-09-01 17:55:54.072 -- System time = 53.362 -- Game time = 13.300 -- Ratio = 0.249x
2026-09-01 17:55:54 [INFO] [/home/vcdc/disk2t/lead/lead/inference/sensor_agent_bridgedrive.py:270] [SensorAgent] Saved 7 infractions to outputs/local_evaluation/bench2drive_111/infractions.json
=== [Agent] -- Wallclock = 2026-09-01 17:55:54.273 -- System time = 53.562 -- Game time = 13.350 -- Ratio = 0.249x
2026-09-01 17:55:54 [INFO] [/home/vcdc/disk2t/lead/lead/inference/sensor_agent_bridgedrive.py:270] [SensorAgent] Saved 7 infractions to outputs/local_evaluation/bench2drive_111/infractions.json
=== [Agent] -- Wallclock = 2026-09-01 17:55:54.501 -- System time = 53.790 -- Game time = 13.400 -- Ratio = 0.249x
2026-09-01 17:55:54 [INFO] [/home/vcdc/disk2t/lead/lead/inference/sensor_agent_bridgedrive.py:270] [SensorAgent] Saved 7 infractions to outputs/local_evaluation/bench2drive_111/infractions.json
=== [Agent] -- Wallclock = 2026-09-01 17:55:54.673 -- System time = 53.962 -- Game time = 13.450 -- Ratio = 0.249x
2026-09-01 17:55:54 [INFO] [/home/vcdc/disk2t/lead/lead/inference/sensor_agent_bridgedrive.py:270] [SensorAgent] Saved 7 infractions to outputs/local_evaluation/bench2drive_111/infractions.json
=== [Agent] -- Wallclock = 2026-09-01 17:55:54.905 -- System time = 54.194 -- Game time = 13.500 -- Ratio = 0.249x
2026-09-01 17:55:55 [INFO] [/home/vcdc/disk2t/lead/lead/inference/sensor_agent_bridgedrive.py:270] [SensorAgent] Saved 7 infractions to outputs/local_evaluation/bench2drive_111/infractions.json
=== [Agent] -- Wallclock = 2026-09-01 17:55:55.071 -- System time = 54.360 -- Game time = 13.550 -- Ratio = 0.249x
2026-09-01 17:55:55 [INFO] [/home/vcdc/disk2t/lead/lead/inference/sensor_agent_bridgedrive.py:270] [SensorAgent] Saved 7 infractions to outputs/local_evaluation/bench2drive_111/infractions.json
=== [Agent] -- Wallclock = 2026-09-01 17:55:55.315 -- System time = 54.604 -- Game time = 13.600 -- Ratio = 0.249x
2026-09-01 17:55:55 [INFO] [/home/vcdc/disk2t/lead/lead/inference/sensor_agent_bridgedrive.py:270] [SensorAgent] Saved 7 infractions to outputs/local_evaluation/bench2drive_111/infractions.json
=== [Agent] -- Wallclock = 2026-09-01 17:55:55.488 -- System time = 54.777 -- Game time = 13.650 -- Ratio = 0.249x
2026-09-01 17:55:55 [INFO] [/home/vcdc/disk2t/lead/lead/inference/sensor_agent_bridgedrive.py:270] [SensorAgent] Saved 7 infractions to outputs/local_evaluation/bench2drive_111/infractions.json
=== [Agent] -- Wallclock = 2026-09-01 17:55:55.725 -- System time = 55.014 -- Game time = 13.700 -- Ratio = 0.249x
2026-09-01 17:55:55 [INFO] [/home/vcdc/disk2t/lead/lead/inference/sensor_agent_bridgedrive.py:270] [SensorAgent] Saved 7 infractions to outputs/local_evaluation/bench2drive_111/infractions.json
=== [Agent] -- Wallclock = 2026-09-01 17:55:55.887 -- System time = 55.177 -- Game time = 13.750 -- Ratio = 0.249x
2026-09-01 17:55:56 [INFO] [/home/vcdc/disk2t/lead/lead/inference/sensor_agent_bridgedrive.py:270] [SensorAgent] Saved 7 infractions to outputs/local_evaluation/bench2drive_111/infractions.json
=== [Agent] -- Wallclock = 2026-09-01 17:55:56.115 -- System time = 55.404 -- Game time = 13.800 -- Ratio = 0.249x
2026-09-01 17:55:56 [INFO] [/home/vcdc/disk2t/lead/lead/inference/sensor_agent_bridgedrive.py:270] [SensorAgent] Saved 7 infractions to outputs/local_evaluation/bench2drive_111/infractions.json
=== [Agent] -- Wallclock = 2026-09-01 17:55:56.276 -- System time = 55.566 -- Game time = 13.850 -- Ratio = 0.249x
2026-09-01 17:55:56 [INFO] [/home/vcdc/disk2t/lead/lead/inference/sensor_agent_bridgedrive.py:270] [SensorAgent] Saved 7 infractions to outputs/local_evaluation/bench2drive_111/infractions.json
=== [Agent] -- Wallclock = 2026-09-01 17:55:56.515 -- System time = 55.804 -- Game time = 13.900 -- Ratio = 0.249x
2026-09-01 17:55:56 [INFO] [/home/vcdc/disk2t/lead/lead/inference/sensor_agent_bridgedrive.py:270] [SensorAgent] Saved 7 infractions to outputs/local_evaluation/bench2drive_111/infractions.json
=== [Agent] -- Wallclock = 2026-09-01 17:55:56.727 -- System time = 56.017 -- Game time = 13.950 -- Ratio = 0.249x
2026-09-01 17:55:56 [INFO] [/home/vcdc/disk2t/lead/lead/inference/sensor_agent_bridgedrive.py:270] [SensorAgent] Saved 7 infractions to outputs/local_evaluation/bench2drive_111/infractions.json
=== [Agent] -- Wallclock = 2026-09-01 17:55:56.966 -- System time = 56.255 -- Game time = 14.000 -- Ratio = 0.249x
2026-09-01 17:55:57 [INFO] [/home/vcdc/disk2t/lead/lead/inference/sensor_agent_bridgedrive.py:270] [SensorAgent] Saved 7 infractions to outputs/local_evaluation/bench2drive_111/infractions.json
=== [Agent] -- Wallclock = 2026-09-01 17:55:57.125 -- System time = 56.414 -- Game time = 14.050 -- Ratio = 0.249x
2026-09-01 17:55:57 [INFO] [/home/vcdc/disk2t/lead/lead/inference/sensor_agent_bridgedrive.py:270] [SensorAgent] Saved 7 infractions to outputs/local_evaluation/bench2drive_111/infractions.json
=== [Agent] -- Wallclock = 2026-09-01 17:55:57.384 -- System time = 56.674 -- Game time = 14.100 -- Ratio = 0.249x
2026-09-01 17:55:57 [INFO] [/home/vcdc/disk2t/lead/lead/inference/sensor_agent_bridgedrive.py:270] [SensorAgent] Saved 7 infractions to outputs/local_evaluation/bench2drive_111/infractions.json
=== [Agent] -- Wallclock = 2026-09-01 17:55:57.552 -- System time = 56.842 -- Game time = 14.150 -- Ratio = 0.249x
2026-09-01 17:55:57 [INFO] [/home/vcdc/disk2t/lead/lead/inference/sensor_agent_bridgedrive.py:270] [SensorAgent] Saved 7 infractions to outputs/local_evaluation/bench2drive_111/infractions.json
=== [Agent] -- Wallclock = 2026-09-01 17:55:57.788 -- System time = 57.077 -- Game time = 14.200 -- Ratio = 0.249x
2026-09-01 17:55:57 [INFO] [/home/vcdc/disk2t/lead/lead/inference/sensor_agent_bridgedrive.py:270] [SensorAgent] Saved 7 infractions to outputs/local_evaluation/bench2drive_111/infractions.json
=== [Agent] -- Wallclock = 2026-09-01 17:55:57.953 -- System time = 57.243 -- Game time = 14.250 -- Ratio = 0.249x
2026-09-01 17:55:58 [INFO] [/home/vcdc/disk2t/lead/lead/inference/sensor_agent_bridgedrive.py:270] [SensorAgent] Saved 7 infractions to outputs/local_evaluation/bench2drive_111/infractions.json
=== [Agent] -- Wallclock = 2026-09-01 17:55:58.183 -- System time = 57.472 -- Game time = 14.300 -- Ratio = 0.249x
2026-09-01 17:55:58 [INFO] [/home/vcdc/disk2t/lead/lead/inference/sensor_agent_bridgedrive.py:270] [SensorAgent] Saved 7 infractions to outputs/local_evaluation/bench2drive_111/infractions.json
=== [Agent] -- Wallclock = 2026-09-01 17:55:58.348 -- System time = 57.638 -- Game time = 14.350 -- Ratio = 0.249x
2026-09-01 17:55:58 [INFO] [/home/vcdc/disk2t/lead/lead/inference/sensor_agent_bridgedrive.py:270] [SensorAgent] Saved 7 infractions to outputs/local_evaluation/bench2drive_111/infractions.json
=== [Agent] -- Wallclock = 2026-09-01 17:55:58.597 -- System time = 57.886 -- Game time = 14.400 -- Ratio = 0.249x
2026-09-01 17:55:58 [INFO] [/home/vcdc/disk2t/lead/lead/inference/sensor_agent_bridgedrive.py:270] [SensorAgent] Saved 7 infractions to outputs/local_evaluation/bench2drive_111/infractions.json
=== [Agent] -- Wallclock = 2026-09-01 17:55:58.755 -- System time = 58.044 -- Game time = 14.450 -- Ratio = 0.249x
2026-09-01 17:55:58 [INFO] [/home/vcdc/disk2t/lead/lead/inference/sensor_agent_bridgedrive.py:270] [SensorAgent] Saved 7 infractions to outputs/local_evaluation/bench2drive_111/infractions.json
=== [Agent] -- Wallclock = 2026-09-01 17:55:58.986 -- System time = 58.275 -- Game time = 14.500 -- Ratio = 0.249x
2026-09-01 17:55:59 [INFO] [/home/vcdc/disk2t/lead/lead/inference/sensor_agent_bridgedrive.py:270] [SensorAgent] Saved 7 infractions to outputs/local_evaluation/bench2drive_111/infractions.json
=== [Agent] -- Wallclock = 2026-09-01 17:55:59.173 -- System time = 58.462 -- Game time = 14.550 -- Ratio = 0.249x
2026-09-01 17:55:59 [INFO] [/home/vcdc/disk2t/lead/lead/inference/sensor_agent_bridgedrive.py:270] [SensorAgent] Saved 7 infractions to outputs/local_evaluation/bench2drive_111/infractions.json
=== [Agent] -- Wallclock = 2026-09-01 17:55:59.415 -- System time = 58.704 -- Game time = 14.600 -- Ratio = 0.249x
2026-09-01 17:55:59 [INFO] [/home/vcdc/disk2t/lead/lead/inference/sensor_agent_bridgedrive.py:270] [SensorAgent] Saved 7 infractions to outputs/local_evaluation/bench2drive_111/infractions.json
=== [Agent] -- Wallclock = 2026-09-01 17:55:59.584 -- System time = 58.873 -- Game time = 14.650 -- Ratio = 0.249x
2026-09-01 17:55:59 [INFO] [/home/vcdc/disk2t/lead/lead/inference/sensor_agent_bridgedrive.py:270] [SensorAgent] Saved 7 infractions to outputs/local_evaluation/bench2drive_111/infractions.json
=== [Agent] -- Wallclock = 2026-09-01 17:55:59.815 -- System time = 59.104 -- Game time = 14.700 -- Ratio = 0.249x
2026-09-01 17:55:59 [INFO] [/home/vcdc/disk2t/lead/lead/inference/sensor_agent_bridgedrive.py:270] [SensorAgent] Saved 7 infractions to outputs/local_evaluation/bench2drive_111/infractions.json
=== [Agent] -- Wallclock = 2026-09-01 17:56:00.002 -- System time = 59.291 -- Game time = 14.750 -- Ratio = 0.249x
2026-09-01 17:56:00 [INFO] [/home/vcdc/disk2t/lead/lead/inference/sensor_agent_bridgedrive.py:270] [SensorAgent] Saved 7 infractions to outputs/local_evaluation/bench2drive_111/infractions.json
=== [Agent] -- Wallclock = 2026-09-01 17:56:00.242 -- System time = 59.531 -- Game time = 14.800 -- Ratio = 0.249x
2026-09-01 17:56:00 [INFO] [/home/vcdc/disk2t/lead/lead/inference/sensor_agent_bridgedrive.py:270] [SensorAgent] Saved 7 infractions to outputs/local_evaluation/bench2drive_111/infractions.json
=== [Agent] -- Wallclock = 2026-09-01 17:56:00.424 -- System time = 59.714 -- Game time = 14.850 -- Ratio = 0.249x
2026-09-01 17:56:00 [INFO] [/home/vcdc/disk2t/lead/lead/inference/sensor_agent_bridgedrive.py:270] [SensorAgent] Saved 7 infractions to outputs/local_evaluation/bench2drive_111/infractions.json
=== [Agent] -- Wallclock = 2026-09-01 17:56:00.649 -- System time = 59.938 -- Game time = 14.900 -- Ratio = 0.249x
2026-09-01 17:56:00 [INFO] [/home/vcdc/disk2t/lead/lead/inference/sensor_agent_bridgedrive.py:270] [SensorAgent] Saved 7 infractions to outputs/local_evaluation/bench2drive_111/infractions.json
=== [Agent] -- Wallclock = 2026-09-01 17:56:00.819 -- System time = 60.109 -- Game time = 14.950 -- Ratio = 0.249x
2026-09-01 17:56:00 [INFO] [/home/vcdc/disk2t/lead/lead/inference/sensor_agent_bridgedrive.py:270] [SensorAgent] Saved 7 infractions to outputs/local_evaluation/bench2drive_111/infractions.json
=== [Agent] -- Wallclock = 2026-09-01 17:56:01.060 -- System time = 60.349 -- Game time = 15.000 -- Ratio = 0.249x
2026-09-01 17:56:01 [INFO] [/home/vcdc/disk2t/lead/lead/inference/sensor_agent_bridgedrive.py:270] [SensorAgent] Saved 7 infractions to outputs/local_evaluation/bench2drive_111/infractions.json
=== [Agent] -- Wallclock = 2026-09-01 17:56:01.257 -- System time = 60.546 -- Game time = 15.050 -- Ratio = 0.249x
2026-09-01 17:56:01 [INFO] [/home/vcdc/disk2t/lead/lead/inference/sensor_agent_bridgedrive.py:270] [SensorAgent] Saved 7 infractions to outputs/local_evaluation/bench2drive_111/infractions.json
=== [Agent] -- Wallclock = 2026-09-01 17:56:01.529 -- System time = 60.818 -- Game time = 15.100 -- Ratio = 0.248x
2026-09-01 17:56:01 [INFO] [/home/vcdc/disk2t/lead/lead/inference/sensor_agent_bridgedrive.py:270] [SensorAgent] Saved 7 infractions to outputs/local_evaluation/bench2drive_111/infractions.json
=== [Agent] -- Wallclock = 2026-09-01 17:56:01.700 -- System time = 60.990 -- Game time = 15.150 -- Ratio = 0.248x
2026-09-01 17:56:01 [INFO] [/home/vcdc/disk2t/lead/lead/inference/sensor_agent_bridgedrive.py:270] [SensorAgent] Saved 7 infractions to outputs/local_evaluation/bench2drive_111/infractions.json
=== [Agent] -- Wallclock = 2026-09-01 17:56:01.941 -- System time = 61.230 -- Game time = 15.200 -- Ratio = 0.248x
2026-09-01 17:56:02 [INFO] [/home/vcdc/disk2t/lead/lead/inference/sensor_agent_bridgedrive.py:270] [SensorAgent] Saved 7 infractions to outputs/local_evaluation/bench2drive_111/infractions.json
=== [Agent] -- Wallclock = 2026-09-01 17:56:02.100 -- System time = 61.389 -- Game time = 15.250 -- Ratio = 0.248x
2026-09-01 17:56:02 [INFO] [/home/vcdc/disk2t/lead/lead/inference/sensor_agent_bridgedrive.py:270] [SensorAgent] Saved 7 infractions to outputs/local_evaluation/bench2drive_111/infractions.json
=== [Agent] -- Wallclock = 2026-09-01 17:56:02.330 -- System time = 61.619 -- Game time = 15.300 -- Ratio = 0.248x
2026-09-01 17:56:02 [INFO] [/home/vcdc/disk2t/lead/lead/inference/sensor_agent_bridgedrive.py:270] [SensorAgent] Saved 7 infractions to outputs/local_evaluation/bench2drive_111/infractions.json
=== [Agent] -- Wallclock = 2026-09-01 17:56:02.506 -- System time = 61.796 -- Game time = 15.350 -- Ratio = 0.248x
2026-09-01 17:56:02 [INFO] [/home/vcdc/disk2t/lead/lead/inference/sensor_agent_bridgedrive.py:270] [SensorAgent] Saved 7 infractions to outputs/local_evaluation/bench2drive_111/infractions.json
=== [Agent] -- Wallclock = 2026-09-01 17:56:02.742 -- System time = 62.032 -- Game time = 15.400 -- Ratio = 0.248x
2026-09-01 17:56:02 [INFO] [/home/vcdc/disk2t/lead/lead/inference/sensor_agent_bridgedrive.py:270] [SensorAgent] Saved 7 infractions to outputs/local_evaluation/bench2drive_111/infractions.json
=== [Agent] -- Wallclock = 2026-09-01 17:56:02.903 -- System time = 62.193 -- Game time = 15.450 -- Ratio = 0.248x
2026-09-01 17:56:03 [INFO] [/home/vcdc/disk2t/lead/lead/inference/sensor_agent_bridgedrive.py:270] [SensorAgent] Saved 7 infractions to outputs/local_evaluation/bench2drive_111/infractions.json
=== [Agent] -- Wallclock = 2026-09-01 17:56:03.167 -- System time = 62.457 -- Game time = 15.500 -- Ratio = 0.248x
2026-09-01 17:56:03 [INFO] [/home/vcdc/disk2t/lead/lead/inference/sensor_agent_bridgedrive.py:270] [SensorAgent] Saved 7 infractions to outputs/local_evaluation/bench2drive_111/infractions.json
=== [Agent] -- Wallclock = 2026-09-01 17:56:03.327 -- System time = 62.616 -- Game time = 15.550 -- Ratio = 0.248x
2026-09-01 17:56:03 [INFO] [/home/vcdc/disk2t/lead/lead/inference/sensor_agent_bridgedrive.py:270] [SensorAgent] Saved 7 infractions to outputs/local_evaluation/bench2drive_111/infractions.json
=== [Agent] -- Wallclock = 2026-09-01 17:56:03.576 -- System time = 62.865 -- Game time = 15.600 -- Ratio = 0.248x
2026-09-01 17:56:03 [INFO] [/home/vcdc/disk2t/lead/lead/inference/sensor_agent_bridgedrive.py:270] [SensorAgent] Saved 7 infractions to outputs/local_evaluation/bench2drive_111/infractions.json
=== [Agent] -- Wallclock = 2026-09-01 17:56:03.739 -- System time = 63.028 -- Game time = 15.650 -- Ratio = 0.248x
2026-09-01 17:56:03 [INFO] [/home/vcdc/disk2t/lead/lead/inference/sensor_agent_bridgedrive.py:270] [SensorAgent] Saved 7 infractions to outputs/local_evaluation/bench2drive_111/infractions.json
=== [Agent] -- Wallclock = 2026-09-01 17:56:03.970 -- System time = 63.260 -- Game time = 15.700 -- Ratio = 0.248x
2026-09-01 17:56:04 [INFO] [/home/vcdc/disk2t/lead/lead/inference/sensor_agent_bridgedrive.py:270] [SensorAgent] Saved 7 infractions to outputs/local_evaluation/bench2drive_111/infractions.json
=== [Agent] -- Wallclock = 2026-09-01 17:56:04.142 -- System time = 63.431 -- Game time = 15.750 -- Ratio = 0.248x
2026-09-01 17:56:04 [INFO] [/home/vcdc/disk2t/lead/lead/inference/sensor_agent_bridgedrive.py:270] [SensorAgent] Saved 7 infractions to outputs/local_evaluation/bench2drive_111/infractions.json
=== [Agent] -- Wallclock = 2026-09-01 17:56:04.383 -- System time = 63.672 -- Game time = 15.800 -- Ratio = 0.248x
2026-09-01 17:56:04 [INFO] [/home/vcdc/disk2t/lead/lead/inference/sensor_agent_bridgedrive.py:270] [SensorAgent] Saved 7 infractions to outputs/local_evaluation/bench2drive_111/infractions.json
=== [Agent] -- Wallclock = 2026-09-01 17:56:04.573 -- System time = 63.862 -- Game time = 15.850 -- Ratio = 0.248x
2026-09-01 17:56:04 [INFO] [/home/vcdc/disk2t/lead/lead/inference/sensor_agent_bridgedrive.py:270] [SensorAgent] Saved 7 infractions to outputs/local_evaluation/bench2drive_111/infractions.json
=== [Agent] -- Wallclock = 2026-09-01 17:56:04.807 -- System time = 64.096 -- Game time = 15.900 -- Ratio = 0.248x
2026-09-01 17:56:04 [INFO] [/home/vcdc/disk2t/lead/lead/inference/sensor_agent_bridgedrive.py:270] [SensorAgent] Saved 7 infractions to outputs/local_evaluation/bench2drive_111/infractions.json
=== [Agent] -- Wallclock = 2026-09-01 17:56:04.973 -- System time = 64.262 -- Game time = 15.950 -- Ratio = 0.248x
2026-09-01 17:56:05 [INFO] [/home/vcdc/disk2t/lead/lead/inference/sensor_agent_bridgedrive.py:270] [SensorAgent] Saved 7 infractions to outputs/local_evaluation/bench2drive_111/infractions.json
=== [Agent] -- Wallclock = 2026-09-01 17:56:05.204 -- System time = 64.493 -- Game time = 16.000 -- Ratio = 0.248x
2026-09-01 17:56:05 [INFO] [/home/vcdc/disk2t/lead/lead/inference/sensor_agent_bridgedrive.py:270] [SensorAgent] Saved 7 infractions to outputs/local_evaluation/bench2drive_111/infractions.json
=== [Agent] -- Wallclock = 2026-09-01 17:56:05.368 -- System time = 64.657 -- Game time = 16.050 -- Ratio = 0.248x
2026-09-01 17:56:05 [INFO] [/home/vcdc/disk2t/lead/lead/inference/sensor_agent_bridgedrive.py:270] [SensorAgent] Saved 7 infractions to outputs/local_evaluation/bench2drive_111/infractions.json
=== [Agent] -- Wallclock = 2026-09-01 17:56:05.599 -- System time = 64.889 -- Game time = 16.100 -- Ratio = 0.248x
2026-09-01 17:56:05 [INFO] [/home/vcdc/disk2t/lead/lead/inference/sensor_agent_bridgedrive.py:270] [SensorAgent] Saved 7 infractions to outputs/local_evaluation/bench2drive_111/infractions.json
=== [Agent] -- Wallclock = 2026-09-01 17:56:05.780 -- System time = 65.069 -- Game time = 16.150 -- Ratio = 0.248x
2026-09-01 17:56:05 [INFO] [/home/vcdc/disk2t/lead/lead/inference/sensor_agent_bridgedrive.py:270] [SensorAgent] Saved 7 infractions to outputs/local_evaluation/bench2drive_111/infractions.json
=== [Agent] -- Wallclock = 2026-09-01 17:56:06.028 -- System time = 65.317 -- Game time = 16.200 -- Ratio = 0.248x
2026-09-01 17:56:06 [INFO] [/home/vcdc/disk2t/lead/lead/inference/sensor_agent_bridgedrive.py:270] [SensorAgent] Saved 7 infractions to outputs/local_evaluation/bench2drive_111/infractions.json
=== [Agent] -- Wallclock = 2026-09-01 17:56:06.188 -- System time = 65.477 -- Game time = 16.250 -- Ratio = 0.248x
2026-09-01 17:56:06 [INFO] [/home/vcdc/disk2t/lead/lead/inference/sensor_agent_bridgedrive.py:270] [SensorAgent] Saved 7 infractions to outputs/local_evaluation/bench2drive_111/infractions.json
=== [Agent] -- Wallclock = 2026-09-01 17:56:06.426 -- System time = 65.715 -- Game time = 16.300 -- Ratio = 0.248x
2026-09-01 17:56:06 [INFO] [/home/vcdc/disk2t/lead/lead/inference/sensor_agent_bridgedrive.py:270] [SensorAgent] Saved 7 infractions to outputs/local_evaluation/bench2drive_111/infractions.json
=== [Agent] -- Wallclock = 2026-09-01 17:56:06.595 -- System time = 65.884 -- Game time = 16.350 -- Ratio = 0.248x
2026-09-01 17:56:06 [INFO] [/home/vcdc/disk2t/lead/lead/inference/sensor_agent_bridgedrive.py:270] [SensorAgent] Saved 7 infractions to outputs/local_evaluation/bench2drive_111/infractions.json
=== [Agent] -- Wallclock = 2026-09-01 17:56:06.820 -- System time = 66.109 -- Game time = 16.400 -- Ratio = 0.248x
2026-09-01 17:56:06 [INFO] [/home/vcdc/disk2t/lead/lead/inference/sensor_agent_bridgedrive.py:270] [SensorAgent] Saved 7 infractions to outputs/local_evaluation/bench2drive_111/infractions.json
=== [Agent] -- Wallclock = 2026-09-01 17:56:06.991 -- System time = 66.280 -- Game time = 16.450 -- Ratio = 0.248x
2026-09-01 17:56:07 [INFO] [/home/vcdc/disk2t/lead/lead/inference/sensor_agent_bridgedrive.py:270] [SensorAgent] Saved 7 infractions to outputs/local_evaluation/bench2drive_111/infractions.json
=== [Agent] -- Wallclock = 2026-09-01 17:56:07.224 -- System time = 66.514 -- Game time = 16.500 -- Ratio = 0.248x
2026-09-01 17:56:07 [INFO] [/home/vcdc/disk2t/lead/lead/inference/sensor_agent_bridgedrive.py:270] [SensorAgent] Saved 7 infractions to outputs/local_evaluation/bench2drive_111/infractions.json
=== [Agent] -- Wallclock = 2026-09-01 17:56:07.401 -- System time = 66.690 -- Game time = 16.550 -- Ratio = 0.248x
2026-09-01 17:56:07 [INFO] [/home/vcdc/disk2t/lead/lead/inference/sensor_agent_bridgedrive.py:270] [SensorAgent] Saved 7 infractions to outputs/local_evaluation/bench2drive_111/infractions.json
=== [Agent] -- Wallclock = 2026-09-01 17:56:07.659 -- System time = 66.948 -- Game time = 16.600 -- Ratio = 0.248x
2026-09-01 17:56:07 [INFO] [/home/vcdc/disk2t/lead/lead/inference/sensor_agent_bridgedrive.py:270] [SensorAgent] Saved 7 infractions to outputs/local_evaluation/bench2drive_111/infractions.json
=== [Agent] -- Wallclock = 2026-09-01 17:56:07.845 -- System time = 67.134 -- Game time = 16.650 -- Ratio = 0.248x
2026-09-01 17:56:08 [INFO] [/home/vcdc/disk2t/lead/lead/inference/sensor_agent_bridgedrive.py:270] [SensorAgent] Saved 7 infractions to outputs/local_evaluation/bench2drive_111/infractions.json
=== [Agent] -- Wallclock = 2026-09-01 17:56:08.112 -- System time = 67.401 -- Game time = 16.700 -- Ratio = 0.248x
2026-09-01 17:56:08 [INFO] [/home/vcdc/disk2t/lead/lead/inference/sensor_agent_bridgedrive.py:270] [SensorAgent] Saved 7 infractions to outputs/local_evaluation/bench2drive_111/infractions.json
=== [Agent] -- Wallclock = 2026-09-01 17:56:08.285 -- System time = 67.575 -- Game time = 16.750 -- Ratio = 0.248x
2026-09-01 17:56:08 [INFO] [/home/vcdc/disk2t/lead/lead/inference/sensor_agent_bridgedrive.py:270] [SensorAgent] Saved 7 infractions to outputs/local_evaluation/bench2drive_111/infractions.json
=== [Agent] -- Wallclock = 2026-09-01 17:56:08.526 -- System time = 67.816 -- Game time = 16.800 -- Ratio = 0.248x
2026-09-01 17:56:08 [INFO] [/home/vcdc/disk2t/lead/lead/inference/sensor_agent_bridgedrive.py:270] [SensorAgent] Saved 7 infractions to outputs/local_evaluation/bench2drive_111/infractions.json
=== [Agent] -- Wallclock = 2026-09-01 17:56:08.705 -- System time = 67.994 -- Game time = 16.850 -- Ratio = 0.248x
2026-09-01 17:56:08 [INFO] [/home/vcdc/disk2t/lead/lead/inference/sensor_agent_bridgedrive.py:270] [SensorAgent] Saved 7 infractions to outputs/local_evaluation/bench2drive_111/infractions.json
=== [Agent] -- Wallclock = 2026-09-01 17:56:08.949 -- System time = 68.239 -- Game time = 16.900 -- Ratio = 0.248x
2026-09-01 17:56:09 [INFO] [/home/vcdc/disk2t/lead/lead/inference/sensor_agent_bridgedrive.py:270] [SensorAgent] Saved 7 infractions to outputs/local_evaluation/bench2drive_111/infractions.json
=== [Agent] -- Wallclock = 2026-09-01 17:56:09.112 -- System time = 68.401 -- Game time = 16.950 -- Ratio = 0.248x
2026-09-01 17:56:09 [INFO] [/home/vcdc/disk2t/lead/lead/inference/sensor_agent_bridgedrive.py:270] [SensorAgent] Saved 7 infractions to outputs/local_evaluation/bench2drive_111/infractions.json
=== [Agent] -- Wallclock = 2026-09-01 17:56:09.341 -- System time = 68.630 -- Game time = 17.000 -- Ratio = 0.248x
2026-09-01 17:56:09 [INFO] [/home/vcdc/disk2t/lead/lead/inference/sensor_agent_bridgedrive.py:270] [SensorAgent] Saved 7 infractions to outputs/local_evaluation/bench2drive_111/infractions.json
=== [Agent] -- Wallclock = 2026-09-01 17:56:09.520 -- System time = 68.809 -- Game time = 17.050 -- Ratio = 0.248x
2026-09-01 17:56:09 [INFO] [/home/vcdc/disk2t/lead/lead/inference/sensor_agent_bridgedrive.py:270] [SensorAgent] Saved 7 infractions to outputs/local_evaluation/bench2drive_111/infractions.json
=== [Agent] -- Wallclock = 2026-09-01 17:56:09.760 -- System time = 69.049 -- Game time = 17.100 -- Ratio = 0.248x
2026-09-01 17:56:09 [INFO] [/home/vcdc/disk2t/lead/lead/inference/sensor_agent_bridgedrive.py:270] [SensorAgent] Saved 7 infractions to outputs/local_evaluation/bench2drive_111/infractions.json
=== [Agent] -- Wallclock = 2026-09-01 17:56:09.940 -- System time = 69.229 -- Game time = 17.150 -- Ratio = 0.248x
2026-09-01 17:56:10 [INFO] [/home/vcdc/disk2t/lead/lead/inference/sensor_agent_bridgedrive.py:270] [SensorAgent] Saved 7 infractions to outputs/local_evaluation/bench2drive_111/infractions.json
=== [Agent] -- Wallclock = 2026-09-01 17:56:10.178 -- System time = 69.467 -- Game time = 17.200 -- Ratio = 0.248x
2026-09-01 17:56:10 [INFO] [/home/vcdc/disk2t/lead/lead/inference/sensor_agent_bridgedrive.py:270] [SensorAgent] Saved 7 infractions to outputs/local_evaluation/bench2drive_111/infractions.json
=== [Agent] -- Wallclock = 2026-09-01 17:56:10.339 -- System time = 69.629 -- Game time = 17.250 -- Ratio = 0.248x
2026-09-01 17:56:10 [INFO] [/home/vcdc/disk2t/lead/lead/inference/sensor_agent_bridgedrive.py:270] [SensorAgent] Saved 7 infractions to outputs/local_evaluation/bench2drive_111/infractions.json
=== [Agent] -- Wallclock = 2026-09-01 17:56:10.570 -- System time = 69.859 -- Game time = 17.300 -- Ratio = 0.248x
2026-09-01 17:56:10 [INFO] [/home/vcdc/disk2t/lead/lead/inference/sensor_agent_bridgedrive.py:270] [SensorAgent] Saved 7 infractions to outputs/local_evaluation/bench2drive_111/infractions.json
=== [Agent] -- Wallclock = 2026-09-01 17:56:10.734 -- System time = 70.023 -- Game time = 17.350 -- Ratio = 0.248x
2026-09-01 17:56:10 [INFO] [/home/vcdc/disk2t/lead/lead/inference/sensor_agent_bridgedrive.py:270] [SensorAgent] Saved 7 infractions to outputs/local_evaluation/bench2drive_111/infractions.json
=== [Agent] -- Wallclock = 2026-09-01 17:56:10.964 -- System time = 70.253 -- Game time = 17.400 -- Ratio = 0.248x
2026-09-01 17:56:11 [INFO] [/home/vcdc/disk2t/lead/lead/inference/sensor_agent_bridgedrive.py:270] [SensorAgent] Saved 7 infractions to outputs/local_evaluation/bench2drive_111/infractions.json
=== [Agent] -- Wallclock = 2026-09-01 17:56:11.136 -- System time = 70.426 -- Game time = 17.450 -- Ratio = 0.248x
2026-09-01 17:56:11 [INFO] [/home/vcdc/disk2t/lead/lead/inference/sensor_agent_bridgedrive.py:270] [SensorAgent] Saved 7 infractions to outputs/local_evaluation/bench2drive_111/infractions.json
=== [Agent] -- Wallclock = 2026-09-01 17:56:11.370 -- System time = 70.659 -- Game time = 17.500 -- Ratio = 0.248x
2026-09-01 17:56:11 [INFO] [/home/vcdc/disk2t/lead/lead/inference/sensor_agent_bridgedrive.py:270] [SensorAgent] Saved 7 infractions to outputs/local_evaluation/bench2drive_111/infractions.json
=== [Agent] -- Wallclock = 2026-09-01 17:56:11.539 -- System time = 70.828 -- Game time = 17.550 -- Ratio = 0.248x
2026-09-01 17:56:11 [INFO] [/home/vcdc/disk2t/lead/lead/inference/sensor_agent_bridgedrive.py:270] [SensorAgent] Saved 7 infractions to outputs/local_evaluation/bench2drive_111/infractions.json
=== [Agent] -- Wallclock = 2026-09-01 17:56:11.768 -- System time = 71.058 -- Game time = 17.600 -- Ratio = 0.248x
2026-09-01 17:56:11 [INFO] [/home/vcdc/disk2t/lead/lead/inference/sensor_agent_bridgedrive.py:270] [SensorAgent] Saved 7 infractions to outputs/local_evaluation/bench2drive_111/infractions.json
=== [Agent] -- Wallclock = 2026-09-01 17:56:11.940 -- System time = 71.229 -- Game time = 17.650 -- Ratio = 0.248x
2026-09-01 17:56:12 [INFO] [/home/vcdc/disk2t/lead/lead/inference/sensor_agent_bridgedrive.py:270] [SensorAgent] Saved 7 infractions to outputs/local_evaluation/bench2drive_111/infractions.json
=== [Agent] -- Wallclock = 2026-09-01 17:56:12.196 -- System time = 71.485 -- Game time = 17.700 -- Ratio = 0.248x
2026-09-01 17:56:12 [INFO] [/home/vcdc/disk2t/lead/lead/inference/sensor_agent_bridgedrive.py:270] [SensorAgent] Saved 7 infractions to outputs/local_evaluation/bench2drive_111/infractions.json
=== [Agent] -- Wallclock = 2026-09-01 17:56:12.359 -- System time = 71.648 -- Game time = 17.750 -- Ratio = 0.248x
2026-09-01 17:56:12 [INFO] [/home/vcdc/disk2t/lead/lead/inference/sensor_agent_bridgedrive.py:270] [SensorAgent] Saved 7 infractions to outputs/local_evaluation/bench2drive_111/infractions.json
=== [Agent] -- Wallclock = 2026-09-01 17:56:12.600 -- System time = 71.890 -- Game time = 17.800 -- Ratio = 0.248x
2026-09-01 17:56:12 [INFO] [/home/vcdc/disk2t/lead/lead/inference/sensor_agent_bridgedrive.py:270] [SensorAgent] Saved 7 infractions to outputs/local_evaluation/bench2drive_111/infractions.json
=== [Agent] -- Wallclock = 2026-09-01 17:56:12.762 -- System time = 72.051 -- Game time = 17.850 -- Ratio = 0.248x
2026-09-01 17:56:12 [INFO] [/home/vcdc/disk2t/lead/lead/inference/sensor_agent_bridgedrive.py:270] [SensorAgent] Saved 7 infractions to outputs/local_evaluation/bench2drive_111/infractions.json
=== [Agent] -- Wallclock = 2026-09-01 17:56:12.990 -- System time = 72.279 -- Game time = 17.900 -- Ratio = 0.248x
2026-09-01 17:56:13 [INFO] [/home/vcdc/disk2t/lead/lead/inference/sensor_agent_bridgedrive.py:270] [SensorAgent] Saved 7 infractions to outputs/local_evaluation/bench2drive_111/infractions.json
=== [Agent] -- Wallclock = 2026-09-01 17:56:13.164 -- System time = 72.453 -- Game time = 17.950 -- Ratio = 0.248x
2026-09-01 17:56:13 [INFO] [/home/vcdc/disk2t/lead/lead/inference/sensor_agent_bridgedrive.py:270] [SensorAgent] Saved 7 infractions to outputs/local_evaluation/bench2drive_111/infractions.json
=== [Agent] -- Wallclock = 2026-09-01 17:56:13.396 -- System time = 72.685 -- Game time = 18.000 -- Ratio = 0.248x
2026-09-01 17:56:13 [INFO] [/home/vcdc/disk2t/lead/lead/inference/sensor_agent_bridgedrive.py:270] [SensorAgent] Saved 7 infractions to outputs/local_evaluation/bench2drive_111/infractions.json
=== [Agent] -- Wallclock = 2026-09-01 17:56:13.581 -- System time = 72.870 -- Game time = 18.050 -- Ratio = 0.248x
2026-09-01 17:56:13 [INFO] [/home/vcdc/disk2t/lead/lead/inference/sensor_agent_bridgedrive.py:270] [SensorAgent] Saved 7 infractions to outputs/local_evaluation/bench2drive_111/infractions.json
=== [Agent] -- Wallclock = 2026-09-01 17:56:13.850 -- System time = 73.139 -- Game time = 18.100 -- Ratio = 0.247x
2026-09-01 17:56:13 [INFO] [/home/vcdc/disk2t/lead/lead/inference/sensor_agent_bridgedrive.py:270] [SensorAgent] Saved 7 infractions to outputs/local_evaluation/bench2drive_111/infractions.json
=== [Agent] -- Wallclock = 2026-09-01 17:56:14.015 -- System time = 73.304 -- Game time = 18.150 -- Ratio = 0.248x
2026-09-01 17:56:14 [INFO] [/home/vcdc/disk2t/lead/lead/inference/sensor_agent_bridgedrive.py:270] [SensorAgent] Saved 7 infractions to outputs/local_evaluation/bench2drive_111/infractions.json
=== [Agent] -- Wallclock = 2026-09-01 17:56:14.256 -- System time = 73.546 -- Game time = 18.200 -- Ratio = 0.247x
2026-09-01 17:56:14 [INFO] [/home/vcdc/disk2t/lead/lead/inference/sensor_agent_bridgedrive.py:270] [SensorAgent] Saved 7 infractions to outputs/local_evaluation/bench2drive_111/infractions.json
=== [Agent] -- Wallclock = 2026-09-01 17:56:14.431 -- System time = 73.720 -- Game time = 18.250 -- Ratio = 0.248x
2026-09-01 17:56:14 [INFO] [/home/vcdc/disk2t/lead/lead/inference/sensor_agent_bridgedrive.py:270] [SensorAgent] Saved 7 infractions to outputs/local_evaluation/bench2drive_111/infractions.json
=== [Agent] -- Wallclock = 2026-09-01 17:56:14.663 -- System time = 73.952 -- Game time = 18.300 -- Ratio = 0.247x
2026-09-01 17:56:14 [INFO] [/home/vcdc/disk2t/lead/lead/inference/sensor_agent_bridgedrive.py:270] [SensorAgent] Saved 7 infractions to outputs/local_evaluation/bench2drive_111/infractions.json
=== [Agent] -- Wallclock = 2026-09-01 17:56:14.828 -- System time = 74.118 -- Game time = 18.350 -- Ratio = 0.248x
2026-09-01 17:56:15 [INFO] [/home/vcdc/disk2t/lead/lead/inference/sensor_agent_bridgedrive.py:270] [SensorAgent] Saved 7 infractions to outputs/local_evaluation/bench2drive_111/infractions.json
=== [Agent] -- Wallclock = 2026-09-01 17:56:15.092 -- System time = 74.382 -- Game time = 18.400 -- Ratio = 0.247x
2026-09-01 17:56:15 [INFO] [/home/vcdc/disk2t/lead/lead/inference/sensor_agent_bridgedrive.py:270] [SensorAgent] Saved 7 infractions to outputs/local_evaluation/bench2drive_111/infractions.json
=== [Agent] -- Wallclock = 2026-09-01 17:56:15.271 -- System time = 74.561 -- Game time = 18.450 -- Ratio = 0.247x
2026-09-01 17:56:15 [INFO] [/home/vcdc/disk2t/lead/lead/inference/sensor_agent_bridgedrive.py:270] [SensorAgent] Saved 7 infractions to outputs/local_evaluation/bench2drive_111/infractions.json
=== [Agent] -- Wallclock = 2026-09-01 17:56:15.512 -- System time = 74.802 -- Game time = 18.500 -- Ratio = 0.247x
2026-09-01 17:56:15 [INFO] [/home/vcdc/disk2t/lead/lead/inference/sensor_agent_bridgedrive.py:270] [SensorAgent] Saved 7 infractions to outputs/local_evaluation/bench2drive_111/infractions.json
=== [Agent] -- Wallclock = 2026-09-01 17:56:15.703 -- System time = 74.993 -- Game time = 18.550 -- Ratio = 0.247x
2026-09-01 17:56:15 [INFO] [/home/vcdc/disk2t/lead/lead/inference/sensor_agent_bridgedrive.py:270] [SensorAgent] Saved 7 infractions to outputs/local_evaluation/bench2drive_111/infractions.json
=== [Agent] -- Wallclock = 2026-09-01 17:56:15.942 -- System time = 75.231 -- Game time = 18.600 -- Ratio = 0.247x
2026-09-01 17:56:16 [INFO] [/home/vcdc/disk2t/lead/lead/inference/sensor_agent_bridgedrive.py:270] [SensorAgent] Saved 7 infractions to outputs/local_evaluation/bench2drive_111/infractions.json
=== [Agent] -- Wallclock = 2026-09-01 17:56:16.118 -- System time = 75.407 -- Game time = 18.650 -- Ratio = 0.247x
2026-09-01 17:56:16 [INFO] [/home/vcdc/disk2t/lead/lead/inference/sensor_agent_bridgedrive.py:270] [SensorAgent] Saved 7 infractions to outputs/local_evaluation/bench2drive_111/infractions.json
=== [Agent] -- Wallclock = 2026-09-01 17:56:16.342 -- System time = 75.631 -- Game time = 18.700 -- Ratio = 0.247x
2026-09-01 17:56:16 [INFO] [/home/vcdc/disk2t/lead/lead/inference/sensor_agent_bridgedrive.py:270] [SensorAgent] Saved 7 infractions to outputs/local_evaluation/bench2drive_111/infractions.json
=== [Agent] -- Wallclock = 2026-09-01 17:56:16.506 -- System time = 75.795 -- Game time = 18.750 -- Ratio = 0.247x
2026-09-01 17:56:16 [INFO] [/home/vcdc/disk2t/lead/lead/inference/sensor_agent_bridgedrive.py:270] [SensorAgent] Saved 7 infractions to outputs/local_evaluation/bench2drive_111/infractions.json
=== [Agent] -- Wallclock = 2026-09-01 17:56:16.736 -- System time = 76.025 -- Game time = 18.800 -- Ratio = 0.247x
2026-09-01 17:56:16 [INFO] [/home/vcdc/disk2t/lead/lead/inference/sensor_agent_bridgedrive.py:270] [SensorAgent] Saved 7 infractions to outputs/local_evaluation/bench2drive_111/infractions.json
=== [Agent] -- Wallclock = 2026-09-01 17:56:16.915 -- System time = 76.204 -- Game time = 18.850 -- Ratio = 0.247x
2026-09-01 17:56:17 [INFO] [/home/vcdc/disk2t/lead/lead/inference/sensor_agent_bridgedrive.py:270] [SensorAgent] Saved 7 infractions to outputs/local_evaluation/bench2drive_111/infractions.json
=== [Agent] -- Wallclock = 2026-09-01 17:56:17.173 -- System time = 76.462 -- Game time = 18.900 -- Ratio = 0.247x
2026-09-01 17:56:17 [INFO] [/home/vcdc/disk2t/lead/lead/inference/sensor_agent_bridgedrive.py:270] [SensorAgent] Saved 7 infractions to outputs/local_evaluation/bench2drive_111/infractions.json
=== [Agent] -- Wallclock = 2026-09-01 17:56:17.358 -- System time = 76.647 -- Game time = 18.950 -- Ratio = 0.247x
2026-09-01 17:56:17 [INFO] [/home/vcdc/disk2t/lead/lead/inference/sensor_agent_bridgedrive.py:270] [SensorAgent] Saved 7 infractions to outputs/local_evaluation/bench2drive_111/infractions.json
=== [Agent] -- Wallclock = 2026-09-01 17:56:17.593 -- System time = 76.882 -- Game time = 19.000 -- Ratio = 0.247x
2026-09-01 17:56:17 [INFO] [/home/vcdc/disk2t/lead/lead/inference/sensor_agent_bridgedrive.py:270] [SensorAgent] Saved 7 infractions to outputs/local_evaluation/bench2drive_111/infractions.json
=== [Agent] -- Wallclock = 2026-09-01 17:56:17.765 -- System time = 77.054 -- Game time = 19.050 -- Ratio = 0.247x
2026-09-01 17:56:17 [INFO] [/home/vcdc/disk2t/lead/lead/inference/sensor_agent_bridgedrive.py:270] [SensorAgent] Saved 7 infractions to outputs/local_evaluation/bench2drive_111/infractions.json
=== [Agent] -- Wallclock = 2026-09-01 17:56:18.007 -- System time = 77.296 -- Game time = 19.100 -- Ratio = 0.247x
2026-09-01 17:56:18 [INFO] [/home/vcdc/disk2t/lead/lead/inference/sensor_agent_bridgedrive.py:270] [SensorAgent] Saved 7 infractions to outputs/local_evaluation/bench2drive_111/infractions.json
=== [Agent] -- Wallclock = 2026-09-01 17:56:18.187 -- System time = 77.476 -- Game time = 19.150 -- Ratio = 0.247x
2026-09-01 17:56:18 [INFO] [/home/vcdc/disk2t/lead/lead/inference/sensor_agent_bridgedrive.py:270] [SensorAgent] Saved 7 infractions to outputs/local_evaluation/bench2drive_111/infractions.json
=== [Agent] -- Wallclock = 2026-09-01 17:56:18.419 -- System time = 77.709 -- Game time = 19.200 -- Ratio = 0.247x
2026-09-01 17:56:18 [INFO] [/home/vcdc/disk2t/lead/lead/inference/sensor_agent_bridgedrive.py:270] [SensorAgent] Saved 7 infractions to outputs/local_evaluation/bench2drive_111/infractions.json
=== [Agent] -- Wallclock = 2026-09-01 17:56:18.579 -- System time = 77.869 -- Game time = 19.250 -- Ratio = 0.247x
2026-09-01 17:56:18 [INFO] [/home/vcdc/disk2t/lead/lead/inference/sensor_agent_bridgedrive.py:270] [SensorAgent] Saved 7 infractions to outputs/local_evaluation/bench2drive_111/infractions.json
=== [Agent] -- Wallclock = 2026-09-01 17:56:18.810 -- System time = 78.099 -- Game time = 19.300 -- Ratio = 0.247x
2026-09-01 17:56:18 [INFO] [/home/vcdc/disk2t/lead/lead/inference/sensor_agent_bridgedrive.py:270] [SensorAgent] Saved 7 infractions to outputs/local_evaluation/bench2drive_111/infractions.json
=== [Agent] -- Wallclock = 2026-09-01 17:56:18.974 -- System time = 78.264 -- Game time = 19.350 -- Ratio = 0.247x
2026-09-01 17:56:19 [INFO] [/home/vcdc/disk2t/lead/lead/inference/sensor_agent_bridgedrive.py:270] [SensorAgent] Saved 7 infractions to outputs/local_evaluation/bench2drive_111/infractions.json
=== [Agent] -- Wallclock = 2026-09-01 17:56:19.202 -- System time = 78.492 -- Game time = 19.400 -- Ratio = 0.247x
2026-09-01 17:56:19 [INFO] [/home/vcdc/disk2t/lead/lead/inference/sensor_agent_bridgedrive.py:270] [SensorAgent] Saved 7 infractions to outputs/local_evaluation/bench2drive_111/infractions.json
=== [Agent] -- Wallclock = 2026-09-01 17:56:19.380 -- System time = 78.669 -- Game time = 19.450 -- Ratio = 0.247x
2026-09-01 17:56:19 [INFO] [/home/vcdc/disk2t/lead/lead/inference/sensor_agent_bridgedrive.py:270] [SensorAgent] Saved 7 infractions to outputs/local_evaluation/bench2drive_111/infractions.json
=== [Agent] -- Wallclock = 2026-09-01 17:56:19.652 -- System time = 78.941 -- Game time = 19.500 -- Ratio = 0.247x
2026-09-01 17:56:19 [INFO] [/home/vcdc/disk2t/lead/lead/inference/sensor_agent_bridgedrive.py:270] [SensorAgent] Saved 7 infractions to outputs/local_evaluation/bench2drive_111/infractions.json
=== [Agent] -- Wallclock = 2026-09-01 17:56:19.824 -- System time = 79.113 -- Game time = 19.550 -- Ratio = 0.247x
2026-09-01 17:56:19 [INFO] [/home/vcdc/disk2t/lead/lead/inference/sensor_agent_bridgedrive.py:270] [SensorAgent] Saved 7 infractions to outputs/local_evaluation/bench2drive_111/infractions.json
=== [Agent] -- Wallclock = 2026-09-01 17:56:20.063 -- System time = 79.352 -- Game time = 19.600 -- Ratio = 0.247x
2026-09-01 17:56:20 [INFO] [/home/vcdc/disk2t/lead/lead/inference/sensor_agent_bridgedrive.py:270] [SensorAgent] Saved 7 infractions to outputs/local_evaluation/bench2drive_111/infractions.json
=== [Agent] -- Wallclock = 2026-09-01 17:56:20.228 -- System time = 79.518 -- Game time = 19.650 -- Ratio = 0.247x
2026-09-01 17:56:20 [INFO] [/home/vcdc/disk2t/lead/lead/inference/sensor_agent_bridgedrive.py:270] [SensorAgent] Saved 7 infractions to outputs/local_evaluation/bench2drive_111/infractions.json
=== [Agent] -- Wallclock = 2026-09-01 17:56:20.479 -- System time = 79.768 -- Game time = 19.700 -- Ratio = 0.247x
2026-09-01 17:56:20 [INFO] [/home/vcdc/disk2t/lead/lead/inference/sensor_agent_bridgedrive.py:270] [SensorAgent] Saved 7 infractions to outputs/local_evaluation/bench2drive_111/infractions.json
=== [Agent] -- Wallclock = 2026-09-01 17:56:20.644 -- System time = 79.933 -- Game time = 19.750 -- Ratio = 0.247x
2026-09-01 17:56:20 [INFO] [/home/vcdc/disk2t/lead/lead/inference/sensor_agent_bridgedrive.py:270] [SensorAgent] Saved 7 infractions to outputs/local_evaluation/bench2drive_111/infractions.json
=== [Agent] -- Wallclock = 2026-09-01 17:56:20.886 -- System time = 80.175 -- Game time = 19.800 -- Ratio = 0.247x
2026-09-01 17:56:21 [INFO] [/home/vcdc/disk2t/lead/lead/inference/sensor_agent_bridgedrive.py:270] [SensorAgent] Saved 7 infractions to outputs/local_evaluation/bench2drive_111/infractions.json
=== [Agent] -- Wallclock = 2026-09-01 17:56:21.053 -- System time = 80.342 -- Game time = 19.850 -- Ratio = 0.247x
2026-09-01 17:56:21 [INFO] [/home/vcdc/disk2t/lead/lead/inference/sensor_agent_bridgedrive.py:270] [SensorAgent] Saved 7 infractions to outputs/local_evaluation/bench2drive_111/infractions.json
=== [Agent] -- Wallclock = 2026-09-01 17:56:21.285 -- System time = 80.574 -- Game time = 19.900 -- Ratio = 0.247x
2026-09-01 17:56:21 [INFO] [/home/vcdc/disk2t/lead/lead/inference/sensor_agent_bridgedrive.py:270] [SensorAgent] Saved 7 infractions to outputs/local_evaluation/bench2drive_111/infractions.json
=== [Agent] -- Wallclock = 2026-09-01 17:56:21.443 -- System time = 80.732 -- Game time = 19.950 -- Ratio = 0.247x
2026-09-01 17:56:21 [INFO] [/home/vcdc/disk2t/lead/lead/inference/sensor_agent_bridgedrive.py:270] [SensorAgent] Saved 7 infractions to outputs/local_evaluation/bench2drive_111/infractions.json
=== [Agent] -- Wallclock = 2026-09-01 17:56:21.673 -- System time = 80.962 -- Game time = 20.000 -- Ratio = 0.247x
2026-09-01 17:56:21 [INFO] [/home/vcdc/disk2t/lead/lead/inference/sensor_agent_bridgedrive.py:270] [SensorAgent] Saved 7 infractions to outputs/local_evaluation/bench2drive_111/infractions.json
=== [Agent] -- Wallclock = 2026-09-01 17:56:21.847 -- System time = 81.136 -- Game time = 20.050 -- Ratio = 0.247x
2026-09-01 17:56:21 [INFO] [/home/vcdc/disk2t/lead/lead/inference/sensor_agent_bridgedrive.py:270] [SensorAgent] Saved 7 infractions to outputs/local_evaluation/bench2drive_111/infractions.json
=== [Agent] -- Wallclock = 2026-09-01 17:56:22.085 -- System time = 81.374 -- Game time = 20.100 -- Ratio = 0.247x
2026-09-01 17:56:22 [INFO] [/home/vcdc/disk2t/lead/lead/inference/sensor_agent_bridgedrive.py:270] [SensorAgent] Saved 7 infractions to outputs/local_evaluation/bench2drive_111/infractions.json
=== [Agent] -- Wallclock = 2026-09-01 17:56:22.247 -- System time = 81.536 -- Game time = 20.150 -- Ratio = 0.247x
2026-09-01 17:56:22 [INFO] [/home/vcdc/disk2t/lead/lead/inference/sensor_agent_bridgedrive.py:270] [SensorAgent] Saved 7 infractions to outputs/local_evaluation/bench2drive_111/infractions.json
=== [Agent] -- Wallclock = 2026-09-01 17:56:22.470 -- System time = 81.759 -- Game time = 20.200 -- Ratio = 0.247x
2026-09-01 17:56:22 [INFO] [/home/vcdc/disk2t/lead/lead/inference/sensor_agent_bridgedrive.py:270] [SensorAgent] Saved 7 infractions to outputs/local_evaluation/bench2drive_111/infractions.json
=== [Agent] -- Wallclock = 2026-09-01 17:56:22.637 -- System time = 81.926 -- Game time = 20.250 -- Ratio = 0.247x
2026-09-01 17:56:22 [INFO] [/home/vcdc/disk2t/lead/lead/inference/sensor_agent_bridgedrive.py:270] [SensorAgent] Saved 7 infractions to outputs/local_evaluation/bench2drive_111/infractions.json
=== [Agent] -- Wallclock = 2026-09-01 17:56:22.887 -- System time = 82.176 -- Game time = 20.300 -- Ratio = 0.247x
2026-09-01 17:56:23 [INFO] [/home/vcdc/disk2t/lead/lead/inference/sensor_agent_bridgedrive.py:270] [SensorAgent] Saved 7 infractions to outputs/local_evaluation/bench2drive_111/infractions.json
=== [Agent] -- Wallclock = 2026-09-01 17:56:23.050 -- System time = 82.340 -- Game time = 20.350 -- Ratio = 0.247x
2026-09-01 17:56:23 [INFO] [/home/vcdc/disk2t/lead/lead/inference/sensor_agent_bridgedrive.py:270] [SensorAgent] Saved 7 infractions to outputs/local_evaluation/bench2drive_111/infractions.json
=== [Agent] -- Wallclock = 2026-09-01 17:56:23.289 -- System time = 82.579 -- Game time = 20.400 -- Ratio = 0.247x
2026-09-01 17:56:23 [INFO] [/home/vcdc/disk2t/lead/lead/inference/sensor_agent_bridgedrive.py:270] [SensorAgent] Saved 7 infractions to outputs/local_evaluation/bench2drive_111/infractions.json
=== [Agent] -- Wallclock = 2026-09-01 17:56:23.463 -- System time = 82.752 -- Game time = 20.450 -- Ratio = 0.247x
2026-09-01 17:56:23 [INFO] [/home/vcdc/disk2t/lead/lead/inference/sensor_agent_bridgedrive.py:270] [SensorAgent] Saved 7 infractions to outputs/local_evaluation/bench2drive_111/infractions.json
=== [Agent] -- Wallclock = 2026-09-01 17:56:23.697 -- System time = 82.986 -- Game time = 20.500 -- Ratio = 0.247x
2026-09-01 17:56:23 [INFO] [/home/vcdc/disk2t/lead/lead/inference/sensor_agent_bridgedrive.py:270] [SensorAgent] Saved 7 infractions to outputs/local_evaluation/bench2drive_111/infractions.json
=== [Agent] -- Wallclock = 2026-09-01 17:56:23.866 -- System time = 83.155 -- Game time = 20.550 -- Ratio = 0.247x
2026-09-01 17:56:24 [INFO] [/home/vcdc/disk2t/lead/lead/inference/sensor_agent_bridgedrive.py:270] [SensorAgent] Saved 7 infractions to outputs/local_evaluation/bench2drive_111/infractions.json
=== [Agent] -- Wallclock = 2026-09-01 17:56:24.103 -- System time = 83.392 -- Game time = 20.600 -- Ratio = 0.247x
2026-09-01 17:56:24 [INFO] [/home/vcdc/disk2t/lead/lead/inference/sensor_agent_bridgedrive.py:270] [SensorAgent] Saved 7 infractions to outputs/local_evaluation/bench2drive_111/infractions.json
=== [Agent] -- Wallclock = 2026-09-01 17:56:24.273 -- System time = 83.563 -- Game time = 20.650 -- Ratio = 0.247x
2026-09-01 17:56:24 [INFO] [/home/vcdc/disk2t/lead/lead/inference/sensor_agent_bridgedrive.py:270] [SensorAgent] Saved 7 infractions to outputs/local_evaluation/bench2drive_111/infractions.json
=== [Agent] -- Wallclock = 2026-09-01 17:56:24.507 -- System time = 83.796 -- Game time = 20.700 -- Ratio = 0.247x
2026-09-01 17:56:24 [INFO] [/home/vcdc/disk2t/lead/lead/inference/sensor_agent_bridgedrive.py:270] [SensorAgent] Saved 7 infractions to outputs/local_evaluation/bench2drive_111/infractions.json
=== [Agent] -- Wallclock = 2026-09-01 17:56:24.675 -- System time = 83.964 -- Game time = 20.750 -- Ratio = 0.247x
2026-09-01 17:56:24 [INFO] [/home/vcdc/disk2t/lead/lead/inference/sensor_agent_bridgedrive.py:270] [SensorAgent] Saved 7 infractions to outputs/local_evaluation/bench2drive_111/infractions.json
=== [Agent] -- Wallclock = 2026-09-01 17:56:24.912 -- System time = 84.201 -- Game time = 20.800 -- Ratio = 0.247x
2026-09-01 17:56:25 [INFO] [/home/vcdc/disk2t/lead/lead/inference/sensor_agent_bridgedrive.py:270] [SensorAgent] Saved 7 infractions to outputs/local_evaluation/bench2drive_111/infractions.json
=== [Agent] -- Wallclock = 2026-09-01 17:56:25.093 -- System time = 84.382 -- Game time = 20.850 -- Ratio = 0.247x
2026-09-01 17:56:25 [INFO] [/home/vcdc/disk2t/lead/lead/inference/sensor_agent_bridgedrive.py:270] [SensorAgent] Saved 7 infractions to outputs/local_evaluation/bench2drive_111/infractions.json
=== [Agent] -- Wallclock = 2026-09-01 17:56:25.327 -- System time = 84.616 -- Game time = 20.900 -- Ratio = 0.247x
2026-09-01 17:56:25 [INFO] [/home/vcdc/disk2t/lead/lead/inference/sensor_agent_bridgedrive.py:270] [SensorAgent] Saved 7 infractions to outputs/local_evaluation/bench2drive_111/infractions.json
=== [Agent] -- Wallclock = 2026-09-01 17:56:25.488 -- System time = 84.777 -- Game time = 20.950 -- Ratio = 0.247x
2026-09-01 17:56:25 [INFO] [/home/vcdc/disk2t/lead/lead/inference/sensor_agent_bridgedrive.py:270] [SensorAgent] Saved 7 infractions to outputs/local_evaluation/bench2drive_111/infractions.json
=== [Agent] -- Wallclock = 2026-09-01 17:56:25.719 -- System time = 85.009 -- Game time = 21.000 -- Ratio = 0.247x
2026-09-01 17:56:25 [INFO] [/home/vcdc/disk2t/lead/lead/inference/sensor_agent_bridgedrive.py:270] [SensorAgent] Saved 7 infractions to outputs/local_evaluation/bench2drive_111/infractions.json
=== [Agent] -- Wallclock = 2026-09-01 17:56:25.892 -- System time = 85.181 -- Game time = 21.050 -- Ratio = 0.247x
2026-09-01 17:56:26 [INFO] [/home/vcdc/disk2t/lead/lead/inference/sensor_agent_bridgedrive.py:270] [SensorAgent] Saved 7 infractions to outputs/local_evaluation/bench2drive_111/infractions.json
=== [Agent] -- Wallclock = 2026-09-01 17:56:26.123 -- System time = 85.412 -- Game time = 21.100 -- Ratio = 0.247x
2026-09-01 17:56:26 [INFO] [/home/vcdc/disk2t/lead/lead/inference/sensor_agent_bridgedrive.py:270] [SensorAgent] Saved 7 infractions to outputs/local_evaluation/bench2drive_111/infractions.json
=== [Agent] -- Wallclock = 2026-09-01 17:56:26.291 -- System time = 85.580 -- Game time = 21.150 -- Ratio = 0.247x
2026-09-01 17:56:26 [INFO] [/home/vcdc/disk2t/lead/lead/inference/sensor_agent_bridgedrive.py:270] [SensorAgent] Saved 7 infractions to outputs/local_evaluation/bench2drive_111/infractions.json
=== [Agent] -- Wallclock = 2026-09-01 17:56:26.524 -- System time = 85.813 -- Game time = 21.200 -- Ratio = 0.247x
2026-09-01 17:56:26 [INFO] [/home/vcdc/disk2t/lead/lead/inference/sensor_agent_bridgedrive.py:270] [SensorAgent] Saved 7 infractions to outputs/local_evaluation/bench2drive_111/infractions.json
=== [Agent] -- Wallclock = 2026-09-01 17:56:26.694 -- System time = 85.984 -- Game time = 21.250 -- Ratio = 0.247x
2026-09-01 17:56:26 [INFO] [/home/vcdc/disk2t/lead/lead/inference/sensor_agent_bridgedrive.py:270] [SensorAgent] Saved 7 infractions to outputs/local_evaluation/bench2drive_111/infractions.json
=== [Agent] -- Wallclock = 2026-09-01 17:56:26.920 -- System time = 86.210 -- Game time = 21.300 -- Ratio = 0.247x
2026-09-01 17:56:27 [INFO] [/home/vcdc/disk2t/lead/lead/inference/sensor_agent_bridgedrive.py:270] [SensorAgent] Saved 7 infractions to outputs/local_evaluation/bench2drive_111/infractions.json
=== [Agent] -- Wallclock = 2026-09-01 17:56:27.086 -- System time = 86.376 -- Game time = 21.350 -- Ratio = 0.247x
2026-09-01 17:56:27 [INFO] [/home/vcdc/disk2t/lead/lead/inference/sensor_agent_bridgedrive.py:270] [SensorAgent] Saved 7 infractions to outputs/local_evaluation/bench2drive_111/infractions.json
=== [Agent] -- Wallclock = 2026-09-01 17:56:27.331 -- System time = 86.620 -- Game time = 21.400 -- Ratio = 0.247x
2026-09-01 17:56:27 [INFO] [/home/vcdc/disk2t/lead/lead/inference/sensor_agent_bridgedrive.py:270] [SensorAgent] Saved 7 infractions to outputs/local_evaluation/bench2drive_111/infractions.json
=== [Agent] -- Wallclock = 2026-09-01 17:56:27.510 -- System time = 86.799 -- Game time = 21.450 -- Ratio = 0.247x
2026-09-01 17:56:27 [INFO] [/home/vcdc/disk2t/lead/lead/inference/sensor_agent_bridgedrive.py:270] [SensorAgent] Saved 7 infractions to outputs/local_evaluation/bench2drive_111/infractions.json
=== [Agent] -- Wallclock = 2026-09-01 17:56:27.755 -- System time = 87.044 -- Game time = 21.500 -- Ratio = 0.247x
2026-09-01 17:56:27 [INFO] [/home/vcdc/disk2t/lead/lead/inference/sensor_agent_bridgedrive.py:270] [SensorAgent] Saved 7 infractions to outputs/local_evaluation/bench2drive_111/infractions.json
=== [Agent] -- Wallclock = 2026-09-01 17:56:27.930 -- System time = 87.220 -- Game time = 21.550 -- Ratio = 0.247x
2026-09-01 17:56:28 [INFO] [/home/vcdc/disk2t/lead/lead/inference/sensor_agent_bridgedrive.py:270] [SensorAgent] Saved 7 infractions to outputs/local_evaluation/bench2drive_111/infractions.json
=== [Agent] -- Wallclock = 2026-09-01 17:56:28.161 -- System time = 87.451 -- Game time = 21.600 -- Ratio = 0.247x
2026-09-01 17:56:28 [INFO] [/home/vcdc/disk2t/lead/lead/inference/sensor_agent_bridgedrive.py:270] [SensorAgent] Saved 7 infractions to outputs/local_evaluation/bench2drive_111/infractions.json
=== [Agent] -- Wallclock = 2026-09-01 17:56:28.334 -- System time = 87.623 -- Game time = 21.650 -- Ratio = 0.247x
2026-09-01 17:56:28 [INFO] [/home/vcdc/disk2t/lead/lead/inference/sensor_agent_bridgedrive.py:270] [SensorAgent] Saved 7 infractions to outputs/local_evaluation/bench2drive_111/infractions.json
=== [Agent] -- Wallclock = 2026-09-01 17:56:28.582 -- System time = 87.871 -- Game time = 21.700 -- Ratio = 0.247x
2026-09-01 17:56:28 [INFO] [/home/vcdc/disk2t/lead/lead/inference/sensor_agent_bridgedrive.py:270] [SensorAgent] Saved 7 infractions to outputs/local_evaluation/bench2drive_111/infractions.json
=== [Agent] -- Wallclock = 2026-09-01 17:56:28.744 -- System time = 88.034 -- Game time = 21.750 -- Ratio = 0.247x
2026-09-01 17:56:28 [INFO] [/home/vcdc/disk2t/lead/lead/inference/sensor_agent_bridgedrive.py:270] [SensorAgent] Saved 7 infractions to outputs/local_evaluation/bench2drive_111/infractions.json
=== [Agent] -- Wallclock = 2026-09-01 17:56:28.987 -- System time = 88.276 -- Game time = 21.800 -- Ratio = 0.247x
2026-09-01 17:56:29 [INFO] [/home/vcdc/disk2t/lead/lead/inference/sensor_agent_bridgedrive.py:270] [SensorAgent] Saved 7 infractions to outputs/local_evaluation/bench2drive_111/infractions.json
=== [Agent] -- Wallclock = 2026-09-01 17:56:29.162 -- System time = 88.451 -- Game time = 21.850 -- Ratio = 0.247x
2026-09-01 17:56:29 [INFO] [/home/vcdc/disk2t/lead/lead/inference/sensor_agent_bridgedrive.py:270] [SensorAgent] Saved 7 infractions to outputs/local_evaluation/bench2drive_111/infractions.json
=== [Agent] -- Wallclock = 2026-09-01 17:56:29.390 -- System time = 88.679 -- Game time = 21.900 -- Ratio = 0.247x
2026-09-01 17:56:29 [INFO] [/home/vcdc/disk2t/lead/lead/inference/sensor_agent_bridgedrive.py:270] [SensorAgent] Saved 7 infractions to outputs/local_evaluation/bench2drive_111/infractions.json
=== [Agent] -- Wallclock = 2026-09-01 17:56:29.552 -- System time = 88.842 -- Game time = 21.950 -- Ratio = 0.247x
2026-09-01 17:56:29 [INFO] [/home/vcdc/disk2t/lead/lead/inference/sensor_agent_bridgedrive.py:270] [SensorAgent] Saved 7 infractions to outputs/local_evaluation/bench2drive_111/infractions.json
=== [Agent] -- Wallclock = 2026-09-01 17:56:29.805 -- System time = 89.095 -- Game time = 22.000 -- Ratio = 0.247x
2026-09-01 17:56:29 [INFO] [/home/vcdc/disk2t/lead/lead/inference/sensor_agent_bridgedrive.py:270] [SensorAgent] Saved 7 infractions to outputs/local_evaluation/bench2drive_111/infractions.json
=== [Agent] -- Wallclock = 2026-09-01 17:56:29.971 -- System time = 89.261 -- Game time = 22.050 -- Ratio = 0.247x
2026-09-01 17:56:30 [INFO] [/home/vcdc/disk2t/lead/lead/inference/sensor_agent_bridgedrive.py:270] [SensorAgent] Saved 7 infractions to outputs/local_evaluation/bench2drive_111/infractions.json
=== [Agent] -- Wallclock = 2026-09-01 17:56:30.214 -- System time = 89.503 -- Game time = 22.100 -- Ratio = 0.247x
2026-09-01 17:56:30 [INFO] [/home/vcdc/disk2t/lead/lead/inference/sensor_agent_bridgedrive.py:270] [SensorAgent] Saved 7 infractions to outputs/local_evaluation/bench2drive_111/infractions.json
=== [Agent] -- Wallclock = 2026-09-01 17:56:30.378 -- System time = 89.667 -- Game time = 22.150 -- Ratio = 0.247x
2026-09-01 17:56:30 [INFO] [/home/vcdc/disk2t/lead/lead/inference/sensor_agent_bridgedrive.py:270] [SensorAgent] Saved 7 infractions to outputs/local_evaluation/bench2drive_111/infractions.json
=== [Agent] -- Wallclock = 2026-09-01 17:56:30.609 -- System time = 89.898 -- Game time = 22.200 -- Ratio = 0.247x
2026-09-01 17:56:30 [INFO] [/home/vcdc/disk2t/lead/lead/inference/sensor_agent_bridgedrive.py:270] [SensorAgent] Saved 7 infractions to outputs/local_evaluation/bench2drive_111/infractions.json
=== [Agent] -- Wallclock = 2026-09-01 17:56:30.783 -- System time = 90.073 -- Game time = 22.250 -- Ratio = 0.247x
2026-09-01 17:56:30 [INFO] [/home/vcdc/disk2t/lead/lead/inference/sensor_agent_bridgedrive.py:270] [SensorAgent] Saved 7 infractions to outputs/local_evaluation/bench2drive_111/infractions.json
=== [Agent] -- Wallclock = 2026-09-01 17:56:31.010 -- System time = 90.300 -- Game time = 22.300 -- Ratio = 0.247x
2026-09-01 17:56:31 [INFO] [/home/vcdc/disk2t/lead/lead/inference/sensor_agent_bridgedrive.py:270] [SensorAgent] Saved 7 infractions to outputs/local_evaluation/bench2drive_111/infractions.json
=== [Agent] -- Wallclock = 2026-09-01 17:56:31.177 -- System time = 90.466 -- Game time = 22.350 -- Ratio = 0.247x
2026-09-01 17:56:31 [INFO] [/home/vcdc/disk2t/lead/lead/inference/sensor_agent_bridgedrive.py:270] [SensorAgent] Saved 7 infractions to outputs/local_evaluation/bench2drive_111/infractions.json
=== [Agent] -- Wallclock = 2026-09-01 17:56:31.407 -- System time = 90.696 -- Game time = 22.400 -- Ratio = 0.247x
2026-09-01 17:56:31 [INFO] [/home/vcdc/disk2t/lead/lead/inference/sensor_agent_bridgedrive.py:270] [SensorAgent] Saved 7 infractions to outputs/local_evaluation/bench2drive_111/infractions.json
=== [Agent] -- Wallclock = 2026-09-01 17:56:31.569 -- System time = 90.858 -- Game time = 22.450 -- Ratio = 0.247x
2026-09-01 17:56:31 [INFO] [/home/vcdc/disk2t/lead/lead/inference/sensor_agent_bridgedrive.py:270] [SensorAgent] Saved 7 infractions to outputs/local_evaluation/bench2drive_111/infractions.json
=== [Agent] -- Wallclock = 2026-09-01 17:56:31.796 -- System time = 91.085 -- Game time = 22.500 -- Ratio = 0.247x
2026-09-01 17:56:31 [INFO] [/home/vcdc/disk2t/lead/lead/inference/sensor_agent_bridgedrive.py:270] [SensorAgent] Saved 7 infractions to outputs/local_evaluation/bench2drive_111/infractions.json
=== [Agent] -- Wallclock = 2026-09-01 17:56:31.981 -- System time = 91.270 -- Game time = 22.550 -- Ratio = 0.247x
2026-09-01 17:56:32 [INFO] [/home/vcdc/disk2t/lead/lead/inference/sensor_agent_bridgedrive.py:270] [SensorAgent] Saved 7 infractions to outputs/local_evaluation/bench2drive_111/infractions.json
=== [Agent] -- Wallclock = 2026-09-01 17:56:32.225 -- System time = 91.514 -- Game time = 22.600 -- Ratio = 0.247x
2026-09-01 17:56:32 [INFO] [/home/vcdc/disk2t/lead/lead/inference/sensor_agent_bridgedrive.py:270] [SensorAgent] Saved 7 infractions to outputs/local_evaluation/bench2drive_111/infractions.json
=== [Agent] -- Wallclock = 2026-09-01 17:56:32.397 -- System time = 91.687 -- Game time = 22.650 -- Ratio = 0.247x
2026-09-01 17:56:32 [INFO] [/home/vcdc/disk2t/lead/lead/inference/sensor_agent_bridgedrive.py:270] [SensorAgent] Saved 7 infractions to outputs/local_evaluation/bench2drive_111/infractions.json
=== [Agent] -- Wallclock = 2026-09-01 17:56:32.648 -- System time = 91.938 -- Game time = 22.700 -- Ratio = 0.247x
2026-09-01 17:56:32 [INFO] [/home/vcdc/disk2t/lead/lead/inference/sensor_agent_bridgedrive.py:270] [SensorAgent] Saved 7 infractions to outputs/local_evaluation/bench2drive_111/infractions.json
=== [Agent] -- Wallclock = 2026-09-01 17:56:32.817 -- System time = 92.106 -- Game time = 22.750 -- Ratio = 0.247x
2026-09-01 17:56:32 [INFO] [/home/vcdc/disk2t/lead/lead/inference/sensor_agent_bridgedrive.py:270] [SensorAgent] Saved 7 infractions to outputs/local_evaluation/bench2drive_111/infractions.json
=== [Agent] -- Wallclock = 2026-09-01 17:56:33.065 -- System time = 92.354 -- Game time = 22.800 -- Ratio = 0.247x
2026-09-01 17:56:33 [INFO] [/home/vcdc/disk2t/lead/lead/inference/sensor_agent_bridgedrive.py:270] [SensorAgent] Saved 7 infractions to outputs/local_evaluation/bench2drive_111/infractions.json
=== [Agent] -- Wallclock = 2026-09-01 17:56:33.225 -- System time = 92.514 -- Game time = 22.850 -- Ratio = 0.247x
2026-09-01 17:56:33 [INFO] [/home/vcdc/disk2t/lead/lead/inference/sensor_agent_bridgedrive.py:270] [SensorAgent] Saved 7 infractions to outputs/local_evaluation/bench2drive_111/infractions.json
=== [Agent] -- Wallclock = 2026-09-01 17:56:33.450 -- System time = 92.739 -- Game time = 22.900 -- Ratio = 0.247x
2026-09-01 17:56:33 [INFO] [/home/vcdc/disk2t/lead/lead/inference/sensor_agent_bridgedrive.py:270] [SensorAgent] Saved 7 infractions to outputs/local_evaluation/bench2drive_111/infractions.json
=== [Agent] -- Wallclock = 2026-09-01 17:56:33.619 -- System time = 92.909 -- Game time = 22.950 -- Ratio = 0.247x
2026-09-01 17:56:33 [INFO] [/home/vcdc/disk2t/lead/lead/inference/sensor_agent_bridgedrive.py:270] [SensorAgent] Saved 7 infractions to outputs/local_evaluation/bench2drive_111/infractions.json
=== [Agent] -- Wallclock = 2026-09-01 17:56:33.854 -- System time = 93.143 -- Game time = 23.000 -- Ratio = 0.247x
2026-09-01 17:56:34 [INFO] [/home/vcdc/disk2t/lead/lead/inference/sensor_agent_bridgedrive.py:270] [SensorAgent] Saved 7 infractions to outputs/local_evaluation/bench2drive_111/infractions.json
=== [Agent] -- Wallclock = 2026-09-01 17:56:34.024 -- System time = 93.313 -- Game time = 23.050 -- Ratio = 0.247x
2026-09-01 17:56:34 [INFO] [/home/vcdc/disk2t/lead/lead/inference/sensor_agent_bridgedrive.py:270] [SensorAgent] Saved 7 infractions to outputs/local_evaluation/bench2drive_111/infractions.json
=== [Agent] -- Wallclock = 2026-09-01 17:56:34.262 -- System time = 93.552 -- Game time = 23.100 -- Ratio = 0.247x
2026-09-01 17:56:34 [INFO] [/home/vcdc/disk2t/lead/lead/inference/sensor_agent_bridgedrive.py:270] [SensorAgent] Saved 7 infractions to outputs/local_evaluation/bench2drive_111/infractions.json
=== [Agent] -- Wallclock = 2026-09-01 17:56:34.435 -- System time = 93.725 -- Game time = 23.150 -- Ratio = 0.247x
2026-09-01 17:56:34 [INFO] [/home/vcdc/disk2t/lead/lead/inference/sensor_agent_bridgedrive.py:270] [SensorAgent] Saved 7 infractions to outputs/local_evaluation/bench2drive_111/infractions.json
=== [Agent] -- Wallclock = 2026-09-01 17:56:34.673 -- System time = 93.962 -- Game time = 23.200 -- Ratio = 0.247x
2026-09-01 17:56:34 [INFO] [/home/vcdc/disk2t/lead/lead/inference/sensor_agent_bridgedrive.py:270] [SensorAgent] Saved 7 infractions to outputs/local_evaluation/bench2drive_111/infractions.json
=== [Agent] -- Wallclock = 2026-09-01 17:56:34.833 -- System time = 94.123 -- Game time = 23.250 -- Ratio = 0.247x
2026-09-01 17:56:34 [INFO] [/home/vcdc/disk2t/lead/lead/inference/sensor_agent_bridgedrive.py:270] [SensorAgent] Saved 7 infractions to outputs/local_evaluation/bench2drive_111/infractions.json
=== [Agent] -- Wallclock = 2026-09-01 17:56:35.076 -- System time = 94.366 -- Game time = 23.300 -- Ratio = 0.247x
2026-09-01 17:56:35 [INFO] [/home/vcdc/disk2t/lead/lead/inference/sensor_agent_bridgedrive.py:270] [SensorAgent] Saved 7 infractions to outputs/local_evaluation/bench2drive_111/infractions.json
=== [Agent] -- Wallclock = 2026-09-01 17:56:35.241 -- System time = 94.531 -- Game time = 23.350 -- Ratio = 0.247x
2026-09-01 17:56:35 [INFO] [/home/vcdc/disk2t/lead/lead/inference/sensor_agent_bridgedrive.py:270] [SensorAgent] Saved 7 infractions to outputs/local_evaluation/bench2drive_111/infractions.json
=== [Agent] -- Wallclock = 2026-09-01 17:56:35.471 -- System time = 94.760 -- Game time = 23.400 -- Ratio = 0.247x
2026-09-01 17:56:35 [INFO] [/home/vcdc/disk2t/lead/lead/inference/sensor_agent_bridgedrive.py:270] [SensorAgent] Saved 7 infractions to outputs/local_evaluation/bench2drive_111/infractions.json
=== [Agent] -- Wallclock = 2026-09-01 17:56:35.630 -- System time = 94.920 -- Game time = 23.450 -- Ratio = 0.247x
2026-09-01 17:56:35 [INFO] [/home/vcdc/disk2t/lead/lead/inference/sensor_agent_bridgedrive.py:270] [SensorAgent] Saved 7 infractions to outputs/local_evaluation/bench2drive_111/infractions.json
=== [Agent] -- Wallclock = 2026-09-01 17:56:35.863 -- System time = 95.152 -- Game time = 23.500 -- Ratio = 0.247x
2026-09-01 17:56:36 [INFO] [/home/vcdc/disk2t/lead/lead/inference/sensor_agent_bridgedrive.py:270] [SensorAgent] Saved 7 infractions to outputs/local_evaluation/bench2drive_111/infractions.json
=== [Agent] -- Wallclock = 2026-09-01 17:56:36.026 -- System time = 95.316 -- Game time = 23.550 -- Ratio = 0.247x
2026-09-01 17:56:36 [INFO] [/home/vcdc/disk2t/lead/lead/inference/sensor_agent_bridgedrive.py:270] [SensorAgent] Saved 7 infractions to outputs/local_evaluation/bench2drive_111/infractions.json
=== [Agent] -- Wallclock = 2026-09-01 17:56:36.255 -- System time = 95.544 -- Game time = 23.600 -- Ratio = 0.247x
2026-09-01 17:56:36 [INFO] [/home/vcdc/disk2t/lead/lead/inference/sensor_agent_bridgedrive.py:270] [SensorAgent] Saved 7 infractions to outputs/local_evaluation/bench2drive_111/infractions.json
=== [Agent] -- Wallclock = 2026-09-01 17:56:36.419 -- System time = 95.708 -- Game time = 23.650 -- Ratio = 0.247x
2026-09-01 17:56:36 [INFO] [/home/vcdc/disk2t/lead/lead/inference/sensor_agent_bridgedrive.py:270] [SensorAgent] Saved 7 infractions to outputs/local_evaluation/bench2drive_111/infractions.json
=== [Agent] -- Wallclock = 2026-09-01 17:56:36.669 -- System time = 95.958 -- Game time = 23.700 -- Ratio = 0.247x
2026-09-01 17:56:36 [INFO] [/home/vcdc/disk2t/lead/lead/inference/sensor_agent_bridgedrive.py:270] [SensorAgent] Saved 7 infractions to outputs/local_evaluation/bench2drive_111/infractions.json
=== [Agent] -- Wallclock = 2026-09-01 17:56:36.833 -- System time = 96.123 -- Game time = 23.750 -- Ratio = 0.247x
2026-09-01 17:56:36 [INFO] [/home/vcdc/disk2t/lead/lead/inference/sensor_agent_bridgedrive.py:270] [SensorAgent] Saved 7 infractions to outputs/local_evaluation/bench2drive_111/infractions.json
=== [Agent] -- Wallclock = 2026-09-01 17:56:37.079 -- System time = 96.368 -- Game time = 23.800 -- Ratio = 0.247x
2026-09-01 17:56:37 [INFO] [/home/vcdc/disk2t/lead/lead/inference/sensor_agent_bridgedrive.py:270] [SensorAgent] Saved 7 infractions to outputs/local_evaluation/bench2drive_111/infractions.json
=== [Agent] -- Wallclock = 2026-09-01 17:56:37.237 -- System time = 96.526 -- Game time = 23.850 -- Ratio = 0.247x
2026-09-01 17:56:37 [INFO] [/home/vcdc/disk2t/lead/lead/inference/sensor_agent_bridgedrive.py:270] [SensorAgent] Saved 7 infractions to outputs/local_evaluation/bench2drive_111/infractions.json
=== [Agent] -- Wallclock = 2026-09-01 17:56:37.483 -- System time = 96.772 -- Game time = 23.900 -- Ratio = 0.247x
2026-09-01 17:56:37 [INFO] [/home/vcdc/disk2t/lead/lead/inference/sensor_agent_bridgedrive.py:270] [SensorAgent] Saved 7 infractions to outputs/local_evaluation/bench2drive_111/infractions.json
=== [Agent] -- Wallclock = 2026-09-01 17:56:37.658 -- System time = 96.947 -- Game time = 23.950 -- Ratio = 0.247x
2026-09-01 17:56:37 [INFO] [/home/vcdc/disk2t/lead/lead/inference/sensor_agent_bridgedrive.py:270] [SensorAgent] Saved 7 infractions to outputs/local_evaluation/bench2drive_111/infractions.json
=== [Agent] -- Wallclock = 2026-09-01 17:56:37.913 -- System time = 97.202 -- Game time = 24.000 -- Ratio = 0.247x
2026-09-01 17:56:38 [INFO] [/home/vcdc/disk2t/lead/lead/inference/sensor_agent_bridgedrive.py:270] [SensorAgent] Saved 7 infractions to outputs/local_evaluation/bench2drive_111/infractions.json
=== [Agent] -- Wallclock = 2026-09-01 17:56:38.081 -- System time = 97.370 -- Game time = 24.050 -- Ratio = 0.247x
2026-09-01 17:56:38 [INFO] [/home/vcdc/disk2t/lead/lead/inference/sensor_agent_bridgedrive.py:270] [SensorAgent] Saved 7 infractions to outputs/local_evaluation/bench2drive_111/infractions.json
=== [Agent] -- Wallclock = 2026-09-01 17:56:38.318 -- System time = 97.607 -- Game time = 24.100 -- Ratio = 0.247x
2026-09-01 17:56:38 [INFO] [/home/vcdc/disk2t/lead/lead/inference/sensor_agent_bridgedrive.py:270] [SensorAgent] Saved 7 infractions to outputs/local_evaluation/bench2drive_111/infractions.json
=== [Agent] -- Wallclock = 2026-09-01 17:56:38.527 -- System time = 97.816 -- Game time = 24.150 -- Ratio = 0.247x
2026-09-01 17:56:38 [INFO] [/home/vcdc/disk2t/lead/lead/inference/sensor_agent_bridgedrive.py:270] [SensorAgent] Saved 7 infractions to outputs/local_evaluation/bench2drive_111/infractions.json
=== [Agent] -- Wallclock = 2026-09-01 17:56:38.768 -- System time = 98.058 -- Game time = 24.200 -- Ratio = 0.247x
2026-09-01 17:56:38 [INFO] [/home/vcdc/disk2t/lead/lead/inference/sensor_agent_bridgedrive.py:270] [SensorAgent] Saved 7 infractions to outputs/local_evaluation/bench2drive_111/infractions.json
=== [Agent] -- Wallclock = 2026-09-01 17:56:38.939 -- System time = 98.228 -- Game time = 24.250 -- Ratio = 0.247x
2026-09-01 17:56:39 [INFO] [/home/vcdc/disk2t/lead/lead/inference/sensor_agent_bridgedrive.py:270] [SensorAgent] Saved 7 infractions to outputs/local_evaluation/bench2drive_111/infractions.json
=== [Agent] -- Wallclock = 2026-09-01 17:56:39.191 -- System time = 98.480 -- Game time = 24.300 -- Ratio = 0.247x
2026-09-01 17:56:39 [INFO] [/home/vcdc/disk2t/lead/lead/inference/sensor_agent_bridgedrive.py:270] [SensorAgent] Saved 7 infractions to outputs/local_evaluation/bench2drive_111/infractions.json
=== [Agent] -- Wallclock = 2026-09-01 17:56:39.349 -- System time = 98.638 -- Game time = 24.350 -- Ratio = 0.247x
2026-09-01 17:56:39 [INFO] [/home/vcdc/disk2t/lead/lead/inference/sensor_agent_bridgedrive.py:270] [SensorAgent] Saved 7 infractions to outputs/local_evaluation/bench2drive_111/infractions.json
=== [Agent] -- Wallclock = 2026-09-01 17:56:39.575 -- System time = 98.864 -- Game time = 24.400 -- Ratio = 0.247x
2026-09-01 17:56:39 [INFO] [/home/vcdc/disk2t/lead/lead/inference/sensor_agent_bridgedrive.py:270] [SensorAgent] Saved 7 infractions to outputs/local_evaluation/bench2drive_111/infractions.json
=== [Agent] -- Wallclock = 2026-09-01 17:56:39.743 -- System time = 99.032 -- Game time = 24.450 -- Ratio = 0.247x
2026-09-01 17:56:39 [INFO] [/home/vcdc/disk2t/lead/lead/inference/sensor_agent_bridgedrive.py:270] [SensorAgent] Saved 7 infractions to outputs/local_evaluation/bench2drive_111/infractions.json
=== [Agent] -- Wallclock = 2026-09-01 17:56:39.990 -- System time = 99.279 -- Game time = 24.500 -- Ratio = 0.247x
2026-09-01 17:56:40 [INFO] [/home/vcdc/disk2t/lead/lead/inference/sensor_agent_bridgedrive.py:270] [SensorAgent] Saved 7 infractions to outputs/local_evaluation/bench2drive_111/infractions.json
=== [Agent] -- Wallclock = 2026-09-01 17:56:40.161 -- System time = 99.450 -- Game time = 24.550 -- Ratio = 0.247x
2026-09-01 17:56:40 [INFO] [/home/vcdc/disk2t/lead/lead/inference/sensor_agent_bridgedrive.py:270] [SensorAgent] Saved 7 infractions to outputs/local_evaluation/bench2drive_111/infractions.json
=== [Agent] -- Wallclock = 2026-09-01 17:56:40.392 -- System time = 99.682 -- Game time = 24.600 -- Ratio = 0.247x
2026-09-01 17:56:40 [INFO] [/home/vcdc/disk2t/lead/lead/inference/sensor_agent_bridgedrive.py:270] [SensorAgent] Saved 7 infractions to outputs/local_evaluation/bench2drive_111/infractions.json
=== [Agent] -- Wallclock = 2026-09-01 17:56:40.564 -- System time = 99.853 -- Game time = 24.650 -- Ratio = 0.247x
2026-09-01 17:56:40 [INFO] [/home/vcdc/disk2t/lead/lead/inference/sensor_agent_bridgedrive.py:270] [SensorAgent] Saved 7 infractions to outputs/local_evaluation/bench2drive_111/infractions.json
=== [Agent] -- Wallclock = 2026-09-01 17:56:40.804 -- System time = 100.093 -- Game time = 24.700 -- Ratio = 0.247x
2026-09-01 17:56:40 [INFO] [/home/vcdc/disk2t/lead/lead/inference/sensor_agent_bridgedrive.py:270] [SensorAgent] Saved 7 infractions to outputs/local_evaluation/bench2drive_111/infractions.json
=== [Agent] -- Wallclock = 2026-09-01 17:56:40.983 -- System time = 100.272 -- Game time = 24.750 -- Ratio = 0.247x
2026-09-01 17:56:41 [INFO] [/home/vcdc/disk2t/lead/lead/inference/sensor_agent_bridgedrive.py:270] [SensorAgent] Saved 7 infractions to outputs/local_evaluation/bench2drive_111/infractions.json
=== [Agent] -- Wallclock = 2026-09-01 17:56:41.217 -- System time = 100.507 -- Game time = 24.800 -- Ratio = 0.247x
2026-09-01 17:56:41 [INFO] [/home/vcdc/disk2t/lead/lead/inference/sensor_agent_bridgedrive.py:270] [SensorAgent] Saved 7 infractions to outputs/local_evaluation/bench2drive_111/infractions.json
=== [Agent] -- Wallclock = 2026-09-01 17:56:41.385 -- System time = 100.674 -- Game time = 24.850 -- Ratio = 0.247x
2026-09-01 17:56:41 [INFO] [/home/vcdc/disk2t/lead/lead/inference/sensor_agent_bridgedrive.py:270] [SensorAgent] Saved 7 infractions to outputs/local_evaluation/bench2drive_111/infractions.json
=== [Agent] -- Wallclock = 2026-09-01 17:56:41.637 -- System time = 100.926 -- Game time = 24.900 -- Ratio = 0.247x
2026-09-01 17:56:41 [INFO] [/home/vcdc/disk2t/lead/lead/inference/sensor_agent_bridgedrive.py:270] [SensorAgent] Saved 7 infractions to outputs/local_evaluation/bench2drive_111/infractions.json
=== [Agent] -- Wallclock = 2026-09-01 17:56:41.810 -- System time = 101.099 -- Game time = 24.950 -- Ratio = 0.247x
2026-09-01 17:56:41 [INFO] [/home/vcdc/disk2t/lead/lead/inference/sensor_agent_bridgedrive.py:270] [SensorAgent] Saved 7 infractions to outputs/local_evaluation/bench2drive_111/infractions.json
=== [Agent] -- Wallclock = 2026-09-01 17:56:42.049 -- System time = 101.338 -- Game time = 25.000 -- Ratio = 0.247x
2026-09-01 17:56:42 [INFO] [/home/vcdc/disk2t/lead/lead/inference/sensor_agent_bridgedrive.py:270] [SensorAgent] Saved 7 infractions to outputs/local_evaluation/bench2drive_111/infractions.json
=== [Agent] -- Wallclock = 2026-09-01 17:56:42.212 -- System time = 101.501 -- Game time = 25.050 -- Ratio = 0.247x
2026-09-01 17:56:42 [INFO] [/home/vcdc/disk2t/lead/lead/inference/sensor_agent_bridgedrive.py:270] [SensorAgent] Saved 7 infractions to outputs/local_evaluation/bench2drive_111/infractions.json
=== [Agent] -- Wallclock = 2026-09-01 17:56:42.443 -- System time = 101.732 -- Game time = 25.100 -- Ratio = 0.247x
2026-09-01 17:56:42 [INFO] [/home/vcdc/disk2t/lead/lead/inference/sensor_agent_bridgedrive.py:270] [SensorAgent] Saved 7 infractions to outputs/local_evaluation/bench2drive_111/infractions.json
=== [Agent] -- Wallclock = 2026-09-01 17:56:42.621 -- System time = 101.910 -- Game time = 25.150 -- Ratio = 0.247x
2026-09-01 17:56:42 [INFO] [/home/vcdc/disk2t/lead/lead/inference/sensor_agent_bridgedrive.py:270] [SensorAgent] Saved 7 infractions to outputs/local_evaluation/bench2drive_111/infractions.json
=== [Agent] -- Wallclock = 2026-09-01 17:56:42.860 -- System time = 102.149 -- Game time = 25.200 -- Ratio = 0.247x
2026-09-01 17:56:43 [INFO] [/home/vcdc/disk2t/lead/lead/inference/sensor_agent_bridgedrive.py:270] [SensorAgent] Saved 7 infractions to outputs/local_evaluation/bench2drive_111/infractions.json
=== [Agent] -- Wallclock = 2026-09-01 17:56:43.029 -- System time = 102.318 -- Game time = 25.250 -- Ratio = 0.247x
2026-09-01 17:56:43 [INFO] [/home/vcdc/disk2t/lead/lead/inference/sensor_agent_bridgedrive.py:270] [SensorAgent] Saved 7 infractions to outputs/local_evaluation/bench2drive_111/infractions.json
=== [Agent] -- Wallclock = 2026-09-01 17:56:43.267 -- System time = 102.556 -- Game time = 25.300 -- Ratio = 0.247x
2026-09-01 17:56:43 [INFO] [/home/vcdc/disk2t/lead/lead/inference/sensor_agent_bridgedrive.py:270] [SensorAgent] Saved 7 infractions to outputs/local_evaluation/bench2drive_111/infractions.json
=== [Agent] -- Wallclock = 2026-09-01 17:56:43.437 -- System time = 102.726 -- Game time = 25.350 -- Ratio = 0.247x
2026-09-01 17:56:43 [INFO] [/home/vcdc/disk2t/lead/lead/inference/sensor_agent_bridgedrive.py:270] [SensorAgent] Saved 7 infractions to outputs/local_evaluation/bench2drive_111/infractions.json
=== [Agent] -- Wallclock = 2026-09-01 17:56:43.670 -- System time = 102.959 -- Game time = 25.400 -- Ratio = 0.247x
2026-09-01 17:56:43 [INFO] [/home/vcdc/disk2t/lead/lead/inference/sensor_agent_bridgedrive.py:270] [SensorAgent] Saved 7 infractions to outputs/local_evaluation/bench2drive_111/infractions.json
=== [Agent] -- Wallclock = 2026-09-01 17:56:43.833 -- System time = 103.122 -- Game time = 25.450 -- Ratio = 0.247x
2026-09-01 17:56:43 [INFO] [/home/vcdc/disk2t/lead/lead/inference/sensor_agent_bridgedrive.py:270] [SensorAgent] Saved 7 infractions to outputs/local_evaluation/bench2drive_111/infractions.json
=== [Agent] -- Wallclock = 2026-09-01 17:56:44.060 -- System time = 103.350 -- Game time = 25.500 -- Ratio = 0.247x
2026-09-01 17:56:44 [INFO] [/home/vcdc/disk2t/lead/lead/inference/sensor_agent_bridgedrive.py:270] [SensorAgent] Saved 7 infractions to outputs/local_evaluation/bench2drive_111/infractions.json
=== [Agent] -- Wallclock = 2026-09-01 17:56:44.235 -- System time = 103.524 -- Game time = 25.550 -- Ratio = 0.247x
2026-09-01 17:56:44 [INFO] [/home/vcdc/disk2t/lead/lead/inference/sensor_agent_bridgedrive.py:270] [SensorAgent] Saved 7 infractions to outputs/local_evaluation/bench2drive_111/infractions.json
=== [Agent] -- Wallclock = 2026-09-01 17:56:44.481 -- System time = 103.771 -- Game time = 25.600 -- Ratio = 0.247x
2026-09-01 17:56:44 [INFO] [/home/vcdc/disk2t/lead/lead/inference/sensor_agent_bridgedrive.py:270] [SensorAgent] Saved 7 infractions to outputs/local_evaluation/bench2drive_111/infractions.json
=== [Agent] -- Wallclock = 2026-09-01 17:56:44.650 -- System time = 103.940 -- Game time = 25.650 -- Ratio = 0.247x
2026-09-01 17:56:44 [INFO] [/home/vcdc/disk2t/lead/lead/inference/sensor_agent_bridgedrive.py:270] [SensorAgent] Saved 7 infractions to outputs/local_evaluation/bench2drive_111/infractions.json
=== [Agent] -- Wallclock = 2026-09-01 17:56:44.884 -- System time = 104.173 -- Game time = 25.700 -- Ratio = 0.247x
2026-09-01 17:56:45 [INFO] [/home/vcdc/disk2t/lead/lead/inference/sensor_agent_bridgedrive.py:270] [SensorAgent] Saved 7 infractions to outputs/local_evaluation/bench2drive_111/infractions.json
=== [Agent] -- Wallclock = 2026-09-01 17:56:45.063 -- System time = 104.352 -- Game time = 25.750 -- Ratio = 0.247x
2026-09-01 17:56:45 [INFO] [/home/vcdc/disk2t/lead/lead/inference/sensor_agent_bridgedrive.py:270] [SensorAgent] Saved 7 infractions to outputs/local_evaluation/bench2drive_111/infractions.json
=== [Agent] -- Wallclock = 2026-09-01 17:56:45.302 -- System time = 104.592 -- Game time = 25.800 -- Ratio = 0.247x
2026-09-01 17:56:45 [INFO] [/home/vcdc/disk2t/lead/lead/inference/sensor_agent_bridgedrive.py:270] [SensorAgent] Saved 7 infractions to outputs/local_evaluation/bench2drive_111/infractions.json
=== [Agent] -- Wallclock = 2026-09-01 17:56:45.482 -- System time = 104.771 -- Game time = 25.850 -- Ratio = 0.247x
2026-09-01 17:56:45 [INFO] [/home/vcdc/disk2t/lead/lead/inference/sensor_agent_bridgedrive.py:270] [SensorAgent] Saved 7 infractions to outputs/local_evaluation/bench2drive_111/infractions.json
=== [Agent] -- Wallclock = 2026-09-01 17:56:45.730 -- System time = 105.019 -- Game time = 25.900 -- Ratio = 0.247x
2026-09-01 17:56:45 [INFO] [/home/vcdc/disk2t/lead/lead/inference/sensor_agent_bridgedrive.py:270] [SensorAgent] Saved 7 infractions to outputs/local_evaluation/bench2drive_111/infractions.json
=== [Agent] -- Wallclock = 2026-09-01 17:56:45.902 -- System time = 105.191 -- Game time = 25.950 -- Ratio = 0.247x
2026-09-01 17:56:46 [INFO] [/home/vcdc/disk2t/lead/lead/inference/sensor_agent_bridgedrive.py:270] [SensorAgent] Saved 7 infractions to outputs/local_evaluation/bench2drive_111/infractions.json
=== [Agent] -- Wallclock = 2026-09-01 17:56:46.129 -- System time = 105.419 -- Game time = 26.000 -- Ratio = 0.247x
2026-09-01 17:56:46 [INFO] [/home/vcdc/disk2t/lead/lead/inference/sensor_agent_bridgedrive.py:270] [SensorAgent] Saved 7 infractions to outputs/local_evaluation/bench2drive_111/infractions.json
=== [Agent] -- Wallclock = 2026-09-01 17:56:46.297 -- System time = 105.586 -- Game time = 26.050 -- Ratio = 0.247x
2026-09-01 17:56:46 [INFO] [/home/vcdc/disk2t/lead/lead/inference/sensor_agent_bridgedrive.py:270] [SensorAgent] Saved 7 infractions to outputs/local_evaluation/bench2drive_111/infractions.json
=== [Agent] -- Wallclock = 2026-09-01 17:56:46.535 -- System time = 105.824 -- Game time = 26.100 -- Ratio = 0.247x
2026-09-01 17:56:46 [INFO] [/home/vcdc/disk2t/lead/lead/inference/sensor_agent_bridgedrive.py:270] [SensorAgent] Saved 7 infractions to outputs/local_evaluation/bench2drive_111/infractions.json
=== [Agent] -- Wallclock = 2026-09-01 17:56:46.713 -- System time = 106.002 -- Game time = 26.150 -- Ratio = 0.247x
2026-09-01 17:56:46 [INFO] [/home/vcdc/disk2t/lead/lead/inference/sensor_agent_bridgedrive.py:270] [SensorAgent] Saved 7 infractions to outputs/local_evaluation/bench2drive_111/infractions.json
=== [Agent] -- Wallclock = 2026-09-01 17:56:46.949 -- System time = 106.239 -- Game time = 26.200 -- Ratio = 0.247x
2026-09-01 17:56:47 [INFO] [/home/vcdc/disk2t/lead/lead/inference/sensor_agent_bridgedrive.py:270] [SensorAgent] Saved 7 infractions to outputs/local_evaluation/bench2drive_111/infractions.json
=== [Agent] -- Wallclock = 2026-09-01 17:56:47.119 -- System time = 106.408 -- Game time = 26.250 -- Ratio = 0.247x
2026-09-01 17:56:47 [INFO] [/home/vcdc/disk2t/lead/lead/inference/sensor_agent_bridgedrive.py:270] [SensorAgent] Saved 7 infractions to outputs/local_evaluation/bench2drive_111/infractions.json
=== [Agent] -- Wallclock = 2026-09-01 17:56:47.346 -- System time = 106.635 -- Game time = 26.300 -- Ratio = 0.247x
2026-09-01 17:56:47 [INFO] [/home/vcdc/disk2t/lead/lead/inference/sensor_agent_bridgedrive.py:270] [SensorAgent] Saved 7 infractions to outputs/local_evaluation/bench2drive_111/infractions.json
=== [Agent] -- Wallclock = 2026-09-01 17:56:47.522 -- System time = 106.811 -- Game time = 26.350 -- Ratio = 0.247x
2026-09-01 17:56:47 [INFO] [/home/vcdc/disk2t/lead/lead/inference/sensor_agent_bridgedrive.py:270] [SensorAgent] Saved 7 infractions to outputs/local_evaluation/bench2drive_111/infractions.json
=== [Agent] -- Wallclock = 2026-09-01 17:56:47.762 -- System time = 107.051 -- Game time = 26.400 -- Ratio = 0.247x
2026-09-01 17:56:47 [INFO] [/home/vcdc/disk2t/lead/lead/inference/sensor_agent_bridgedrive.py:270] [SensorAgent] Saved 7 infractions to outputs/local_evaluation/bench2drive_111/infractions.json
=== [Agent] -- Wallclock = 2026-09-01 17:56:47.944 -- System time = 107.234 -- Game time = 26.450 -- Ratio = 0.247x
2026-09-01 17:56:48 [INFO] [/home/vcdc/disk2t/lead/lead/inference/sensor_agent_bridgedrive.py:270] [SensorAgent] Saved 7 infractions to outputs/local_evaluation/bench2drive_111/infractions.json
=== [Agent] -- Wallclock = 2026-09-01 17:56:48.216 -- System time = 107.505 -- Game time = 26.500 -- Ratio = 0.246x
2026-09-01 17:56:48 [INFO] [/home/vcdc/disk2t/lead/lead/inference/sensor_agent_bridgedrive.py:270] [SensorAgent] Saved 7 infractions to outputs/local_evaluation/bench2drive_111/infractions.json
=== [Agent] -- Wallclock = 2026-09-01 17:56:48.408 -- System time = 107.697 -- Game time = 26.550 -- Ratio = 0.247x
2026-09-01 17:56:48 [INFO] [/home/vcdc/disk2t/lead/lead/inference/sensor_agent_bridgedrive.py:270] [SensorAgent] Saved 7 infractions to outputs/local_evaluation/bench2drive_111/infractions.json
=== [Agent] -- Wallclock = 2026-09-01 17:56:48.670 -- System time = 107.960 -- Game time = 26.600 -- Ratio = 0.246x
2026-09-01 17:56:48 [INFO] [/home/vcdc/disk2t/lead/lead/inference/sensor_agent_bridgedrive.py:270] [SensorAgent] Saved 7 infractions to outputs/local_evaluation/bench2drive_111/infractions.json
=== [Agent] -- Wallclock = 2026-09-01 17:56:48.850 -- System time = 108.139 -- Game time = 26.650 -- Ratio = 0.246x
2026-09-01 17:56:49 [INFO] [/home/vcdc/disk2t/lead/lead/inference/sensor_agent_bridgedrive.py:270] [SensorAgent] Saved 7 infractions to outputs/local_evaluation/bench2drive_111/infractions.json
=== [Agent] -- Wallclock = 2026-09-01 17:56:49.098 -- System time = 108.388 -- Game time = 26.700 -- Ratio = 0.246x
2026-09-01 17:56:49 [INFO] [/home/vcdc/disk2t/lead/lead/inference/sensor_agent_bridgedrive.py:270] [SensorAgent] Saved 7 infractions to outputs/local_evaluation/bench2drive_111/infractions.json
=== [Agent] -- Wallclock = 2026-09-01 17:56:49.276 -- System time = 108.566 -- Game time = 26.750 -- Ratio = 0.246x
2026-09-01 17:56:49 [INFO] [/home/vcdc/disk2t/lead/lead/inference/sensor_agent_bridgedrive.py:270] [SensorAgent] Saved 7 infractions to outputs/local_evaluation/bench2drive_111/infractions.json
=== [Agent] -- Wallclock = 2026-09-01 17:56:49.532 -- System time = 108.821 -- Game time = 26.800 -- Ratio = 0.246x
2026-09-01 17:56:49 [INFO] [/home/vcdc/disk2t/lead/lead/inference/sensor_agent_bridgedrive.py:270] [SensorAgent] Saved 7 infractions to outputs/local_evaluation/bench2drive_111/infractions.json
=== [Agent] -- Wallclock = 2026-09-01 17:56:49.713 -- System time = 109.003 -- Game time = 26.850 -- Ratio = 0.246x
2026-09-01 17:56:49 [INFO] [/home/vcdc/disk2t/lead/lead/inference/sensor_agent_bridgedrive.py:270] [SensorAgent] Saved 7 infractions to outputs/local_evaluation/bench2drive_111/infractions.json
=== [Agent] -- Wallclock = 2026-09-01 17:56:49.967 -- System time = 109.256 -- Game time = 26.900 -- Ratio = 0.246x
2026-09-01 17:56:50 [INFO] [/home/vcdc/disk2t/lead/lead/inference/sensor_agent_bridgedrive.py:270] [SensorAgent] Saved 7 infractions to outputs/local_evaluation/bench2drive_111/infractions.json
=== [Agent] -- Wallclock = 2026-09-01 17:56:50.133 -- System time = 109.422 -- Game time = 26.950 -- Ratio = 0.246x
2026-09-01 17:56:50 [INFO] [/home/vcdc/disk2t/lead/lead/inference/sensor_agent_bridgedrive.py:270] [SensorAgent] Saved 7 infractions to outputs/local_evaluation/bench2drive_111/infractions.json
=== [Agent] -- Wallclock = 2026-09-01 17:56:50.373 -- System time = 109.662 -- Game time = 27.000 -- Ratio = 0.246x
2026-09-01 17:56:50 [INFO] [/home/vcdc/disk2t/lead/lead/inference/sensor_agent_bridgedrive.py:270] [SensorAgent] Saved 7 infractions to outputs/local_evaluation/bench2drive_111/infractions.json
=== [Agent] -- Wallclock = 2026-09-01 17:56:50.561 -- System time = 109.851 -- Game time = 27.050 -- Ratio = 0.246x
2026-09-01 17:56:50 [INFO] [/home/vcdc/disk2t/lead/lead/inference/sensor_agent_bridgedrive.py:270] [SensorAgent] Saved 7 infractions to outputs/local_evaluation/bench2drive_111/infractions.json
=== [Agent] -- Wallclock = 2026-09-01 17:56:50.805 -- System time = 110.094 -- Game time = 27.100 -- Ratio = 0.246x
2026-09-01 17:56:50 [INFO] [/home/vcdc/disk2t/lead/lead/inference/sensor_agent_bridgedrive.py:270] [SensorAgent] Saved 7 infractions to outputs/local_evaluation/bench2drive_111/infractions.json
=== [Agent] -- Wallclock = 2026-09-01 17:56:50.985 -- System time = 110.274 -- Game time = 27.150 -- Ratio = 0.246x
2026-09-01 17:56:51 [INFO] [/home/vcdc/disk2t/lead/lead/inference/sensor_agent_bridgedrive.py:270] [SensorAgent] Saved 7 infractions to outputs/local_evaluation/bench2drive_111/infractions.json
=== [Agent] -- Wallclock = 2026-09-01 17:56:51.220 -- System time = 110.509 -- Game time = 27.200 -- Ratio = 0.246x
2026-09-01 17:56:51 [INFO] [/home/vcdc/disk2t/lead/lead/inference/sensor_agent_bridgedrive.py:270] [SensorAgent] Saved 7 infractions to outputs/local_evaluation/bench2drive_111/infractions.json
=== [Agent] -- Wallclock = 2026-09-01 17:56:51.408 -- System time = 110.697 -- Game time = 27.250 -- Ratio = 0.246x
2026-09-01 17:56:51 [INFO] [/home/vcdc/disk2t/lead/lead/inference/sensor_agent_bridgedrive.py:270] [SensorAgent] Saved 7 infractions to outputs/local_evaluation/bench2drive_111/infractions.json
=== [Agent] -- Wallclock = 2026-09-01 17:56:51.640 -- System time = 110.929 -- Game time = 27.300 -- Ratio = 0.246x
2026-09-01 17:56:51 [INFO] [/home/vcdc/disk2t/lead/lead/inference/sensor_agent_bridgedrive.py:270] [SensorAgent] Saved 7 infractions to outputs/local_evaluation/bench2drive_111/infractions.json
=== [Agent] -- Wallclock = 2026-09-01 17:56:51.818 -- System time = 111.107 -- Game time = 27.350 -- Ratio = 0.246x
2026-09-01 17:56:51 [INFO] [/home/vcdc/disk2t/lead/lead/inference/sensor_agent_bridgedrive.py:270] [SensorAgent] Saved 7 infractions to outputs/local_evaluation/bench2drive_111/infractions.json
=== [Agent] -- Wallclock = 2026-09-01 17:56:52.046 -- System time = 111.335 -- Game time = 27.400 -- Ratio = 0.246x
2026-09-01 17:56:52 [INFO] [/home/vcdc/disk2t/lead/lead/inference/sensor_agent_bridgedrive.py:270] [SensorAgent] Saved 7 infractions to outputs/local_evaluation/bench2drive_111/infractions.json
=== [Agent] -- Wallclock = 2026-09-01 17:56:52.218 -- System time = 111.507 -- Game time = 27.450 -- Ratio = 0.246x
2026-09-01 17:56:52 [INFO] [/home/vcdc/disk2t/lead/lead/inference/sensor_agent_bridgedrive.py:270] [SensorAgent] Saved 7 infractions to outputs/local_evaluation/bench2drive_111/infractions.json
=== [Agent] -- Wallclock = 2026-09-01 17:56:52.474 -- System time = 111.763 -- Game time = 27.500 -- Ratio = 0.246x
2026-09-01 17:56:52 [INFO] [/home/vcdc/disk2t/lead/lead/inference/sensor_agent_bridgedrive.py:270] [SensorAgent] Saved 7 infractions to outputs/local_evaluation/bench2drive_111/infractions.json
=== [Agent] -- Wallclock = 2026-09-01 17:56:52.637 -- System time = 111.926 -- Game time = 27.550 -- Ratio = 0.246x
2026-09-01 17:56:52 [INFO] [/home/vcdc/disk2t/lead/lead/inference/sensor_agent_bridgedrive.py:270] [SensorAgent] Saved 7 infractions to outputs/local_evaluation/bench2drive_111/infractions.json
=== [Agent] -- Wallclock = 2026-09-01 17:56:52.886 -- System time = 112.175 -- Game time = 27.600 -- Ratio = 0.246x
2026-09-01 17:56:53 [INFO] [/home/vcdc/disk2t/lead/lead/inference/sensor_agent_bridgedrive.py:270] [SensorAgent] Saved 7 infractions to outputs/local_evaluation/bench2drive_111/infractions.json
=== [Agent] -- Wallclock = 2026-09-01 17:56:53.070 -- System time = 112.359 -- Game time = 27.650 -- Ratio = 0.246x
2026-09-01 17:56:53 [INFO] [/home/vcdc/disk2t/lead/lead/inference/sensor_agent_bridgedrive.py:270] [SensorAgent] Saved 7 infractions to outputs/local_evaluation/bench2drive_111/infractions.json
=== [Agent] -- Wallclock = 2026-09-01 17:56:53.309 -- System time = 112.599 -- Game time = 27.700 -- Ratio = 0.246x
2026-09-01 17:56:53 [INFO] [/home/vcdc/disk2t/lead/lead/inference/sensor_agent_bridgedrive.py:270] [SensorAgent] Saved 7 infractions to outputs/local_evaluation/bench2drive_111/infractions.json
=== [Agent] -- Wallclock = 2026-09-01 17:56:53.477 -- System time = 112.767 -- Game time = 27.750 -- Ratio = 0.246x
2026-09-01 17:56:53 [INFO] [/home/vcdc/disk2t/lead/lead/inference/sensor_agent_bridgedrive.py:270] [SensorAgent] Saved 7 infractions to outputs/local_evaluation/bench2drive_111/infractions.json
=== [Agent] -- Wallclock = 2026-09-01 17:56:53.720 -- System time = 113.010 -- Game time = 27.800 -- Ratio = 0.246x
2026-09-01 17:56:53 [INFO] [/home/vcdc/disk2t/lead/lead/inference/sensor_agent_bridgedrive.py:270] [SensorAgent] Saved 7 infractions to outputs/local_evaluation/bench2drive_111/infractions.json
=== [Agent] -- Wallclock = 2026-09-01 17:56:53.894 -- System time = 113.184 -- Game time = 27.850 -- Ratio = 0.246x
2026-09-01 17:56:54 [INFO] [/home/vcdc/disk2t/lead/lead/inference/sensor_agent_bridgedrive.py:270] [SensorAgent] Saved 7 infractions to outputs/local_evaluation/bench2drive_111/infractions.json
=== [Agent] -- Wallclock = 2026-09-01 17:56:54.130 -- System time = 113.419 -- Game time = 27.900 -- Ratio = 0.246x
2026-09-01 17:56:54 [INFO] [/home/vcdc/disk2t/lead/lead/inference/sensor_agent_bridgedrive.py:270] [SensorAgent] Saved 7 infractions to outputs/local_evaluation/bench2drive_111/infractions.json
=== [Agent] -- Wallclock = 2026-09-01 17:56:54.301 -- System time = 113.590 -- Game time = 27.950 -- Ratio = 0.246x
2026-09-01 17:56:54 [INFO] [/home/vcdc/disk2t/lead/lead/inference/sensor_agent_bridgedrive.py:270] [SensorAgent] Saved 7 infractions to outputs/local_evaluation/bench2drive_111/infractions.json
=== [Agent] -- Wallclock = 2026-09-01 17:56:54.540 -- System time = 113.830 -- Game time = 28.000 -- Ratio = 0.246x
2026-09-01 17:56:54 [INFO] [/home/vcdc/disk2t/lead/lead/inference/sensor_agent_bridgedrive.py:270] [SensorAgent] Saved 7 infractions to outputs/local_evaluation/bench2drive_111/infractions.json
=== [Agent] -- Wallclock = 2026-09-01 17:56:54.719 -- System time = 114.008 -- Game time = 28.050 -- Ratio = 0.246x
2026-09-01 17:56:54 [INFO] [/home/vcdc/disk2t/lead/lead/inference/sensor_agent_bridgedrive.py:270] [SensorAgent] Saved 7 infractions to outputs/local_evaluation/bench2drive_111/infractions.json
=== [Agent] -- Wallclock = 2026-09-01 17:56:54.967 -- System time = 114.256 -- Game time = 28.100 -- Ratio = 0.246x
2026-09-01 17:56:55 [INFO] [/home/vcdc/disk2t/lead/lead/inference/sensor_agent_bridgedrive.py:270] [SensorAgent] Saved 7 infractions to outputs/local_evaluation/bench2drive_111/infractions.json
=== [Agent] -- Wallclock = 2026-09-01 17:56:55.127 -- System time = 114.416 -- Game time = 28.150 -- Ratio = 0.246x
2026-09-01 17:56:55 [INFO] [/home/vcdc/disk2t/lead/lead/inference/sensor_agent_bridgedrive.py:270] [SensorAgent] Saved 7 infractions to outputs/local_evaluation/bench2drive_111/infractions.json
=== [Agent] -- Wallclock = 2026-09-01 17:56:55.358 -- System time = 114.647 -- Game time = 28.200 -- Ratio = 0.246x
2026-09-01 17:56:55 [INFO] [/home/vcdc/disk2t/lead/lead/inference/sensor_agent_bridgedrive.py:270] [SensorAgent] Saved 7 infractions to outputs/local_evaluation/bench2drive_111/infractions.json
=== [Agent] -- Wallclock = 2026-09-01 17:56:55.523 -- System time = 114.812 -- Game time = 28.250 -- Ratio = 0.246x
2026-09-01 17:56:55 [INFO] [/home/vcdc/disk2t/lead/lead/inference/sensor_agent_bridgedrive.py:270] [SensorAgent] Saved 7 infractions to outputs/local_evaluation/bench2drive_111/infractions.json
=== [Agent] -- Wallclock = 2026-09-01 17:56:55.765 -- System time = 115.054 -- Game time = 28.300 -- Ratio = 0.246x
2026-09-01 17:56:55 [INFO] [/home/vcdc/disk2t/lead/lead/inference/sensor_agent_bridgedrive.py:270] [SensorAgent] Saved 7 infractions to outputs/local_evaluation/bench2drive_111/infractions.json
=== [Agent] -- Wallclock = 2026-09-01 17:56:55.944 -- System time = 115.233 -- Game time = 28.350 -- Ratio = 0.246x
2026-09-01 17:56:56 [INFO] [/home/vcdc/disk2t/lead/lead/inference/sensor_agent_bridgedrive.py:270] [SensorAgent] Saved 7 infractions to outputs/local_evaluation/bench2drive_111/infractions.json
=== [Agent] -- Wallclock = 2026-09-01 17:56:56.184 -- System time = 115.473 -- Game time = 28.400 -- Ratio = 0.246x
2026-09-01 17:56:56 [INFO] [/home/vcdc/disk2t/lead/lead/inference/sensor_agent_bridgedrive.py:270] [SensorAgent] Saved 7 infractions to outputs/local_evaluation/bench2drive_111/infractions.json
=== [Agent] -- Wallclock = 2026-09-01 17:56:56.378 -- System time = 115.667 -- Game time = 28.450 -- Ratio = 0.246x
2026-09-01 17:56:56 [INFO] [/home/vcdc/disk2t/lead/lead/inference/sensor_agent_bridgedrive.py:270] [SensorAgent] Saved 7 infractions to outputs/local_evaluation/bench2drive_111/infractions.json
=== [Agent] -- Wallclock = 2026-09-01 17:56:56.627 -- System time = 115.917 -- Game time = 28.500 -- Ratio = 0.246x
2026-09-01 17:56:56 [INFO] [/home/vcdc/disk2t/lead/lead/inference/sensor_agent_bridgedrive.py:270] [SensorAgent] Saved 7 infractions to outputs/local_evaluation/bench2drive_111/infractions.json
=== [Agent] -- Wallclock = 2026-09-01 17:56:56.790 -- System time = 116.079 -- Game time = 28.550 -- Ratio = 0.246x
2026-09-01 17:56:56 [INFO] [/home/vcdc/disk2t/lead/lead/inference/sensor_agent_bridgedrive.py:270] [SensorAgent] Saved 7 infractions to outputs/local_evaluation/bench2drive_111/infractions.json
=== [Agent] -- Wallclock = 2026-09-01 17:56:57.034 -- System time = 116.323 -- Game time = 28.600 -- Ratio = 0.246x
2026-09-01 17:56:57 [INFO] [/home/vcdc/disk2t/lead/lead/inference/sensor_agent_bridgedrive.py:270] [SensorAgent] Saved 7 infractions to outputs/local_evaluation/bench2drive_111/infractions.json
=== [Agent] -- Wallclock = 2026-09-01 17:56:57.208 -- System time = 116.497 -- Game time = 28.650 -- Ratio = 0.246x
2026-09-01 17:56:57 [INFO] [/home/vcdc/disk2t/lead/lead/inference/sensor_agent_bridgedrive.py:270] [SensorAgent] Saved 7 infractions to outputs/local_evaluation/bench2drive_111/infractions.json
=== [Agent] -- Wallclock = 2026-09-01 17:56:57.447 -- System time = 116.736 -- Game time = 28.700 -- Ratio = 0.246x
2026-09-01 17:56:57 [INFO] [/home/vcdc/disk2t/lead/lead/inference/sensor_agent_bridgedrive.py:270] [SensorAgent] Saved 7 infractions to outputs/local_evaluation/bench2drive_111/infractions.json
=== [Agent] -- Wallclock = 2026-09-01 17:56:57.611 -- System time = 116.900 -- Game time = 28.750 -- Ratio = 0.246x
2026-09-01 17:56:57 [INFO] [/home/vcdc/disk2t/lead/lead/inference/sensor_agent_bridgedrive.py:270] [SensorAgent] Saved 7 infractions to outputs/local_evaluation/bench2drive_111/infractions.json
=== [Agent] -- Wallclock = 2026-09-01 17:56:57.843 -- System time = 117.133 -- Game time = 28.800 -- Ratio = 0.246x
2026-09-01 17:56:58 [INFO] [/home/vcdc/disk2t/lead/lead/inference/sensor_agent_bridgedrive.py:270] [SensorAgent] Saved 7 infractions to outputs/local_evaluation/bench2drive_111/infractions.json
=== [Agent] -- Wallclock = 2026-09-01 17:56:58.032 -- System time = 117.321 -- Game time = 28.850 -- Ratio = 0.246x
2026-09-01 17:56:58 [INFO] [/home/vcdc/disk2t/lead/lead/inference/sensor_agent_bridgedrive.py:270] [SensorAgent] Saved 7 infractions to outputs/local_evaluation/bench2drive_111/infractions.json
=== [Agent] -- Wallclock = 2026-09-01 17:56:58.262 -- System time = 117.552 -- Game time = 28.900 -- Ratio = 0.246x
2026-09-01 17:56:58 [INFO] [/home/vcdc/disk2t/lead/lead/inference/sensor_agent_bridgedrive.py:270] [SensorAgent] Saved 7 infractions to outputs/local_evaluation/bench2drive_111/infractions.json
=== [Agent] -- Wallclock = 2026-09-01 17:56:58.420 -- System time = 117.710 -- Game time = 28.950 -- Ratio = 0.246x
2026-09-01 17:56:58 [INFO] [/home/vcdc/disk2t/lead/lead/inference/sensor_agent_bridgedrive.py:270] [SensorAgent] Saved 7 infractions to outputs/local_evaluation/bench2drive_111/infractions.json
=== [Agent] -- Wallclock = 2026-09-01 17:56:58.671 -- System time = 117.960 -- Game time = 29.000 -- Ratio = 0.246x
2026-09-01 17:56:58 [INFO] [/home/vcdc/disk2t/lead/lead/inference/sensor_agent_bridgedrive.py:270] [SensorAgent] Saved 7 infractions to outputs/local_evaluation/bench2drive_111/infractions.json
=== [Agent] -- Wallclock = 2026-09-01 17:56:58.827 -- System time = 118.116 -- Game time = 29.050 -- Ratio = 0.246x
2026-09-01 17:56:58 [INFO] [/home/vcdc/disk2t/lead/lead/inference/sensor_agent_bridgedrive.py:270] [SensorAgent] Saved 7 infractions to outputs/local_evaluation/bench2drive_111/infractions.json
=== [Agent] -- Wallclock = 2026-09-01 17:56:59.071 -- System time = 118.360 -- Game time = 29.100 -- Ratio = 0.246x
2026-09-01 17:56:59 [INFO] [/home/vcdc/disk2t/lead/lead/inference/sensor_agent_bridgedrive.py:270] [SensorAgent] Saved 7 infractions to outputs/local_evaluation/bench2drive_111/infractions.json
=== [Agent] -- Wallclock = 2026-09-01 17:56:59.263 -- System time = 118.552 -- Game time = 29.150 -- Ratio = 0.246x
2026-09-01 17:56:59 [INFO] [/home/vcdc/disk2t/lead/lead/inference/sensor_agent_bridgedrive.py:270] [SensorAgent] Saved 7 infractions to outputs/local_evaluation/bench2drive_111/infractions.json
=== [Agent] -- Wallclock = 2026-09-01 17:56:59.510 -- System time = 118.800 -- Game time = 29.200 -- Ratio = 0.246x
2026-09-01 17:56:59 [INFO] [/home/vcdc/disk2t/lead/lead/inference/sensor_agent_bridgedrive.py:270] [SensorAgent] Saved 7 infractions to outputs/local_evaluation/bench2drive_111/infractions.json
=== [Agent] -- Wallclock = 2026-09-01 17:56:59.689 -- System time = 118.978 -- Game time = 29.250 -- Ratio = 0.246x
2026-09-01 17:56:59 [INFO] [/home/vcdc/disk2t/lead/lead/inference/sensor_agent_bridgedrive.py:270] [SensorAgent] Saved 7 infractions to outputs/local_evaluation/bench2drive_111/infractions.json
=== [Agent] -- Wallclock = 2026-09-01 17:56:59.936 -- System time = 119.225 -- Game time = 29.300 -- Ratio = 0.246x
2026-09-01 17:57:00 [INFO] [/home/vcdc/disk2t/lead/lead/inference/sensor_agent_bridgedrive.py:270] [SensorAgent] Saved 7 infractions to outputs/local_evaluation/bench2drive_111/infractions.json
=== [Agent] -- Wallclock = 2026-09-01 17:57:00.113 -- System time = 119.402 -- Game time = 29.350 -- Ratio = 0.246x
2026-09-01 17:57:00 [INFO] [/home/vcdc/disk2t/lead/lead/inference/sensor_agent_bridgedrive.py:270] [SensorAgent] Saved 7 infractions to outputs/local_evaluation/bench2drive_111/infractions.json
=== [Agent] -- Wallclock = 2026-09-01 17:57:00.350 -- System time = 119.639 -- Game time = 29.400 -- Ratio = 0.246x
2026-09-01 17:57:00 [INFO] [/home/vcdc/disk2t/lead/lead/inference/sensor_agent_bridgedrive.py:270] [SensorAgent] Saved 7 infractions to outputs/local_evaluation/bench2drive_111/infractions.json
=== [Agent] -- Wallclock = 2026-09-01 17:57:00.517 -- System time = 119.806 -- Game time = 29.450 -- Ratio = 0.246x
2026-09-01 17:57:00 [INFO] [/home/vcdc/disk2t/lead/lead/inference/sensor_agent_bridgedrive.py:270] [SensorAgent] Saved 7 infractions to outputs/local_evaluation/bench2drive_111/infractions.json
=== [Agent] -- Wallclock = 2026-09-01 17:57:00.758 -- System time = 120.047 -- Game time = 29.500 -- Ratio = 0.246x
2026-09-01 17:57:00 [INFO] [/home/vcdc/disk2t/lead/lead/inference/sensor_agent_bridgedrive.py:270] [SensorAgent] Saved 7 infractions to outputs/local_evaluation/bench2drive_111/infractions.json
=== [Agent] -- Wallclock = 2026-09-01 17:57:00.931 -- System time = 120.220 -- Game time = 29.550 -- Ratio = 0.246x
2026-09-01 17:57:01 [INFO] [/home/vcdc/disk2t/lead/lead/inference/sensor_agent_bridgedrive.py:270] [SensorAgent] Saved 7 infractions to outputs/local_evaluation/bench2drive_111/infractions.json
=== [Agent] -- Wallclock = 2026-09-01 17:57:01.165 -- System time = 120.455 -- Game time = 29.600 -- Ratio = 0.246x
2026-09-01 17:57:01 [INFO] [/home/vcdc/disk2t/lead/lead/inference/sensor_agent_bridgedrive.py:270] [SensorAgent] Saved 7 infractions to outputs/local_evaluation/bench2drive_111/infractions.json
=== [Agent] -- Wallclock = 2026-09-01 17:57:01.334 -- System time = 120.623 -- Game time = 29.650 -- Ratio = 0.246x
2026-09-01 17:57:01 [INFO] [/home/vcdc/disk2t/lead/lead/inference/sensor_agent_bridgedrive.py:270] [SensorAgent] Saved 7 infractions to outputs/local_evaluation/bench2drive_111/infractions.json
=== [Agent] -- Wallclock = 2026-09-01 17:57:01.567 -- System time = 120.856 -- Game time = 29.700 -- Ratio = 0.246x
2026-09-01 17:57:01 [INFO] [/home/vcdc/disk2t/lead/lead/inference/sensor_agent_bridgedrive.py:270] [SensorAgent] Saved 7 infractions to outputs/local_evaluation/bench2drive_111/infractions.json
=== [Agent] -- Wallclock = 2026-09-01 17:57:01.730 -- System time = 121.019 -- Game time = 29.750 -- Ratio = 0.246x
2026-09-01 17:57:01 [INFO] [/home/vcdc/disk2t/lead/lead/inference/sensor_agent_bridgedrive.py:270] [SensorAgent] Saved 7 infractions to outputs/local_evaluation/bench2drive_111/infractions.json
=== [Agent] -- Wallclock = 2026-09-01 17:57:01.976 -- System time = 121.265 -- Game time = 29.800 -- Ratio = 0.246x
2026-09-01 17:57:02 [INFO] [/home/vcdc/disk2t/lead/lead/inference/sensor_agent_bridgedrive.py:270] [SensorAgent] Saved 7 infractions to outputs/local_evaluation/bench2drive_111/infractions.json
=== [Agent] -- Wallclock = 2026-09-01 17:57:02.145 -- System time = 121.435 -- Game time = 29.850 -- Ratio = 0.246x
2026-09-01 17:57:02 [INFO] [/home/vcdc/disk2t/lead/lead/inference/sensor_agent_bridgedrive.py:270] [SensorAgent] Saved 7 infractions to outputs/local_evaluation/bench2drive_111/infractions.json
=== [Agent] -- Wallclock = 2026-09-01 17:57:02.375 -- System time = 121.665 -- Game time = 29.900 -- Ratio = 0.246x
2026-09-01 17:57:02 [INFO] [/home/vcdc/disk2t/lead/lead/inference/sensor_agent_bridgedrive.py:270] [SensorAgent] Saved 7 infractions to outputs/local_evaluation/bench2drive_111/infractions.json
=== [Agent] -- Wallclock = 2026-09-01 17:57:02.538 -- System time = 121.827 -- Game time = 29.950 -- Ratio = 0.246x
2026-09-01 17:57:02 [INFO] [/home/vcdc/disk2t/lead/lead/inference/sensor_agent_bridgedrive.py:270] [SensorAgent] Saved 7 infractions to outputs/local_evaluation/bench2drive_111/infractions.json
=== [Agent] -- Wallclock = 2026-09-01 17:57:02.796 -- System time = 122.085 -- Game time = 30.000 -- Ratio = 0.246x
2026-09-01 17:57:02 [INFO] [/home/vcdc/disk2t/lead/lead/inference/sensor_agent_bridgedrive.py:270] [SensorAgent] Saved 7 infractions to outputs/local_evaluation/bench2drive_111/infractions.json
=== [Agent] -- Wallclock = 2026-09-01 17:57:02.971 -- System time = 122.260 -- Game time = 30.050 -- Ratio = 0.246x
2026-09-01 17:57:03 [INFO] [/home/vcdc/disk2t/lead/lead/inference/sensor_agent_bridgedrive.py:270] [SensorAgent] Saved 7 infractions to outputs/local_evaluation/bench2drive_111/infractions.json
=== [Agent] -- Wallclock = 2026-09-01 17:57:03.204 -- System time = 122.493 -- Game time = 30.100 -- Ratio = 0.246x
2026-09-01 17:57:03 [INFO] [/home/vcdc/disk2t/lead/lead/inference/sensor_agent_bridgedrive.py:270] [SensorAgent] Saved 7 infractions to outputs/local_evaluation/bench2drive_111/infractions.json
=== [Agent] -- Wallclock = 2026-09-01 17:57:03.368 -- System time = 122.657 -- Game time = 30.150 -- Ratio = 0.246x
2026-09-01 17:57:03 [INFO] [/home/vcdc/disk2t/lead/lead/inference/sensor_agent_bridgedrive.py:270] [SensorAgent] Saved 7 infractions to outputs/local_evaluation/bench2drive_111/infractions.json
=== [Agent] -- Wallclock = 2026-09-01 17:57:03.613 -- System time = 122.902 -- Game time = 30.200 -- Ratio = 0.246x
2026-09-01 17:57:03 [INFO] [/home/vcdc/disk2t/lead/lead/inference/sensor_agent_bridgedrive.py:270] [SensorAgent] Saved 7 infractions to outputs/local_evaluation/bench2drive_111/infractions.json
=== [Agent] -- Wallclock = 2026-09-01 17:57:03.794 -- System time = 123.084 -- Game time = 30.250 -- Ratio = 0.246x
2026-09-01 17:57:03 [INFO] [/home/vcdc/disk2t/lead/lead/inference/sensor_agent_bridgedrive.py:270] [SensorAgent] Saved 7 infractions to outputs/local_evaluation/bench2drive_111/infractions.json
=== [Agent] -- Wallclock = 2026-09-01 17:57:04.047 -- System time = 123.337 -- Game time = 30.300 -- Ratio = 0.246x
2026-09-01 17:57:04 [INFO] [/home/vcdc/disk2t/lead/lead/inference/sensor_agent_bridgedrive.py:270] [SensorAgent] Saved 7 infractions to outputs/local_evaluation/bench2drive_111/infractions.json
=== [Agent] -- Wallclock = 2026-09-01 17:57:04.213 -- System time = 123.503 -- Game time = 30.350 -- Ratio = 0.246x
2026-09-01 17:57:04 [INFO] [/home/vcdc/disk2t/lead/lead/inference/sensor_agent_bridgedrive.py:270] [SensorAgent] Saved 7 infractions to outputs/local_evaluation/bench2drive_111/infractions.json
=== [Agent] -- Wallclock = 2026-09-01 17:57:04.461 -- System time = 123.750 -- Game time = 30.400 -- Ratio = 0.246x
2026-09-01 17:57:04 [INFO] [/home/vcdc/disk2t/lead/lead/inference/sensor_agent_bridgedrive.py:270] [SensorAgent] Saved 7 infractions to outputs/local_evaluation/bench2drive_111/infractions.json
=== [Agent] -- Wallclock = 2026-09-01 17:57:04.628 -- System time = 123.917 -- Game time = 30.450 -- Ratio = 0.246x
2026-09-01 17:57:04 [INFO] [/home/vcdc/disk2t/lead/lead/inference/sensor_agent_bridgedrive.py:270] [SensorAgent] Saved 7 infractions to outputs/local_evaluation/bench2drive_111/infractions.json
=== [Agent] -- Wallclock = 2026-09-01 17:57:04.856 -- System time = 124.145 -- Game time = 30.500 -- Ratio = 0.246x
2026-09-01 17:57:04 [INFO] [/home/vcdc/disk2t/lead/lead/inference/sensor_agent_bridgedrive.py:270] [SensorAgent] Saved 7 infractions to outputs/local_evaluation/bench2drive_111/infractions.json
=== [Agent] -- Wallclock = 2026-09-01 17:57:05.024 -- System time = 124.313 -- Game time = 30.550 -- Ratio = 0.246x
2026-09-01 17:57:05 [INFO] [/home/vcdc/disk2t/lead/lead/inference/sensor_agent_bridgedrive.py:270] [SensorAgent] Saved 7 infractions to outputs/local_evaluation/bench2drive_111/infractions.json
=== [Agent] -- Wallclock = 2026-09-01 17:57:05.256 -- System time = 124.545 -- Game time = 30.600 -- Ratio = 0.246x
2026-09-01 17:57:05 [INFO] [/home/vcdc/disk2t/lead/lead/inference/sensor_agent_bridgedrive.py:270] [SensorAgent] Saved 7 infractions to outputs/local_evaluation/bench2drive_111/infractions.json
=== [Agent] -- Wallclock = 2026-09-01 17:57:05.428 -- System time = 124.717 -- Game time = 30.650 -- Ratio = 0.246x
2026-09-01 17:57:05 [INFO] [/home/vcdc/disk2t/lead/lead/inference/sensor_agent_bridgedrive.py:270] [SensorAgent] Saved 7 infractions to outputs/local_evaluation/bench2drive_111/infractions.json
=== [Agent] -- Wallclock = 2026-09-01 17:57:05.672 -- System time = 124.962 -- Game time = 30.700 -- Ratio = 0.246x
2026-09-01 17:57:05 [INFO] [/home/vcdc/disk2t/lead/lead/inference/sensor_agent_bridgedrive.py:270] [SensorAgent] Saved 7 infractions to outputs/local_evaluation/bench2drive_111/infractions.json
=== [Agent] -- Wallclock = 2026-09-01 17:57:05.865 -- System time = 125.154 -- Game time = 30.750 -- Ratio = 0.246x
2026-09-01 17:57:06 [INFO] [/home/vcdc/disk2t/lead/lead/inference/sensor_agent_bridgedrive.py:270] [SensorAgent] Saved 7 infractions to outputs/local_evaluation/bench2drive_111/infractions.json
=== [Agent] -- Wallclock = 2026-09-01 17:57:06.116 -- System time = 125.405 -- Game time = 30.800 -- Ratio = 0.246x
2026-09-01 17:57:06 [INFO] [/home/vcdc/disk2t/lead/lead/inference/sensor_agent_bridgedrive.py:270] [SensorAgent] Saved 7 infractions to outputs/local_evaluation/bench2drive_111/infractions.json
=== [Agent] -- Wallclock = 2026-09-01 17:57:06.300 -- System time = 125.589 -- Game time = 30.850 -- Ratio = 0.246x
2026-09-01 17:57:06 [INFO] [/home/vcdc/disk2t/lead/lead/inference/sensor_agent_bridgedrive.py:270] [SensorAgent] Saved 7 infractions to outputs/local_evaluation/bench2drive_111/infractions.json
=== [Agent] -- Wallclock = 2026-09-01 17:57:06.528 -- System time = 125.817 -- Game time = 30.900 -- Ratio = 0.246x
2026-09-01 17:57:06 [INFO] [/home/vcdc/disk2t/lead/lead/inference/sensor_agent_bridgedrive.py:270] [SensorAgent] Saved 7 infractions to outputs/local_evaluation/bench2drive_111/infractions.json
=== [Agent] -- Wallclock = 2026-09-01 17:57:06.694 -- System time = 125.984 -- Game time = 30.950 -- Ratio = 0.246x
2026-09-01 17:57:06 [INFO] [/home/vcdc/disk2t/lead/lead/inference/sensor_agent_bridgedrive.py:270] [SensorAgent] Saved 7 infractions to outputs/local_evaluation/bench2drive_111/infractions.json
=== [Agent] -- Wallclock = 2026-09-01 17:57:06.949 -- System time = 126.238 -- Game time = 31.000 -- Ratio = 0.246x
2026-09-01 17:57:07 [INFO] [/home/vcdc/disk2t/lead/lead/inference/sensor_agent_bridgedrive.py:270] [SensorAgent] Saved 7 infractions to outputs/local_evaluation/bench2drive_111/infractions.json
=== [Agent] -- Wallclock = 2026-09-01 17:57:07.116 -- System time = 126.406 -- Game time = 31.050 -- Ratio = 0.246x
2026-09-01 17:57:07 [INFO] [/home/vcdc/disk2t/lead/lead/inference/sensor_agent_bridgedrive.py:270] [SensorAgent] Saved 7 infractions to outputs/local_evaluation/bench2drive_111/infractions.json
=== [Agent] -- Wallclock = 2026-09-01 17:57:07.356 -- System time = 126.645 -- Game time = 31.100 -- Ratio = 0.246x
2026-09-01 17:57:07 [INFO] [/home/vcdc/disk2t/lead/lead/inference/sensor_agent_bridgedrive.py:245] [SensorAgent] Infraction detected at step 621: MinSpeedTest
2026-09-01 17:57:07 [INFO] [/home/vcdc/disk2t/lead/lead/inference/sensor_agent_bridgedrive.py:270] [SensorAgent] Saved 8 infractions to outputs/local_evaluation/bench2drive_111/infractions.json
=== [Agent] -- Wallclock = 2026-09-01 17:57:07.543 -- System time = 126.832 -- Game time = 31.150 -- Ratio = 0.246x
2026-09-01 17:57:07 [INFO] [/home/vcdc/disk2t/lead/lead/inference/sensor_agent_bridgedrive.py:270] [SensorAgent] Saved 8 infractions to outputs/local_evaluation/bench2drive_111/infractions.json
=== [Agent] -- Wallclock = 2026-09-01 17:57:07.784 -- System time = 127.073 -- Game time = 31.200 -- Ratio = 0.246x
2026-09-01 17:57:07 [INFO] [/home/vcdc/disk2t/lead/lead/inference/sensor_agent_bridgedrive.py:270] [SensorAgent] Saved 8 infractions to outputs/local_evaluation/bench2drive_111/infractions.json
=== [Agent] -- Wallclock = 2026-09-01 17:57:07.957 -- System time = 127.246 -- Game time = 31.250 -- Ratio = 0.246x
2026-09-01 17:57:08 [INFO] [/home/vcdc/disk2t/lead/lead/inference/sensor_agent_bridgedrive.py:270] [SensorAgent] Saved 8 infractions to outputs/local_evaluation/bench2drive_111/infractions.json
=== [Agent] -- Wallclock = 2026-09-01 17:57:08.196 -- System time = 127.485 -- Game time = 31.300 -- Ratio = 0.246x
2026-09-01 17:57:08 [INFO] [/home/vcdc/disk2t/lead/lead/inference/sensor_agent_bridgedrive.py:270] [SensorAgent] Saved 8 infractions to outputs/local_evaluation/bench2drive_111/infractions.json
=== [Agent] -- Wallclock = 2026-09-01 17:57:08.365 -- System time = 127.655 -- Game time = 31.350 -- Ratio = 0.246x
2026-09-01 17:57:08 [INFO] [/home/vcdc/disk2t/lead/lead/inference/sensor_agent_bridgedrive.py:270] [SensorAgent] Saved 8 infractions to outputs/local_evaluation/bench2drive_111/infractions.json
=== [Agent] -- Wallclock = 2026-09-01 17:57:08.612 -- System time = 127.902 -- Game time = 31.400 -- Ratio = 0.246x
2026-09-01 17:57:08 [INFO] [/home/vcdc/disk2t/lead/lead/inference/sensor_agent_bridgedrive.py:270] [SensorAgent] Saved 8 infractions to outputs/local_evaluation/bench2drive_111/infractions.json
=== [Agent] -- Wallclock = 2026-09-01 17:57:08.778 -- System time = 128.068 -- Game time = 31.450 -- Ratio = 0.246x
2026-09-01 17:57:08 [INFO] [/home/vcdc/disk2t/lead/lead/inference/sensor_agent_bridgedrive.py:270] [SensorAgent] Saved 8 infractions to outputs/local_evaluation/bench2drive_111/infractions.json
=== [Agent] -- Wallclock = 2026-09-01 17:57:09.008 -- System time = 128.297 -- Game time = 31.500 -- Ratio = 0.246x
2026-09-01 17:57:09 [INFO] [/home/vcdc/disk2t/lead/lead/inference/sensor_agent_bridgedrive.py:270] [SensorAgent] Saved 8 infractions to outputs/local_evaluation/bench2drive_111/infractions.json
=== [Agent] -- Wallclock = 2026-09-01 17:57:09.175 -- System time = 128.464 -- Game time = 31.550 -- Ratio = 0.246x
2026-09-01 17:57:09 [INFO] [/home/vcdc/disk2t/lead/lead/inference/sensor_agent_bridgedrive.py:270] [SensorAgent] Saved 8 infractions to outputs/local_evaluation/bench2drive_111/infractions.json
=== [Agent] -- Wallclock = 2026-09-01 17:57:09.429 -- System time = 128.718 -- Game time = 31.600 -- Ratio = 0.245x
2026-09-01 17:57:09 [INFO] [/home/vcdc/disk2t/lead/lead/inference/sensor_agent_bridgedrive.py:270] [SensorAgent] Saved 8 infractions to outputs/local_evaluation/bench2drive_111/infractions.json
=== [Agent] -- Wallclock = 2026-09-01 17:57:09.614 -- System time = 128.904 -- Game time = 31.650 -- Ratio = 0.246x
2026-09-01 17:57:09 [INFO] [/home/vcdc/disk2t/lead/lead/inference/sensor_agent_bridgedrive.py:270] [SensorAgent] Saved 8 infractions to outputs/local_evaluation/bench2drive_111/infractions.json
=== [Agent] -- Wallclock = 2026-09-01 17:57:09.867 -- System time = 129.156 -- Game time = 31.700 -- Ratio = 0.245x
2026-09-01 17:57:10 [INFO] [/home/vcdc/disk2t/lead/lead/inference/sensor_agent_bridgedrive.py:270] [SensorAgent] Saved 8 infractions to outputs/local_evaluation/bench2drive_111/infractions.json
=== [Agent] -- Wallclock = 2026-09-01 17:57:10.050 -- System time = 129.339 -- Game time = 31.750 -- Ratio = 0.245x
2026-09-01 17:57:10 [INFO] [/home/vcdc/disk2t/lead/lead/inference/sensor_agent_bridgedrive.py:270] [SensorAgent] Saved 8 infractions to outputs/local_evaluation/bench2drive_111/infractions.json
=== [Agent] -- Wallclock = 2026-09-01 17:57:10.294 -- System time = 129.584 -- Game time = 31.800 -- Ratio = 0.245x
2026-09-01 17:57:10 [INFO] [/home/vcdc/disk2t/lead/lead/inference/sensor_agent_bridgedrive.py:270] [SensorAgent] Saved 8 infractions to outputs/local_evaluation/bench2drive_111/infractions.json
=== [Agent] -- Wallclock = 2026-09-01 17:57:10.462 -- System time = 129.751 -- Game time = 31.850 -- Ratio = 0.245x
2026-09-01 17:57:10 [INFO] [/home/vcdc/disk2t/lead/lead/inference/sensor_agent_bridgedrive.py:270] [SensorAgent] Saved 8 infractions to outputs/local_evaluation/bench2drive_111/infractions.json
=== [Agent] -- Wallclock = 2026-09-01 17:57:10.691 -- System time = 129.980 -- Game time = 31.900 -- Ratio = 0.245x
2026-09-01 17:57:10 [INFO] [/home/vcdc/disk2t/lead/lead/inference/sensor_agent_bridgedrive.py:270] [SensorAgent] Saved 8 infractions to outputs/local_evaluation/bench2drive_111/infractions.json
=== [Agent] -- Wallclock = 2026-09-01 17:57:10.882 -- System time = 130.172 -- Game time = 31.950 -- Ratio = 0.245x
2026-09-01 17:57:11 [INFO] [/home/vcdc/disk2t/lead/lead/inference/sensor_agent_bridgedrive.py:245] [SensorAgent] Infraction detected at step 638: MinSpeedTest
2026-09-01 17:57:11 [INFO] [/home/vcdc/disk2t/lead/lead/inference/sensor_agent_bridgedrive.py:270] [SensorAgent] Saved 9 infractions to outputs/local_evaluation/bench2drive_111/infractions.json
=== [Agent] -- Wallclock = 2026-09-01 17:57:11.127 -- System time = 130.416 -- Game time = 32.000 -- Ratio = 0.245x
2026-09-01 17:57:11 [INFO] [/home/vcdc/disk2t/lead/lead/inference/sensor_agent_bridgedrive.py:270] [SensorAgent] Saved 9 infractions to outputs/local_evaluation/bench2drive_111/infractions.json
=== [Agent] -- Wallclock = 2026-09-01 17:57:11.313 -- System time = 130.602 -- Game time = 32.050 -- Ratio = 0.245x
2026-09-01 17:57:11 [INFO] [/home/vcdc/disk2t/lead/lead/inference/sensor_agent_bridgedrive.py:270] [SensorAgent] Saved 9 infractions to outputs/local_evaluation/bench2drive_111/infractions.json
=== [Agent] -- Wallclock = 2026-09-01 17:57:11.539 -- System time = 130.828 -- Game time = 32.100 -- Ratio = 0.245x
2026-09-01 17:57:11 [INFO] [/home/vcdc/disk2t/lead/lead/inference/sensor_agent_bridgedrive.py:270] [SensorAgent] Saved 9 infractions to outputs/local_evaluation/bench2drive_111/infractions.json
=== [Agent] -- Wallclock = 2026-09-01 17:57:11.707 -- System time = 130.997 -- Game time = 32.150 -- Ratio = 0.245x
2026-09-01 17:57:11 [INFO] [/home/vcdc/disk2t/lead/lead/inference/sensor_agent_bridgedrive.py:270] [SensorAgent] Saved 9 infractions to outputs/local_evaluation/bench2drive_111/infractions.json
=== [Agent] -- Wallclock = 2026-09-01 17:57:11.943 -- System time = 131.232 -- Game time = 32.200 -- Ratio = 0.245x
2026-09-01 17:57:12 [INFO] [/home/vcdc/disk2t/lead/lead/inference/sensor_agent_bridgedrive.py:270] [SensorAgent] Saved 9 infractions to outputs/local_evaluation/bench2drive_111/infractions.json
=== [Agent] -- Wallclock = 2026-09-01 17:57:12.127 -- System time = 131.417 -- Game time = 32.250 -- Ratio = 0.245x
2026-09-01 17:57:12 [INFO] [/home/vcdc/disk2t/lead/lead/inference/sensor_agent_bridgedrive.py:270] [SensorAgent] Saved 9 infractions to outputs/local_evaluation/bench2drive_111/infractions.json
=== [Agent] -- Wallclock = 2026-09-01 17:57:12.396 -- System time = 131.685 -- Game time = 32.300 -- Ratio = 0.245x
2026-09-01 17:57:12 [INFO] [/home/vcdc/disk2t/lead/lead/inference/sensor_agent_bridgedrive.py:270] [SensorAgent] Saved 9 infractions to outputs/local_evaluation/bench2drive_111/infractions.json
=== [Agent] -- Wallclock = 2026-09-01 17:57:12.559 -- System time = 131.849 -- Game time = 32.350 -- Ratio = 0.245x
2026-09-01 17:57:12 [INFO] [/home/vcdc/disk2t/lead/lead/inference/sensor_agent_bridgedrive.py:270] [SensorAgent] Saved 9 infractions to outputs/local_evaluation/bench2drive_111/infractions.json
=== [Agent] -- Wallclock = 2026-09-01 17:57:12.802 -- System time = 132.092 -- Game time = 32.400 -- Ratio = 0.245x
2026-09-01 17:57:12 [INFO] [/home/vcdc/disk2t/lead/lead/inference/sensor_agent_bridgedrive.py:270] [SensorAgent] Saved 9 infractions to outputs/local_evaluation/bench2drive_111/infractions.json
=== [Agent] -- Wallclock = 2026-09-01 17:57:12.970 -- System time = 132.259 -- Game time = 32.450 -- Ratio = 0.245x
2026-09-01 17:57:13 [INFO] [/home/vcdc/disk2t/lead/lead/inference/sensor_agent_bridgedrive.py:270] [SensorAgent] Saved 9 infractions to outputs/local_evaluation/bench2drive_111/infractions.json
=== [Agent] -- Wallclock = 2026-09-01 17:57:13.215 -- System time = 132.504 -- Game time = 32.500 -- Ratio = 0.245x
2026-09-01 17:57:13 [INFO] [/home/vcdc/disk2t/lead/lead/inference/sensor_agent_bridgedrive.py:270] [SensorAgent] Saved 9 infractions to outputs/local_evaluation/bench2drive_111/infractions.json
=== [Agent] -- Wallclock = 2026-09-01 17:57:13.418 -- System time = 132.707 -- Game time = 32.550 -- Ratio = 0.245x
2026-09-01 17:57:13 [INFO] [/home/vcdc/disk2t/lead/lead/inference/sensor_agent_bridgedrive.py:270] [SensorAgent] Saved 9 infractions to outputs/local_evaluation/bench2drive_111/infractions.json
=== [Agent] -- Wallclock = 2026-09-01 17:57:13.649 -- System time = 132.938 -- Game time = 32.600 -- Ratio = 0.245x
2026-09-01 17:57:13 [INFO] [/home/vcdc/disk2t/lead/lead/inference/sensor_agent_bridgedrive.py:270] [SensorAgent] Saved 9 infractions to outputs/local_evaluation/bench2drive_111/infractions.json
=== [Agent] -- Wallclock = 2026-09-01 17:57:13.817 -- System time = 133.106 -- Game time = 32.650 -- Ratio = 0.245x
2026-09-01 17:57:13 [INFO] [/home/vcdc/disk2t/lead/lead/inference/sensor_agent_bridgedrive.py:270] [SensorAgent] Saved 9 infractions to outputs/local_evaluation/bench2drive_111/infractions.json
=== [Agent] -- Wallclock = 2026-09-01 17:57:14.053 -- System time = 133.343 -- Game time = 32.700 -- Ratio = 0.245x
2026-09-01 17:57:14 [INFO] [/home/vcdc/disk2t/lead/lead/inference/sensor_agent_bridgedrive.py:270] [SensorAgent] Saved 9 infractions to outputs/local_evaluation/bench2drive_111/infractions.json
=== [Agent] -- Wallclock = 2026-09-01 17:57:14.221 -- System time = 133.511 -- Game time = 32.750 -- Ratio = 0.245x
2026-09-01 17:57:14 [INFO] [/home/vcdc/disk2t/lead/lead/inference/sensor_agent_bridgedrive.py:270] [SensorAgent] Saved 9 infractions to outputs/local_evaluation/bench2drive_111/infractions.json
=== [Agent] -- Wallclock = 2026-09-01 17:57:14.454 -- System time = 133.743 -- Game time = 32.800 -- Ratio = 0.245x
2026-09-01 17:57:14 [INFO] [/home/vcdc/disk2t/lead/lead/inference/sensor_agent_bridgedrive.py:270] [SensorAgent] Saved 9 infractions to outputs/local_evaluation/bench2drive_111/infractions.json
=== [Agent] -- Wallclock = 2026-09-01 17:57:14.628 -- System time = 133.917 -- Game time = 32.850 -- Ratio = 0.245x
2026-09-01 17:57:14 [INFO] [/home/vcdc/disk2t/lead/lead/inference/sensor_agent_bridgedrive.py:270] [SensorAgent] Saved 9 infractions to outputs/local_evaluation/bench2drive_111/infractions.json
=== [Agent] -- Wallclock = 2026-09-01 17:57:14.868 -- System time = 134.158 -- Game time = 32.900 -- Ratio = 0.245x
2026-09-01 17:57:15 [INFO] [/home/vcdc/disk2t/lead/lead/inference/sensor_agent_bridgedrive.py:270] [SensorAgent] Saved 9 infractions to outputs/local_evaluation/bench2drive_111/infractions.json
=== [Agent] -- Wallclock = 2026-09-01 17:57:15.032 -- System time = 134.321 -- Game time = 32.950 -- Ratio = 0.245x
2026-09-01 17:57:15 [INFO] [/home/vcdc/disk2t/lead/lead/inference/sensor_agent_bridgedrive.py:270] [SensorAgent] Saved 9 infractions to outputs/local_evaluation/bench2drive_111/infractions.json
=== [Agent] -- Wallclock = 2026-09-01 17:57:15.293 -- System time = 134.582 -- Game time = 33.000 -- Ratio = 0.245x
2026-09-01 17:57:15 [INFO] [/home/vcdc/disk2t/lead/lead/inference/sensor_agent_bridgedrive.py:270] [SensorAgent] Saved 9 infractions to outputs/local_evaluation/bench2drive_111/infractions.json
=== [Agent] -- Wallclock = 2026-09-01 17:57:15.458 -- System time = 134.747 -- Game time = 33.050 -- Ratio = 0.245x
2026-09-01 17:57:15 [INFO] [/home/vcdc/disk2t/lead/lead/inference/sensor_agent_bridgedrive.py:270] [SensorAgent] Saved 9 infractions to outputs/local_evaluation/bench2drive_111/infractions.json
=== [Agent] -- Wallclock = 2026-09-01 17:57:15.697 -- System time = 134.986 -- Game time = 33.100 -- Ratio = 0.245x
2026-09-01 17:57:15 [INFO] [/home/vcdc/disk2t/lead/lead/inference/sensor_agent_bridgedrive.py:270] [SensorAgent] Saved 9 infractions to outputs/local_evaluation/bench2drive_111/infractions.json
=== [Agent] -- Wallclock = 2026-09-01 17:57:15.865 -- System time = 135.154 -- Game time = 33.150 -- Ratio = 0.245x
2026-09-01 17:57:16 [INFO] [/home/vcdc/disk2t/lead/lead/inference/sensor_agent_bridgedrive.py:270] [SensorAgent] Saved 9 infractions to outputs/local_evaluation/bench2drive_111/infractions.json
=== [Agent] -- Wallclock = 2026-09-01 17:57:16.105 -- System time = 135.395 -- Game time = 33.200 -- Ratio = 0.245x
2026-09-01 17:57:16 [INFO] [/home/vcdc/disk2t/lead/lead/inference/sensor_agent_bridgedrive.py:270] [SensorAgent] Saved 9 infractions to outputs/local_evaluation/bench2drive_111/infractions.json
=== [Agent] -- Wallclock = 2026-09-01 17:57:16.273 -- System time = 135.562 -- Game time = 33.250 -- Ratio = 0.245x
2026-09-01 17:57:16 [INFO] [/home/vcdc/disk2t/lead/lead/inference/sensor_agent_bridgedrive.py:270] [SensorAgent] Saved 9 infractions to outputs/local_evaluation/bench2drive_111/infractions.json
=== [Agent] -- Wallclock = 2026-09-01 17:57:16.532 -- System time = 135.821 -- Game time = 33.300 -- Ratio = 0.245x
2026-09-01 17:57:16 [INFO] [/home/vcdc/disk2t/lead/lead/inference/sensor_agent_bridgedrive.py:270] [SensorAgent] Saved 9 infractions to outputs/local_evaluation/bench2drive_111/infractions.json
=== [Agent] -- Wallclock = 2026-09-01 17:57:16.696 -- System time = 135.986 -- Game time = 33.350 -- Ratio = 0.245x
2026-09-01 17:57:16 [INFO] [/home/vcdc/disk2t/lead/lead/inference/sensor_agent_bridgedrive.py:270] [SensorAgent] Saved 9 infractions to outputs/local_evaluation/bench2drive_111/infractions.json
=== [Agent] -- Wallclock = 2026-09-01 17:57:16.942 -- System time = 136.231 -- Game time = 33.400 -- Ratio = 0.245x
2026-09-01 17:57:17 [INFO] [/home/vcdc/disk2t/lead/lead/inference/sensor_agent_bridgedrive.py:270] [SensorAgent] Saved 9 infractions to outputs/local_evaluation/bench2drive_111/infractions.json
=== [Agent] -- Wallclock = 2026-09-01 17:57:17.132 -- System time = 136.421 -- Game time = 33.450 -- Ratio = 0.245x
2026-09-01 17:57:17 [INFO] [/home/vcdc/disk2t/lead/lead/inference/sensor_agent_bridgedrive.py:270] [SensorAgent] Saved 9 infractions to outputs/local_evaluation/bench2drive_111/infractions.json
=== [Agent] -- Wallclock = 2026-09-01 17:57:17.382 -- System time = 136.671 -- Game time = 33.500 -- Ratio = 0.245x
2026-09-01 17:57:17 [INFO] [/home/vcdc/disk2t/lead/lead/inference/sensor_agent_bridgedrive.py:270] [SensorAgent] Saved 9 infractions to outputs/local_evaluation/bench2drive_111/infractions.json
=== [Agent] -- Wallclock = 2026-09-01 17:57:17.577 -- System time = 136.866 -- Game time = 33.550 -- Ratio = 0.245x
2026-09-01 17:57:17 [INFO] [/home/vcdc/disk2t/lead/lead/inference/sensor_agent_bridgedrive.py:270] [SensorAgent] Saved 9 infractions to outputs/local_evaluation/bench2drive_111/infractions.json
=== [Agent] -- Wallclock = 2026-09-01 17:57:17.857 -- System time = 137.146 -- Game time = 33.600 -- Ratio = 0.245x
2026-09-01 17:57:17 [INFO] [/home/vcdc/disk2t/lead/lead/inference/sensor_agent_bridgedrive.py:270] [SensorAgent] Saved 9 infractions to outputs/local_evaluation/bench2drive_111/infractions.json
=== [Agent] -- Wallclock = 2026-09-01 17:57:18.027 -- System time = 137.317 -- Game time = 33.650 -- Ratio = 0.245x
2026-09-01 17:57:18 [INFO] [/home/vcdc/disk2t/lead/lead/inference/sensor_agent_bridgedrive.py:270] [SensorAgent] Saved 9 infractions to outputs/local_evaluation/bench2drive_111/infractions.json
=== [Agent] -- Wallclock = 2026-09-01 17:57:18.277 -- System time = 137.566 -- Game time = 33.700 -- Ratio = 0.245x
2026-09-01 17:57:18 [INFO] [/home/vcdc/disk2t/lead/lead/inference/sensor_agent_bridgedrive.py:270] [SensorAgent] Saved 9 infractions to outputs/local_evaluation/bench2drive_111/infractions.json
=== [Agent] -- Wallclock = 2026-09-01 17:57:18.454 -- System time = 137.743 -- Game time = 33.750 -- Ratio = 0.245x
2026-09-01 17:57:18 [INFO] [/home/vcdc/disk2t/lead/lead/inference/sensor_agent_bridgedrive.py:270] [SensorAgent] Saved 9 infractions to outputs/local_evaluation/bench2drive_111/infractions.json
=== [Agent] -- Wallclock = 2026-09-01 17:57:18.694 -- System time = 137.983 -- Game time = 33.800 -- Ratio = 0.245x
2026-09-01 17:57:18 [INFO] [/home/vcdc/disk2t/lead/lead/inference/sensor_agent_bridgedrive.py:270] [SensorAgent] Saved 9 infractions to outputs/local_evaluation/bench2drive_111/infractions.json
=== [Agent] -- Wallclock = 2026-09-01 17:57:18.871 -- System time = 138.161 -- Game time = 33.850 -- Ratio = 0.245x
2026-09-01 17:57:19 [INFO] [/home/vcdc/disk2t/lead/lead/inference/sensor_agent_bridgedrive.py:245] [SensorAgent] Infraction detected at step 676: MinSpeedTest
2026-09-01 17:57:19 [INFO] [/home/vcdc/disk2t/lead/lead/inference/sensor_agent_bridgedrive.py:270] [SensorAgent] Saved 10 infractions to outputs/local_evaluation/bench2drive_111/infractions.json
=== [Agent] -- Wallclock = 2026-09-01 17:57:19.123 -- System time = 138.413 -- Game time = 33.900 -- Ratio = 0.245x
2026-09-01 17:57:19 [INFO] [/home/vcdc/disk2t/lead/lead/inference/sensor_agent_bridgedrive.py:270] [SensorAgent] Saved 10 infractions to outputs/local_evaluation/bench2drive_111/infractions.json
=== [Agent] -- Wallclock = 2026-09-01 17:57:19.303 -- System time = 138.592 -- Game time = 33.950 -- Ratio = 0.245x
2026-09-01 17:57:19 [INFO] [/home/vcdc/disk2t/lead/lead/inference/sensor_agent_bridgedrive.py:270] [SensorAgent] Saved 10 infractions to outputs/local_evaluation/bench2drive_111/infractions.json
=== [Agent] -- Wallclock = 2026-09-01 17:57:19.543 -- System time = 138.833 -- Game time = 34.000 -- Ratio = 0.245x
2026-09-01 17:57:19 [INFO] [/home/vcdc/disk2t/lead/lead/inference/sensor_agent_bridgedrive.py:270] [SensorAgent] Saved 10 infractions to outputs/local_evaluation/bench2drive_111/infractions.json
=== [Agent] -- Wallclock = 2026-09-01 17:57:19.720 -- System time = 139.009 -- Game time = 34.050 -- Ratio = 0.245x
2026-09-01 17:57:19 [INFO] [/home/vcdc/disk2t/lead/lead/inference/sensor_agent_bridgedrive.py:270] [SensorAgent] Saved 10 infractions to outputs/local_evaluation/bench2drive_111/infractions.json
=== [Agent] -- Wallclock = 2026-09-01 17:57:19.974 -- System time = 139.263 -- Game time = 34.100 -- Ratio = 0.245x
2026-09-01 17:57:20 [INFO] [/home/vcdc/disk2t/lead/lead/inference/sensor_agent_bridgedrive.py:270] [SensorAgent] Saved 10 infractions to outputs/local_evaluation/bench2drive_111/infractions.json
=== [Agent] -- Wallclock = 2026-09-01 17:57:20.149 -- System time = 139.438 -- Game time = 34.150 -- Ratio = 0.245x
2026-09-01 17:57:20 [INFO] [/home/vcdc/disk2t/lead/lead/inference/sensor_agent_bridgedrive.py:270] [SensorAgent] Saved 10 infractions to outputs/local_evaluation/bench2drive_111/infractions.json
=== [Agent] -- Wallclock = 2026-09-01 17:57:20.385 -- System time = 139.674 -- Game time = 34.200 -- Ratio = 0.245x
2026-09-01 17:57:20 [INFO] [/home/vcdc/disk2t/lead/lead/inference/sensor_agent_bridgedrive.py:245] [SensorAgent] Infraction detected at step 683: CollisionTest
2026-09-01 17:57:20 [INFO] [/home/vcdc/disk2t/lead/lead/inference/sensor_agent_bridgedrive.py:270] [SensorAgent] Saved 11 infractions to outputs/local_evaluation/bench2drive_111/infractions.json
=== [Agent] -- Wallclock = 2026-09-01 17:57:20.548 -- System time = 139.837 -- Game time = 34.250 -- Ratio = 0.245x
2026-09-01 17:57:20 [INFO] [/home/vcdc/disk2t/lead/lead/inference/sensor_agent_bridgedrive.py:270] [SensorAgent] Saved 11 infractions to outputs/local_evaluation/bench2drive_111/infractions.json
=== [Agent] -- Wallclock = 2026-09-01 17:57:20.788 -- System time = 140.077 -- Game time = 34.300 -- Ratio = 0.245x
2026-09-01 17:57:20 [INFO] [/home/vcdc/disk2t/lead/lead/inference/sensor_agent_bridgedrive.py:270] [SensorAgent] Saved 11 infractions to outputs/local_evaluation/bench2drive_111/infractions.json
=== [Agent] -- Wallclock = 2026-09-01 17:57:20.982 -- System time = 140.271 -- Game time = 34.350 -- Ratio = 0.245x
2026-09-01 17:57:21 [INFO] [/home/vcdc/disk2t/lead/lead/inference/sensor_agent_bridgedrive.py:270] [SensorAgent] Saved 11 infractions to outputs/local_evaluation/bench2drive_111/infractions.json
=== [Agent] -- Wallclock = 2026-09-01 17:57:21.236 -- System time = 140.525 -- Game time = 34.400 -- Ratio = 0.245x
2026-09-01 17:57:21 [INFO] [/home/vcdc/disk2t/lead/lead/inference/sensor_agent_bridgedrive.py:270] [SensorAgent] Saved 11 infractions to outputs/local_evaluation/bench2drive_111/infractions.json
=== [Agent] -- Wallclock = 2026-09-01 17:57:21.424 -- System time = 140.713 -- Game time = 34.450 -- Ratio = 0.245x
2026-09-01 17:57:21 [INFO] [/home/vcdc/disk2t/lead/lead/inference/sensor_agent_bridgedrive.py:270] [SensorAgent] Saved 11 infractions to outputs/local_evaluation/bench2drive_111/infractions.json
=== [Agent] -- Wallclock = 2026-09-01 17:57:21.672 -- System time = 140.961 -- Game time = 34.500 -- Ratio = 0.245x
2026-09-01 17:57:21 [INFO] [/home/vcdc/disk2t/lead/lead/inference/sensor_agent_bridgedrive.py:270] [SensorAgent] Saved 11 infractions to outputs/local_evaluation/bench2drive_111/infractions.json
=== [Agent] -- Wallclock = 2026-09-01 17:57:21.844 -- System time = 141.133 -- Game time = 34.550 -- Ratio = 0.245x
2026-09-01 17:57:21 [INFO] [/home/vcdc/disk2t/lead/lead/inference/sensor_agent_bridgedrive.py:270] [SensorAgent] Saved 11 infractions to outputs/local_evaluation/bench2drive_111/infractions.json
=== [Agent] -- Wallclock = 2026-09-01 17:57:22.077 -- System time = 141.366 -- Game time = 34.600 -- Ratio = 0.245x
2026-09-01 17:57:22 [INFO] [/home/vcdc/disk2t/lead/lead/inference/sensor_agent_bridgedrive.py:270] [SensorAgent] Saved 11 infractions to outputs/local_evaluation/bench2drive_111/infractions.json
=== [Agent] -- Wallclock = 2026-09-01 17:57:22.254 -- System time = 141.543 -- Game time = 34.650 -- Ratio = 0.245x
2026-09-01 17:57:22 [INFO] [/home/vcdc/disk2t/lead/lead/inference/sensor_agent_bridgedrive.py:270] [SensorAgent] Saved 11 infractions to outputs/local_evaluation/bench2drive_111/infractions.json
=== [Agent] -- Wallclock = 2026-09-01 17:57:22.490 -- System time = 141.780 -- Game time = 34.700 -- Ratio = 0.245x
2026-09-01 17:57:22 [INFO] [/home/vcdc/disk2t/lead/lead/inference/sensor_agent_bridgedrive.py:270] [SensorAgent] Saved 11 infractions to outputs/local_evaluation/bench2drive_111/infractions.json
=== [Agent] -- Wallclock = 2026-09-01 17:57:22.666 -- System time = 141.955 -- Game time = 34.750 -- Ratio = 0.245x
2026-09-01 17:57:22 [INFO] [/home/vcdc/disk2t/lead/lead/inference/sensor_agent_bridgedrive.py:270] [SensorAgent] Saved 11 infractions to outputs/local_evaluation/bench2drive_111/infractions.json
=== [Agent] -- Wallclock = 2026-09-01 17:57:22.918 -- System time = 142.207 -- Game time = 34.800 -- Ratio = 0.245x
2026-09-01 17:57:23 [INFO] [/home/vcdc/disk2t/lead/lead/inference/sensor_agent_bridgedrive.py:270] [SensorAgent] Saved 11 infractions to outputs/local_evaluation/bench2drive_111/infractions.json
=== [Agent] -- Wallclock = 2026-09-01 17:57:23.093 -- System time = 142.382 -- Game time = 34.850 -- Ratio = 0.245x
2026-09-01 17:57:23 [INFO] [/home/vcdc/disk2t/lead/lead/inference/sensor_agent_bridgedrive.py:270] [SensorAgent] Saved 11 infractions to outputs/local_evaluation/bench2drive_111/infractions.json
=== [Agent] -- Wallclock = 2026-09-01 17:57:23.323 -- System time = 142.612 -- Game time = 34.900 -- Ratio = 0.245x
2026-09-01 17:57:23 [INFO] [/home/vcdc/disk2t/lead/lead/inference/sensor_agent_bridgedrive.py:270] [SensorAgent] Saved 11 infractions to outputs/local_evaluation/bench2drive_111/infractions.json
=== [Agent] -- Wallclock = 2026-09-01 17:57:23.491 -- System time = 142.780 -- Game time = 34.950 -- Ratio = 0.245x
2026-09-01 17:57:23 [INFO] [/home/vcdc/disk2t/lead/lead/inference/sensor_agent_bridgedrive.py:270] [SensorAgent] Saved 11 infractions to outputs/local_evaluation/bench2drive_111/infractions.json
=== [Agent] -- Wallclock = 2026-09-01 17:57:23.747 -- System time = 143.036 -- Game time = 35.000 -- Ratio = 0.245x
2026-09-01 17:57:23 [INFO] [/home/vcdc/disk2t/lead/lead/inference/sensor_agent_bridgedrive.py:270] [SensorAgent] Saved 11 infractions to outputs/local_evaluation/bench2drive_111/infractions.json
=== [Agent] -- Wallclock = 2026-09-01 17:57:23.910 -- System time = 143.199 -- Game time = 35.050 -- Ratio = 0.245x
2026-09-01 17:57:24 [INFO] [/home/vcdc/disk2t/lead/lead/inference/sensor_agent_bridgedrive.py:270] [SensorAgent] Saved 11 infractions to outputs/local_evaluation/bench2drive_111/infractions.json
=== [Agent] -- Wallclock = 2026-09-01 17:57:24.134 -- System time = 143.423 -- Game time = 35.100 -- Ratio = 0.245x
2026-09-01 17:57:24 [INFO] [/home/vcdc/disk2t/lead/lead/inference/sensor_agent_bridgedrive.py:270] [SensorAgent] Saved 11 infractions to outputs/local_evaluation/bench2drive_111/infractions.json
=== [Agent] -- Wallclock = 2026-09-01 17:57:24.314 -- System time = 143.603 -- Game time = 35.150 -- Ratio = 0.245x
2026-09-01 17:57:24 [INFO] [/home/vcdc/disk2t/lead/lead/inference/sensor_agent_bridgedrive.py:270] [SensorAgent] Saved 11 infractions to outputs/local_evaluation/bench2drive_111/infractions.json
=== [Agent] -- Wallclock = 2026-09-01 17:57:24.557 -- System time = 143.846 -- Game time = 35.200 -- Ratio = 0.245x
2026-09-01 17:57:24 [INFO] [/home/vcdc/disk2t/lead/lead/inference/sensor_agent_bridgedrive.py:270] [SensorAgent] Saved 11 infractions to outputs/local_evaluation/bench2drive_111/infractions.json
=== [Agent] -- Wallclock = 2026-09-01 17:57:24.726 -- System time = 144.015 -- Game time = 35.250 -- Ratio = 0.245x
2026-09-01 17:57:24 [INFO] [/home/vcdc/disk2t/lead/lead/inference/sensor_agent_bridgedrive.py:270] [SensorAgent] Saved 11 infractions to outputs/local_evaluation/bench2drive_111/infractions.json
=== [Agent] -- Wallclock = 2026-09-01 17:57:24.960 -- System time = 144.249 -- Game time = 35.300 -- Ratio = 0.245x
2026-09-01 17:57:25 [INFO] [/home/vcdc/disk2t/lead/lead/inference/sensor_agent_bridgedrive.py:270] [SensorAgent] Saved 11 infractions to outputs/local_evaluation/bench2drive_111/infractions.json
=== [Agent] -- Wallclock = 2026-09-01 17:57:25.130 -- System time = 144.419 -- Game time = 35.350 -- Ratio = 0.245x
2026-09-01 17:57:25 [INFO] [/home/vcdc/disk2t/lead/lead/inference/sensor_agent_bridgedrive.py:270] [SensorAgent] Saved 11 infractions to outputs/local_evaluation/bench2drive_111/infractions.json
=== [Agent] -- Wallclock = 2026-09-01 17:57:25.382 -- System time = 144.671 -- Game time = 35.400 -- Ratio = 0.245x
2026-09-01 17:57:25 [INFO] [/home/vcdc/disk2t/lead/lead/inference/sensor_agent_bridgedrive.py:270] [SensorAgent] Saved 11 infractions to outputs/local_evaluation/bench2drive_111/infractions.json
=== [Agent] -- Wallclock = 2026-09-01 17:57:25.555 -- System time = 144.844 -- Game time = 35.450 -- Ratio = 0.245x
2026-09-01 17:57:25 [INFO] [/home/vcdc/disk2t/lead/lead/inference/sensor_agent_bridgedrive.py:270] [SensorAgent] Saved 11 infractions to outputs/local_evaluation/bench2drive_111/infractions.json
=== [Agent] -- Wallclock = 2026-09-01 17:57:25.821 -- System time = 145.110 -- Game time = 35.500 -- Ratio = 0.245x
2026-09-01 17:57:25 [INFO] [/home/vcdc/disk2t/lead/lead/inference/sensor_agent_bridgedrive.py:270] [SensorAgent] Saved 11 infractions to outputs/local_evaluation/bench2drive_111/infractions.json
=== [Agent] -- Wallclock = 2026-09-01 17:57:25.986 -- System time = 145.275 -- Game time = 35.550 -- Ratio = 0.245x
2026-09-01 17:57:26 [INFO] [/home/vcdc/disk2t/lead/lead/inference/sensor_agent_bridgedrive.py:270] [SensorAgent] Saved 11 infractions to outputs/local_evaluation/bench2drive_111/infractions.json
=== [Agent] -- Wallclock = 2026-09-01 17:57:26.239 -- System time = 145.528 -- Game time = 35.600 -- Ratio = 0.245x
2026-09-01 17:57:26 [INFO] [/home/vcdc/disk2t/lead/lead/inference/sensor_agent_bridgedrive.py:270] [SensorAgent] Saved 11 infractions to outputs/local_evaluation/bench2drive_111/infractions.json
=== [Agent] -- Wallclock = 2026-09-01 17:57:26.426 -- System time = 145.715 -- Game time = 35.650 -- Ratio = 0.245x
2026-09-01 17:57:26 [INFO] [/home/vcdc/disk2t/lead/lead/inference/sensor_agent_bridgedrive.py:270] [SensorAgent] Saved 11 infractions to outputs/local_evaluation/bench2drive_111/infractions.json
=== [Agent] -- Wallclock = 2026-09-01 17:57:26.663 -- System time = 145.952 -- Game time = 35.700 -- Ratio = 0.245x
2026-09-01 17:57:26 [INFO] [/home/vcdc/disk2t/lead/lead/inference/sensor_agent_bridgedrive.py:270] [SensorAgent] Saved 11 infractions to outputs/local_evaluation/bench2drive_111/infractions.json
=== [Agent] -- Wallclock = 2026-09-01 17:57:26.830 -- System time = 146.119 -- Game time = 35.750 -- Ratio = 0.245x
2026-09-01 17:57:26 [INFO] [/home/vcdc/disk2t/lead/lead/inference/sensor_agent_bridgedrive.py:270] [SensorAgent] Saved 11 infractions to outputs/local_evaluation/bench2drive_111/infractions.json
=== [Agent] -- Wallclock = 2026-09-01 17:57:27.074 -- System time = 146.363 -- Game time = 35.800 -- Ratio = 0.245x
2026-09-01 17:57:27 [INFO] [/home/vcdc/disk2t/lead/lead/inference/sensor_agent_bridgedrive.py:270] [SensorAgent] Saved 11 infractions to outputs/local_evaluation/bench2drive_111/infractions.json
=== [Agent] -- Wallclock = 2026-09-01 17:57:27.257 -- System time = 146.546 -- Game time = 35.850 -- Ratio = 0.245x
2026-09-01 17:57:27 [INFO] [/home/vcdc/disk2t/lead/lead/inference/sensor_agent_bridgedrive.py:270] [SensorAgent] Saved 11 infractions to outputs/local_evaluation/bench2drive_111/infractions.json
=== [Agent] -- Wallclock = 2026-09-01 17:57:27.505 -- System time = 146.794 -- Game time = 35.900 -- Ratio = 0.245x
2026-09-01 17:57:27 [INFO] [/home/vcdc/disk2t/lead/lead/inference/sensor_agent_bridgedrive.py:270] [SensorAgent] Saved 11 infractions to outputs/local_evaluation/bench2drive_111/infractions.json
=== [Agent] -- Wallclock = 2026-09-01 17:57:27.700 -- System time = 146.989 -- Game time = 35.950 -- Ratio = 0.245x
2026-09-01 17:57:27 [INFO] [/home/vcdc/disk2t/lead/lead/inference/sensor_agent_bridgedrive.py:270] [SensorAgent] Saved 11 infractions to outputs/local_evaluation/bench2drive_111/infractions.json
=== [Agent] -- Wallclock = 2026-09-01 17:57:27.943 -- System time = 147.232 -- Game time = 36.000 -- Ratio = 0.245x
2026-09-01 17:57:28 [INFO] [/home/vcdc/disk2t/lead/lead/inference/sensor_agent_bridgedrive.py:270] [SensorAgent] Saved 11 infractions to outputs/local_evaluation/bench2drive_111/infractions.json
=== [Agent] -- Wallclock = 2026-09-01 17:57:28.112 -- System time = 147.401 -- Game time = 36.050 -- Ratio = 0.245x
2026-09-01 17:57:28 [INFO] [/home/vcdc/disk2t/lead/lead/inference/sensor_agent_bridgedrive.py:270] [SensorAgent] Saved 11 infractions to outputs/local_evaluation/bench2drive_111/infractions.json
=== [Agent] -- Wallclock = 2026-09-01 17:57:28.350 -- System time = 147.639 -- Game time = 36.100 -- Ratio = 0.245x
2026-09-01 17:57:28 [INFO] [/home/vcdc/disk2t/lead/lead/inference/sensor_agent_bridgedrive.py:270] [SensorAgent] Saved 11 infractions to outputs/local_evaluation/bench2drive_111/infractions.json
=== [Agent] -- Wallclock = 2026-09-01 17:57:28.515 -- System time = 147.805 -- Game time = 36.150 -- Ratio = 0.245x
2026-09-01 17:57:28 [INFO] [/home/vcdc/disk2t/lead/lead/inference/sensor_agent_bridgedrive.py:270] [SensorAgent] Saved 11 infractions to outputs/local_evaluation/bench2drive_111/infractions.json
=== [Agent] -- Wallclock = 2026-09-01 17:57:28.754 -- System time = 148.043 -- Game time = 36.200 -- Ratio = 0.245x
2026-09-01 17:57:28 [INFO] [/home/vcdc/disk2t/lead/lead/inference/sensor_agent_bridgedrive.py:270] [SensorAgent] Saved 11 infractions to outputs/local_evaluation/bench2drive_111/infractions.json
=== [Agent] -- Wallclock = 2026-09-01 17:57:28.932 -- System time = 148.221 -- Game time = 36.250 -- Ratio = 0.245x
2026-09-01 17:57:29 [INFO] [/home/vcdc/disk2t/lead/lead/inference/sensor_agent_bridgedrive.py:270] [SensorAgent] Saved 11 infractions to outputs/local_evaluation/bench2drive_111/infractions.json
=== [Agent] -- Wallclock = 2026-09-01 17:57:29.166 -- System time = 148.455 -- Game time = 36.300 -- Ratio = 0.245x
2026-09-01 17:57:29 [INFO] [/home/vcdc/disk2t/lead/lead/inference/sensor_agent_bridgedrive.py:270] [SensorAgent] Saved 11 infractions to outputs/local_evaluation/bench2drive_111/infractions.json
=== [Agent] -- Wallclock = 2026-09-01 17:57:29.331 -- System time = 148.620 -- Game time = 36.350 -- Ratio = 0.245x
2026-09-01 17:57:29 [INFO] [/home/vcdc/disk2t/lead/lead/inference/sensor_agent_bridgedrive.py:270] [SensorAgent] Saved 11 infractions to outputs/local_evaluation/bench2drive_111/infractions.json
=== [Agent] -- Wallclock = 2026-09-01 17:57:29.584 -- System time = 148.873 -- Game time = 36.400 -- Ratio = 0.245x
2026-09-01 17:57:29 [INFO] [/home/vcdc/disk2t/lead/lead/inference/sensor_agent_bridgedrive.py:270] [SensorAgent] Saved 11 infractions to outputs/local_evaluation/bench2drive_111/infractions.json
=== [Agent] -- Wallclock = 2026-09-01 17:57:29.748 -- System time = 149.037 -- Game time = 36.450 -- Ratio = 0.245x
2026-09-01 17:57:29 [INFO] [/home/vcdc/disk2t/lead/lead/inference/sensor_agent_bridgedrive.py:270] [SensorAgent] Saved 11 infractions to outputs/local_evaluation/bench2drive_111/infractions.json
=== [Agent] -- Wallclock = 2026-09-01 17:57:29.996 -- System time = 149.286 -- Game time = 36.500 -- Ratio = 0.244x
2026-09-01 17:57:30 [INFO] [/home/vcdc/disk2t/lead/lead/inference/sensor_agent_bridgedrive.py:270] [SensorAgent] Saved 11 infractions to outputs/local_evaluation/bench2drive_111/infractions.json
=== [Agent] -- Wallclock = 2026-09-01 17:57:30.166 -- System time = 149.455 -- Game time = 36.550 -- Ratio = 0.245x
2026-09-01 17:57:30 [INFO] [/home/vcdc/disk2t/lead/lead/inference/sensor_agent_bridgedrive.py:270] [SensorAgent] Saved 11 infractions to outputs/local_evaluation/bench2drive_111/infractions.json
=== [Agent] -- Wallclock = 2026-09-01 17:57:30.416 -- System time = 149.705 -- Game time = 36.600 -- Ratio = 0.244x
2026-09-01 17:57:30 [INFO] [/home/vcdc/disk2t/lead/lead/inference/sensor_agent_bridgedrive.py:270] [SensorAgent] Saved 11 infractions to outputs/local_evaluation/bench2drive_111/infractions.json
=== [Agent] -- Wallclock = 2026-09-01 17:57:30.595 -- System time = 149.885 -- Game time = 36.650 -- Ratio = 0.245x
2026-09-01 17:57:30 [INFO] [/home/vcdc/disk2t/lead/lead/inference/sensor_agent_bridgedrive.py:270] [SensorAgent] Saved 11 infractions to outputs/local_evaluation/bench2drive_111/infractions.json
=== [Agent] -- Wallclock = 2026-09-01 17:57:30.828 -- System time = 150.117 -- Game time = 36.700 -- Ratio = 0.244x
2026-09-01 17:57:30 [INFO] [/home/vcdc/disk2t/lead/lead/inference/sensor_agent_bridgedrive.py:270] [SensorAgent] Saved 11 infractions to outputs/local_evaluation/bench2drive_111/infractions.json
=== [Agent] -- Wallclock = 2026-09-01 17:57:30.999 -- System time = 150.289 -- Game time = 36.750 -- Ratio = 0.245x
2026-09-01 17:57:31 [INFO] [/home/vcdc/disk2t/lead/lead/inference/sensor_agent_bridgedrive.py:270] [SensorAgent] Saved 11 infractions to outputs/local_evaluation/bench2drive_111/infractions.json
=== [Agent] -- Wallclock = 2026-09-01 17:57:31.247 -- System time = 150.536 -- Game time = 36.800 -- Ratio = 0.244x
2026-09-01 17:57:31 [INFO] [/home/vcdc/disk2t/lead/lead/inference/sensor_agent_bridgedrive.py:270] [SensorAgent] Saved 11 infractions to outputs/local_evaluation/bench2drive_111/infractions.json
=== [Agent] -- Wallclock = 2026-09-01 17:57:31.419 -- System time = 150.708 -- Game time = 36.850 -- Ratio = 0.245x
2026-09-01 17:57:31 [INFO] [/home/vcdc/disk2t/lead/lead/inference/sensor_agent_bridgedrive.py:270] [SensorAgent] Saved 11 infractions to outputs/local_evaluation/bench2drive_111/infractions.json
=== [Agent] -- Wallclock = 2026-09-01 17:57:31.663 -- System time = 150.952 -- Game time = 36.900 -- Ratio = 0.244x
2026-09-01 17:57:31 [INFO] [/home/vcdc/disk2t/lead/lead/inference/sensor_agent_bridgedrive.py:270] [SensorAgent] Saved 11 infractions to outputs/local_evaluation/bench2drive_111/infractions.json
=== [Agent] -- Wallclock = 2026-09-01 17:57:31.849 -- System time = 151.138 -- Game time = 36.950 -- Ratio = 0.244x
2026-09-01 17:57:32 [INFO] [/home/vcdc/disk2t/lead/lead/inference/sensor_agent_bridgedrive.py:270] [SensorAgent] Saved 11 infractions to outputs/local_evaluation/bench2drive_111/infractions.json
=== [Agent] -- Wallclock = 2026-09-01 17:57:32.098 -- System time = 151.387 -- Game time = 37.000 -- Ratio = 0.244x
2026-09-01 17:57:32 [INFO] [/home/vcdc/disk2t/lead/lead/inference/sensor_agent_bridgedrive.py:270] [SensorAgent] Saved 11 infractions to outputs/local_evaluation/bench2drive_111/infractions.json
=== [Agent] -- Wallclock = 2026-09-01 17:57:32.262 -- System time = 151.551 -- Game time = 37.050 -- Ratio = 0.244x
2026-09-01 17:57:32 [INFO] [/home/vcdc/disk2t/lead/lead/inference/sensor_agent_bridgedrive.py:270] [SensorAgent] Saved 11 infractions to outputs/local_evaluation/bench2drive_111/infractions.json
=== [Agent] -- Wallclock = 2026-09-01 17:57:32.504 -- System time = 151.793 -- Game time = 37.100 -- Ratio = 0.244x
2026-09-01 17:57:32 [INFO] [/home/vcdc/disk2t/lead/lead/inference/sensor_agent_bridgedrive.py:270] [SensorAgent] Saved 11 infractions to outputs/local_evaluation/bench2drive_111/infractions.json
=== [Agent] -- Wallclock = 2026-09-01 17:57:32.682 -- System time = 151.971 -- Game time = 37.150 -- Ratio = 0.244x
2026-09-01 17:57:32 [INFO] [/home/vcdc/disk2t/lead/lead/inference/sensor_agent_bridgedrive.py:270] [SensorAgent] Saved 11 infractions to outputs/local_evaluation/bench2drive_111/infractions.json
=== [Agent] -- Wallclock = 2026-09-01 17:57:32.915 -- System time = 152.204 -- Game time = 37.200 -- Ratio = 0.244x
2026-09-01 17:57:33 [INFO] [/home/vcdc/disk2t/lead/lead/inference/sensor_agent_bridgedrive.py:270] [SensorAgent] Saved 11 infractions to outputs/local_evaluation/bench2drive_111/infractions.json
=== [Agent] -- Wallclock = 2026-09-01 17:57:33.119 -- System time = 152.408 -- Game time = 37.250 -- Ratio = 0.244x
2026-09-01 17:57:33 [INFO] [/home/vcdc/disk2t/lead/lead/inference/sensor_agent_bridgedrive.py:270] [SensorAgent] Saved 11 infractions to outputs/local_evaluation/bench2drive_111/infractions.json
=== [Agent] -- Wallclock = 2026-09-01 17:57:33.362 -- System time = 152.651 -- Game time = 37.300 -- Ratio = 0.244x
2026-09-01 17:57:33 [INFO] [/home/vcdc/disk2t/lead/lead/inference/sensor_agent_bridgedrive.py:270] [SensorAgent] Saved 11 infractions to outputs/local_evaluation/bench2drive_111/infractions.json
=== [Agent] -- Wallclock = 2026-09-01 17:57:33.541 -- System time = 152.831 -- Game time = 37.350 -- Ratio = 0.244x
2026-09-01 17:57:33 [INFO] [/home/vcdc/disk2t/lead/lead/inference/sensor_agent_bridgedrive.py:270] [SensorAgent] Saved 11 infractions to outputs/local_evaluation/bench2drive_111/infractions.json
=== [Agent] -- Wallclock = 2026-09-01 17:57:33.797 -- System time = 153.086 -- Game time = 37.400 -- Ratio = 0.244x
2026-09-01 17:57:33 [INFO] [/home/vcdc/disk2t/lead/lead/inference/sensor_agent_bridgedrive.py:270] [SensorAgent] Saved 11 infractions to outputs/local_evaluation/bench2drive_111/infractions.json
=== [Agent] -- Wallclock = 2026-09-01 17:57:33.978 -- System time = 153.267 -- Game time = 37.450 -- Ratio = 0.244x
2026-09-01 17:57:34 [INFO] [/home/vcdc/disk2t/lead/lead/inference/sensor_agent_bridgedrive.py:270] [SensorAgent] Saved 11 infractions to outputs/local_evaluation/bench2drive_111/infractions.json
=== [Agent] -- Wallclock = 2026-09-01 17:57:34.244 -- System time = 153.534 -- Game time = 37.500 -- Ratio = 0.244x
2026-09-01 17:57:34 [INFO] [/home/vcdc/disk2t/lead/lead/inference/sensor_agent_bridgedrive.py:245] [SensorAgent] Infraction detected at step 749: MinSpeedTest
2026-09-01 17:57:34 [INFO] [/home/vcdc/disk2t/lead/lead/inference/sensor_agent_bridgedrive.py:270] [SensorAgent] Saved 12 infractions to outputs/local_evaluation/bench2drive_111/infractions.json
=== [Agent] -- Wallclock = 2026-09-01 17:57:34.413 -- System time = 153.703 -- Game time = 37.550 -- Ratio = 0.244x
2026-09-01 17:57:34 [INFO] [/home/vcdc/disk2t/lead/lead/inference/sensor_agent_bridgedrive.py:270] [SensorAgent] Saved 12 infractions to outputs/local_evaluation/bench2drive_111/infractions.json
=== [Agent] -- Wallclock = 2026-09-01 17:57:34.673 -- System time = 153.962 -- Game time = 37.600 -- Ratio = 0.244x
2026-09-01 17:57:34 [INFO] [/home/vcdc/disk2t/lead/lead/inference/sensor_agent_bridgedrive.py:270] [SensorAgent] Saved 12 infractions to outputs/local_evaluation/bench2drive_111/infractions.json
=== [Agent] -- Wallclock = 2026-09-01 17:57:34.851 -- System time = 154.141 -- Game time = 37.650 -- Ratio = 0.244x
2026-09-01 17:57:35 [INFO] [/home/vcdc/disk2t/lead/lead/inference/sensor_agent_bridgedrive.py:270] [SensorAgent] Saved 12 infractions to outputs/local_evaluation/bench2drive_111/infractions.json
=== [Agent] -- Wallclock = 2026-09-01 17:57:35.096 -- System time = 154.385 -- Game time = 37.700 -- Ratio = 0.244x
2026-09-01 17:57:35 [INFO] [/home/vcdc/disk2t/lead/lead/inference/sensor_agent_bridgedrive.py:270] [SensorAgent] Saved 12 infractions to outputs/local_evaluation/bench2drive_111/infractions.json
=== [Agent] -- Wallclock = 2026-09-01 17:57:35.274 -- System time = 154.563 -- Game time = 37.750 -- Ratio = 0.244x
2026-09-01 17:57:35 [INFO] [/home/vcdc/disk2t/lead/lead/inference/sensor_agent_bridgedrive.py:270] [SensorAgent] Saved 12 infractions to outputs/local_evaluation/bench2drive_111/infractions.json
=== [Agent] -- Wallclock = 2026-09-01 17:57:35.525 -- System time = 154.814 -- Game time = 37.800 -- Ratio = 0.244x
2026-09-01 17:57:35 [INFO] [/home/vcdc/disk2t/lead/lead/inference/sensor_agent_bridgedrive.py:270] [SensorAgent] Saved 12 infractions to outputs/local_evaluation/bench2drive_111/infractions.json
=== [Agent] -- Wallclock = 2026-09-01 17:57:35.693 -- System time = 154.983 -- Game time = 37.850 -- Ratio = 0.244x
2026-09-01 17:57:35 [INFO] [/home/vcdc/disk2t/lead/lead/inference/sensor_agent_bridgedrive.py:270] [SensorAgent] Saved 12 infractions to outputs/local_evaluation/bench2drive_111/infractions.json
=== [Agent] -- Wallclock = 2026-09-01 17:57:35.939 -- System time = 155.229 -- Game time = 37.900 -- Ratio = 0.244x
2026-09-01 17:57:36 [INFO] [/home/vcdc/disk2t/lead/lead/inference/sensor_agent_bridgedrive.py:270] [SensorAgent] Saved 12 infractions to outputs/local_evaluation/bench2drive_111/infractions.json
=== [Agent] -- Wallclock = 2026-09-01 17:57:36.119 -- System time = 155.408 -- Game time = 37.950 -- Ratio = 0.244x
2026-09-01 17:57:36 [INFO] [/home/vcdc/disk2t/lead/lead/inference/sensor_agent_bridgedrive.py:270] [SensorAgent] Saved 12 infractions to outputs/local_evaluation/bench2drive_111/infractions.json
=== [Agent] -- Wallclock = 2026-09-01 17:57:36.360 -- System time = 155.649 -- Game time = 38.000 -- Ratio = 0.244x
2026-09-01 17:57:36 [INFO] [/home/vcdc/disk2t/lead/lead/inference/sensor_agent_bridgedrive.py:270] [SensorAgent] Saved 12 infractions to outputs/local_evaluation/bench2drive_111/infractions.json
=== [Agent] -- Wallclock = 2026-09-01 17:57:36.527 -- System time = 155.816 -- Game time = 38.050 -- Ratio = 0.244x
2026-09-01 17:57:36 [INFO] [/home/vcdc/disk2t/lead/lead/inference/sensor_agent_bridgedrive.py:270] [SensorAgent] Saved 12 infractions to outputs/local_evaluation/bench2drive_111/infractions.json
=== [Agent] -- Wallclock = 2026-09-01 17:57:36.755 -- System time = 156.045 -- Game time = 38.100 -- Ratio = 0.244x
2026-09-01 17:57:36 [INFO] [/home/vcdc/disk2t/lead/lead/inference/sensor_agent_bridgedrive.py:270] [SensorAgent] Saved 12 infractions to outputs/local_evaluation/bench2drive_111/infractions.json
=== [Agent] -- Wallclock = 2026-09-01 17:57:36.936 -- System time = 156.225 -- Game time = 38.150 -- Ratio = 0.244x
2026-09-01 17:57:37 [INFO] [/home/vcdc/disk2t/lead/lead/inference/sensor_agent_bridgedrive.py:270] [SensorAgent] Saved 12 infractions to outputs/local_evaluation/bench2drive_111/infractions.json
=== [Agent] -- Wallclock = 2026-09-01 17:57:37.167 -- System time = 156.456 -- Game time = 38.200 -- Ratio = 0.244x
2026-09-01 17:57:37 [INFO] [/home/vcdc/disk2t/lead/lead/inference/sensor_agent_bridgedrive.py:270] [SensorAgent] Saved 12 infractions to outputs/local_evaluation/bench2drive_111/infractions.json
=== [Agent] -- Wallclock = 2026-09-01 17:57:37.338 -- System time = 156.627 -- Game time = 38.250 -- Ratio = 0.244x
2026-09-01 17:57:37 [INFO] [/home/vcdc/disk2t/lead/lead/inference/sensor_agent_bridgedrive.py:245] [SensorAgent] Infraction detected at step 764: MinSpeedTest
2026-09-01 17:57:37 [INFO] [/home/vcdc/disk2t/lead/lead/inference/sensor_agent_bridgedrive.py:270] [SensorAgent] Saved 13 infractions to outputs/local_evaluation/bench2drive_111/infractions.json
=== [Agent] -- Wallclock = 2026-09-01 17:57:37.581 -- System time = 156.870 -- Game time = 38.300 -- Ratio = 0.244x
2026-09-01 17:57:37 [INFO] [/home/vcdc/disk2t/lead/lead/inference/sensor_agent_bridgedrive.py:270] [SensorAgent] Saved 13 infractions to outputs/local_evaluation/bench2drive_111/infractions.json
=== [Agent] -- Wallclock = 2026-09-01 17:57:37.751 -- System time = 157.041 -- Game time = 38.350 -- Ratio = 0.244x
2026-09-01 17:57:37 [INFO] [/home/vcdc/disk2t/lead/lead/inference/sensor_agent_bridgedrive.py:270] [SensorAgent] Saved 13 infractions to outputs/local_evaluation/bench2drive_111/infractions.json
=== [Agent] -- Wallclock = 2026-09-01 17:57:37.996 -- System time = 157.285 -- Game time = 38.400 -- Ratio = 0.244x
2026-09-01 17:57:38 [INFO] [/home/vcdc/disk2t/lead/lead/inference/sensor_agent_bridgedrive.py:270] [SensorAgent] Saved 13 infractions to outputs/local_evaluation/bench2drive_111/infractions.json
=== [Agent] -- Wallclock = 2026-09-01 17:57:38.167 -- System time = 157.456 -- Game time = 38.450 -- Ratio = 0.244x
2026-09-01 17:57:38 [INFO] [/home/vcdc/disk2t/lead/lead/inference/sensor_agent_bridgedrive.py:270] [SensorAgent] Saved 13 infractions to outputs/local_evaluation/bench2drive_111/infractions.json
=== [Agent] -- Wallclock = 2026-09-01 17:57:38.426 -- System time = 157.716 -- Game time = 38.500 -- Ratio = 0.244x
2026-09-01 17:57:38 [INFO] [/home/vcdc/disk2t/lead/lead/inference/sensor_agent_bridgedrive.py:270] [SensorAgent] Saved 13 infractions to outputs/local_evaluation/bench2drive_111/infractions.json
=== [Agent] -- Wallclock = 2026-09-01 17:57:38.600 -- System time = 157.889 -- Game time = 38.550 -- Ratio = 0.244x
2026-09-01 17:57:38 [INFO] [/home/vcdc/disk2t/lead/lead/inference/sensor_agent_bridgedrive.py:270] [SensorAgent] Saved 13 infractions to outputs/local_evaluation/bench2drive_111/infractions.json
=== [Agent] -- Wallclock = 2026-09-01 17:57:38.841 -- System time = 158.130 -- Game time = 38.600 -- Ratio = 0.244x
2026-09-01 17:57:38 [INFO] [/home/vcdc/disk2t/lead/lead/inference/sensor_agent_bridgedrive.py:270] [SensorAgent] Saved 13 infractions to outputs/local_evaluation/bench2drive_111/infractions.json
=== [Agent] -- Wallclock = 2026-09-01 17:57:39.027 -- System time = 158.317 -- Game time = 38.650 -- Ratio = 0.244x
2026-09-01 17:57:39 [INFO] [/home/vcdc/disk2t/lead/lead/inference/sensor_agent_bridgedrive.py:270] [SensorAgent] Saved 13 infractions to outputs/local_evaluation/bench2drive_111/infractions.json
=== [Agent] -- Wallclock = 2026-09-01 17:57:39.284 -- System time = 158.573 -- Game time = 38.700 -- Ratio = 0.244x
2026-09-01 17:57:39 [INFO] [/home/vcdc/disk2t/lead/lead/inference/sensor_agent_bridgedrive.py:270] [SensorAgent] Saved 13 infractions to outputs/local_evaluation/bench2drive_111/infractions.json
=== [Agent] -- Wallclock = 2026-09-01 17:57:39.463 -- System time = 158.752 -- Game time = 38.750 -- Ratio = 0.244x
2026-09-01 17:57:39 [INFO] [/home/vcdc/disk2t/lead/lead/inference/sensor_agent_bridgedrive.py:270] [SensorAgent] Saved 13 infractions to outputs/local_evaluation/bench2drive_111/infractions.json
=== [Agent] -- Wallclock = 2026-09-01 17:57:39.721 -- System time = 159.011 -- Game time = 38.800 -- Ratio = 0.244x
2026-09-01 17:57:39 [INFO] [/home/vcdc/disk2t/lead/lead/inference/sensor_agent_bridgedrive.py:270] [SensorAgent] Saved 13 infractions to outputs/local_evaluation/bench2drive_111/infractions.json
=== [Agent] -- Wallclock = 2026-09-01 17:57:39.891 -- System time = 159.181 -- Game time = 38.850 -- Ratio = 0.244x
2026-09-01 17:57:40 [INFO] [/home/vcdc/disk2t/lead/lead/inference/sensor_agent_bridgedrive.py:270] [SensorAgent] Saved 13 infractions to outputs/local_evaluation/bench2drive_111/infractions.json
=== [Agent] -- Wallclock = 2026-09-01 17:57:40.146 -- System time = 159.435 -- Game time = 38.900 -- Ratio = 0.244x
2026-09-01 17:57:40 [INFO] [/home/vcdc/disk2t/lead/lead/inference/sensor_agent_bridgedrive.py:245] [SensorAgent] Infraction detected at step 777: MinSpeedTest
2026-09-01 17:57:40 [INFO] [/home/vcdc/disk2t/lead/lead/inference/sensor_agent_bridgedrive.py:270] [SensorAgent] Saved 14 infractions to outputs/local_evaluation/bench2drive_111/infractions.json
=== [Agent] -- Wallclock = 2026-09-01 17:57:40.313 -- System time = 159.602 -- Game time = 38.950 -- Ratio = 0.244x
2026-09-01 17:57:40 [INFO] [/home/vcdc/disk2t/lead/lead/inference/sensor_agent_bridgedrive.py:270] [SensorAgent] Saved 14 infractions to outputs/local_evaluation/bench2drive_111/infractions.json
=== [Agent] -- Wallclock = 2026-09-01 17:57:40.555 -- System time = 159.844 -- Game time = 39.000 -- Ratio = 0.244x
2026-09-01 17:57:40 [INFO] [/home/vcdc/disk2t/lead/lead/inference/sensor_agent_bridgedrive.py:270] [SensorAgent] Saved 14 infractions to outputs/local_evaluation/bench2drive_111/infractions.json
=== [Agent] -- Wallclock = 2026-09-01 17:57:40.748 -- System time = 160.037 -- Game time = 39.050 -- Ratio = 0.244x
2026-09-01 17:57:40 [INFO] [/home/vcdc/disk2t/lead/lead/inference/sensor_agent_bridgedrive.py:270] [SensorAgent] Saved 14 infractions to outputs/local_evaluation/bench2drive_111/infractions.json
=== [Agent] -- Wallclock = 2026-09-01 17:57:41.004 -- System time = 160.293 -- Game time = 39.100 -- Ratio = 0.244x
2026-09-01 17:57:41 [INFO] [/home/vcdc/disk2t/lead/lead/inference/sensor_agent_bridgedrive.py:270] [SensorAgent] Saved 14 infractions to outputs/local_evaluation/bench2drive_111/infractions.json
=== [Agent] -- Wallclock = 2026-09-01 17:57:41.174 -- System time = 160.463 -- Game time = 39.150 -- Ratio = 0.244x
2026-09-01 17:57:41 [INFO] [/home/vcdc/disk2t/lead/lead/inference/sensor_agent_bridgedrive.py:270] [SensorAgent] Saved 14 infractions to outputs/local_evaluation/bench2drive_111/infractions.json
=== [Agent] -- Wallclock = 2026-09-01 17:57:41.402 -- System time = 160.691 -- Game time = 39.200 -- Ratio = 0.244x
2026-09-01 17:57:41 [INFO] [/home/vcdc/disk2t/lead/lead/inference/sensor_agent_bridgedrive.py:270] [SensorAgent] Saved 14 infractions to outputs/local_evaluation/bench2drive_111/infractions.json
=== [Agent] -- Wallclock = 2026-09-01 17:57:41.570 -- System time = 160.859 -- Game time = 39.250 -- Ratio = 0.244x
2026-09-01 17:57:41 [INFO] [/home/vcdc/disk2t/lead/lead/inference/sensor_agent_bridgedrive.py:270] [SensorAgent] Saved 14 infractions to outputs/local_evaluation/bench2drive_111/infractions.json
=== [Agent] -- Wallclock = 2026-09-01 17:57:41.807 -- System time = 161.096 -- Game time = 39.300 -- Ratio = 0.244x
2026-09-01 17:57:41 [INFO] [/home/vcdc/disk2t/lead/lead/inference/sensor_agent_bridgedrive.py:270] [SensorAgent] Saved 14 infractions to outputs/local_evaluation/bench2drive_111/infractions.json
=== [Agent] -- Wallclock = 2026-09-01 17:57:41.985 -- System time = 161.274 -- Game time = 39.350 -- Ratio = 0.244x
2026-09-01 17:57:42 [INFO] [/home/vcdc/disk2t/lead/lead/inference/sensor_agent_bridgedrive.py:270] [SensorAgent] Saved 14 infractions to outputs/local_evaluation/bench2drive_111/infractions.json
=== [Agent] -- Wallclock = 2026-09-01 17:57:42.226 -- System time = 161.515 -- Game time = 39.400 -- Ratio = 0.244x
2026-09-01 17:57:42 [INFO] [/home/vcdc/disk2t/lead/lead/inference/sensor_agent_bridgedrive.py:270] [SensorAgent] Saved 14 infractions to outputs/local_evaluation/bench2drive_111/infractions.json
=== [Agent] -- Wallclock = 2026-09-01 17:57:42.398 -- System time = 161.687 -- Game time = 39.450 -- Ratio = 0.244x
2026-09-01 17:57:42 [INFO] [/home/vcdc/disk2t/lead/lead/inference/sensor_agent_bridgedrive.py:270] [SensorAgent] Saved 14 infractions to outputs/local_evaluation/bench2drive_111/infractions.json
=== [Agent] -- Wallclock = 2026-09-01 17:57:42.642 -- System time = 161.931 -- Game time = 39.500 -- Ratio = 0.244x
2026-09-01 17:57:42 [INFO] [/home/vcdc/disk2t/lead/lead/inference/sensor_agent_bridgedrive.py:245] [SensorAgent] Infraction detected at step 789: MinSpeedTest
2026-09-01 17:57:42 [INFO] [/home/vcdc/disk2t/lead/lead/inference/sensor_agent_bridgedrive.py:270] [SensorAgent] Saved 15 infractions to outputs/local_evaluation/bench2drive_111/infractions.json
=== [Agent] -- Wallclock = 2026-09-01 17:57:42.811 -- System time = 162.100 -- Game time = 39.550 -- Ratio = 0.244x
2026-09-01 17:57:42 [INFO] [/home/vcdc/disk2t/lead/lead/inference/sensor_agent_bridgedrive.py:270] [SensorAgent] Saved 15 infractions to outputs/local_evaluation/bench2drive_111/infractions.json
=== [Agent] -- Wallclock = 2026-09-01 17:57:43.047 -- System time = 162.336 -- Game time = 39.600 -- Ratio = 0.244x
2026-09-01 17:57:43 [INFO] [/home/vcdc/disk2t/lead/lead/inference/sensor_agent_bridgedrive.py:270] [SensorAgent] Saved 15 infractions to outputs/local_evaluation/bench2drive_111/infractions.json
=== [Agent] -- Wallclock = 2026-09-01 17:57:43.216 -- System time = 162.505 -- Game time = 39.650 -- Ratio = 0.244x
2026-09-01 17:57:43 [INFO] [/home/vcdc/disk2t/lead/lead/inference/sensor_agent_bridgedrive.py:270] [SensorAgent] Saved 15 infractions to outputs/local_evaluation/bench2drive_111/infractions.json
=== [Agent] -- Wallclock = 2026-09-01 17:57:43.471 -- System time = 162.761 -- Game time = 39.700 -- Ratio = 0.244x
2026-09-01 17:57:43 [INFO] [/home/vcdc/disk2t/lead/lead/inference/sensor_agent_bridgedrive.py:270] [SensorAgent] Saved 15 infractions to outputs/local_evaluation/bench2drive_111/infractions.json
=== [Agent] -- Wallclock = 2026-09-01 17:57:43.637 -- System time = 162.926 -- Game time = 39.750 -- Ratio = 0.244x
2026-09-01 17:57:43 [INFO] [/home/vcdc/disk2t/lead/lead/inference/sensor_agent_bridgedrive.py:270] [SensorAgent] Saved 15 infractions to outputs/local_evaluation/bench2drive_111/infractions.json
=== [Agent] -- Wallclock = 2026-09-01 17:57:43.877 -- System time = 163.166 -- Game time = 39.800 -- Ratio = 0.244x
2026-09-01 17:57:44 [INFO] [/home/vcdc/disk2t/lead/lead/inference/sensor_agent_bridgedrive.py:270] [SensorAgent] Saved 15 infractions to outputs/local_evaluation/bench2drive_111/infractions.json
=== [Agent] -- Wallclock = 2026-09-01 17:57:44.051 -- System time = 163.340 -- Game time = 39.850 -- Ratio = 0.244x
2026-09-01 17:57:44 [INFO] [/home/vcdc/disk2t/lead/lead/inference/sensor_agent_bridgedrive.py:270] [SensorAgent] Saved 15 infractions to outputs/local_evaluation/bench2drive_111/infractions.json
=== [Agent] -- Wallclock = 2026-09-01 17:57:44.288 -- System time = 163.577 -- Game time = 39.900 -- Ratio = 0.244x
2026-09-01 17:57:44 [INFO] [/home/vcdc/disk2t/lead/lead/inference/sensor_agent_bridgedrive.py:270] [SensorAgent] Saved 15 infractions to outputs/local_evaluation/bench2drive_111/infractions.json
=== [Agent] -- Wallclock = 2026-09-01 17:57:44.458 -- System time = 163.747 -- Game time = 39.950 -- Ratio = 0.244x
2026-09-01 17:57:44 [INFO] [/home/vcdc/disk2t/lead/lead/inference/sensor_agent_bridgedrive.py:270] [SensorAgent] Saved 15 infractions to outputs/local_evaluation/bench2drive_111/infractions.json
=== [Agent] -- Wallclock = 2026-09-01 17:57:44.699 -- System time = 163.988 -- Game time = 40.000 -- Ratio = 0.244x
2026-09-01 17:57:44 [INFO] [/home/vcdc/disk2t/lead/lead/inference/sensor_agent_bridgedrive.py:270] [SensorAgent] Saved 15 infractions to outputs/local_evaluation/bench2drive_111/infractions.json
=== [Agent] -- Wallclock = 2026-09-01 17:57:44.861 -- System time = 164.150 -- Game time = 40.050 -- Ratio = 0.244x
2026-09-01 17:57:45 [INFO] [/home/vcdc/disk2t/lead/lead/inference/sensor_agent_bridgedrive.py:245] [SensorAgent] Infraction detected at step 800: MinSpeedTest
2026-09-01 17:57:45 [INFO] [/home/vcdc/disk2t/lead/lead/inference/sensor_agent_bridgedrive.py:270] [SensorAgent] Saved 16 infractions to outputs/local_evaluation/bench2drive_111/infractions.json
=== [Agent] -- Wallclock = 2026-09-01 17:57:45.108 -- System time = 164.397 -- Game time = 40.100 -- Ratio = 0.244x
2026-09-01 17:57:45 [INFO] [/home/vcdc/disk2t/lead/lead/inference/sensor_agent_bridgedrive.py:270] [SensorAgent] Saved 16 infractions to outputs/local_evaluation/bench2drive_111/infractions.json
=== [Agent] -- Wallclock = 2026-09-01 17:57:45.316 -- System time = 164.605 -- Game time = 40.150 -- Ratio = 0.244x
2026-09-01 17:57:45 [INFO] [/home/vcdc/disk2t/lead/lead/inference/sensor_agent_bridgedrive.py:270] [SensorAgent] Saved 16 infractions to outputs/local_evaluation/bench2drive_111/infractions.json
=== [Agent] -- Wallclock = 2026-09-01 17:57:45.556 -- System time = 164.846 -- Game time = 40.200 -- Ratio = 0.244x
2026-09-01 17:57:45 [INFO] [/home/vcdc/disk2t/lead/lead/inference/sensor_agent_bridgedrive.py:270] [SensorAgent] Saved 16 infractions to outputs/local_evaluation/bench2drive_111/infractions.json
=== [Agent] -- Wallclock = 2026-09-01 17:57:45.744 -- System time = 165.033 -- Game time = 40.250 -- Ratio = 0.244x
2026-09-01 17:57:45 [INFO] [/home/vcdc/disk2t/lead/lead/inference/sensor_agent_bridgedrive.py:270] [SensorAgent] Saved 16 infractions to outputs/local_evaluation/bench2drive_111/infractions.json
=== [Agent] -- Wallclock = 2026-09-01 17:57:45.998 -- System time = 165.287 -- Game time = 40.300 -- Ratio = 0.244x
2026-09-01 17:57:46 [INFO] [/home/vcdc/disk2t/lead/lead/inference/sensor_agent_bridgedrive.py:270] [SensorAgent] Saved 16 infractions to outputs/local_evaluation/bench2drive_111/infractions.json
=== [Agent] -- Wallclock = 2026-09-01 17:57:46.186 -- System time = 165.475 -- Game time = 40.350 -- Ratio = 0.244x
2026-09-01 17:57:46 [INFO] [/home/vcdc/disk2t/lead/lead/inference/sensor_agent_bridgedrive.py:270] [SensorAgent] Saved 16 infractions to outputs/local_evaluation/bench2drive_111/infractions.json
=== [Agent] -- Wallclock = 2026-09-01 17:57:46.430 -- System time = 165.719 -- Game time = 40.400 -- Ratio = 0.244x
2026-09-01 17:57:46 [INFO] [/home/vcdc/disk2t/lead/lead/inference/sensor_agent_bridgedrive.py:270] [SensorAgent] Saved 16 infractions to outputs/local_evaluation/bench2drive_111/infractions.json
=== [Agent] -- Wallclock = 2026-09-01 17:57:46.601 -- System time = 165.891 -- Game time = 40.450 -- Ratio = 0.244x
2026-09-01 17:57:46 [INFO] [/home/vcdc/disk2t/lead/lead/inference/sensor_agent_bridgedrive.py:270] [SensorAgent] Saved 16 infractions to outputs/local_evaluation/bench2drive_111/infractions.json
=== [Agent] -- Wallclock = 2026-09-01 17:57:46.835 -- System time = 166.124 -- Game time = 40.500 -- Ratio = 0.244x
2026-09-01 17:57:46 [INFO] [/home/vcdc/disk2t/lead/lead/inference/sensor_agent_bridgedrive.py:270] [SensorAgent] Saved 16 infractions to outputs/local_evaluation/bench2drive_111/infractions.json
=== [Agent] -- Wallclock = 2026-09-01 17:57:47.016 -- System time = 166.306 -- Game time = 40.550 -- Ratio = 0.244x
2026-09-01 17:57:47 [INFO] [/home/vcdc/disk2t/lead/lead/inference/sensor_agent_bridgedrive.py:270] [SensorAgent] Saved 16 infractions to outputs/local_evaluation/bench2drive_111/infractions.json
=== [Agent] -- Wallclock = 2026-09-01 17:57:47.249 -- System time = 166.539 -- Game time = 40.600 -- Ratio = 0.244x
2026-09-01 17:57:47 [INFO] [/home/vcdc/disk2t/lead/lead/inference/sensor_agent_bridgedrive.py:270] [SensorAgent] Saved 16 infractions to outputs/local_evaluation/bench2drive_111/infractions.json
=== [Agent] -- Wallclock = 2026-09-01 17:57:47.427 -- System time = 166.716 -- Game time = 40.650 -- Ratio = 0.244x
2026-09-01 17:57:47 [INFO] [/home/vcdc/disk2t/lead/lead/inference/sensor_agent_bridgedrive.py:270] [SensorAgent] Saved 16 infractions to outputs/local_evaluation/bench2drive_111/infractions.json
=== [Agent] -- Wallclock = 2026-09-01 17:57:47.655 -- System time = 166.944 -- Game time = 40.700 -- Ratio = 0.244x
2026-09-01 17:57:47 [INFO] [/home/vcdc/disk2t/lead/lead/inference/sensor_agent_bridgedrive.py:245] [SensorAgent] Infraction detected at step 813: MinSpeedTest
2026-09-01 17:57:47 [INFO] [/home/vcdc/disk2t/lead/lead/inference/sensor_agent_bridgedrive.py:270] [SensorAgent] Saved 17 infractions to outputs/local_evaluation/bench2drive_111/infractions.json
=== [Agent] -- Wallclock = 2026-09-01 17:57:47.821 -- System time = 167.111 -- Game time = 40.750 -- Ratio = 0.244x
2026-09-01 17:57:47 [INFO] [/home/vcdc/disk2t/lead/lead/inference/sensor_agent_bridgedrive.py:270] [SensorAgent] Saved 17 infractions to outputs/local_evaluation/bench2drive_111/infractions.json
=== [Agent] -- Wallclock = 2026-09-01 17:57:48.072 -- System time = 167.361 -- Game time = 40.800 -- Ratio = 0.244x
2026-09-01 17:57:48 [INFO] [/home/vcdc/disk2t/lead/lead/inference/sensor_agent_bridgedrive.py:270] [SensorAgent] Saved 17 infractions to outputs/local_evaluation/bench2drive_111/infractions.json
=== [Agent] -- Wallclock = 2026-09-01 17:57:48.240 -- System time = 167.530 -- Game time = 40.850 -- Ratio = 0.244x
2026-09-01 17:57:48 [INFO] [/home/vcdc/disk2t/lead/lead/inference/sensor_agent_bridgedrive.py:270] [SensorAgent] Saved 17 infractions to outputs/local_evaluation/bench2drive_111/infractions.json
=== [Agent] -- Wallclock = 2026-09-01 17:57:48.493 -- System time = 167.782 -- Game time = 40.900 -- Ratio = 0.244x
2026-09-01 17:57:48 [INFO] [/home/vcdc/disk2t/lead/lead/inference/sensor_agent_bridgedrive.py:270] [SensorAgent] Saved 17 infractions to outputs/local_evaluation/bench2drive_111/infractions.json
=== [Agent] -- Wallclock = 2026-09-01 17:57:48.663 -- System time = 167.953 -- Game time = 40.950 -- Ratio = 0.244x
2026-09-01 17:57:48 [INFO] [/home/vcdc/disk2t/lead/lead/inference/sensor_agent_bridgedrive.py:270] [SensorAgent] Saved 17 infractions to outputs/local_evaluation/bench2drive_111/infractions.json
=== [Agent] -- Wallclock = 2026-09-01 17:57:48.905 -- System time = 168.194 -- Game time = 41.000 -- Ratio = 0.244x
2026-09-01 17:57:49 [INFO] [/home/vcdc/disk2t/lead/lead/inference/sensor_agent_bridgedrive.py:270] [SensorAgent] Saved 17 infractions to outputs/local_evaluation/bench2drive_111/infractions.json
=== [Agent] -- Wallclock = 2026-09-01 17:57:49.080 -- System time = 168.369 -- Game time = 41.050 -- Ratio = 0.244x
2026-09-01 17:57:49 [INFO] [/home/vcdc/disk2t/lead/lead/inference/sensor_agent_bridgedrive.py:270] [SensorAgent] Saved 17 infractions to outputs/local_evaluation/bench2drive_111/infractions.json
=== [Agent] -- Wallclock = 2026-09-01 17:57:49.337 -- System time = 168.627 -- Game time = 41.100 -- Ratio = 0.244x
2026-09-01 17:57:49 [INFO] [/home/vcdc/disk2t/lead/lead/inference/sensor_agent_bridgedrive.py:270] [SensorAgent] Saved 17 infractions to outputs/local_evaluation/bench2drive_111/infractions.json
=== [Agent] -- Wallclock = 2026-09-01 17:57:49.508 -- System time = 168.798 -- Game time = 41.150 -- Ratio = 0.244x
2026-09-01 17:57:49 [INFO] [/home/vcdc/disk2t/lead/lead/inference/sensor_agent_bridgedrive.py:270] [SensorAgent] Saved 17 infractions to outputs/local_evaluation/bench2drive_111/infractions.json
=== [Agent] -- Wallclock = 2026-09-01 17:57:49.779 -- System time = 169.069 -- Game time = 41.200 -- Ratio = 0.244x
2026-09-01 17:57:49 [INFO] [/home/vcdc/disk2t/lead/lead/inference/sensor_agent_bridgedrive.py:270] [SensorAgent] Saved 17 infractions to outputs/local_evaluation/bench2drive_111/infractions.json
=== [Agent] -- Wallclock = 2026-09-01 17:57:49.979 -- System time = 169.269 -- Game time = 41.250 -- Ratio = 0.244x
2026-09-01 17:57:50 [INFO] [/home/vcdc/disk2t/lead/lead/inference/sensor_agent_bridgedrive.py:270] [SensorAgent] Saved 17 infractions to outputs/local_evaluation/bench2drive_111/infractions.json
=== [Agent] -- Wallclock = 2026-09-01 17:57:50.232 -- System time = 169.521 -- Game time = 41.300 -- Ratio = 0.244x
2026-09-01 17:57:50 [INFO] [/home/vcdc/disk2t/lead/lead/inference/sensor_agent_bridgedrive.py:245] [SensorAgent] Infraction detected at step 825: MinSpeedTest
2026-09-01 17:57:50 [INFO] [/home/vcdc/disk2t/lead/lead/inference/sensor_agent_bridgedrive.py:270] [SensorAgent] Saved 18 infractions to outputs/local_evaluation/bench2drive_111/infractions.json
=== [Agent] -- Wallclock = 2026-09-01 17:57:50.410 -- System time = 169.700 -- Game time = 41.350 -- Ratio = 0.244x
2026-09-01 17:57:50 [INFO] [/home/vcdc/disk2t/lead/lead/inference/sensor_agent_bridgedrive.py:270] [SensorAgent] Saved 18 infractions to outputs/local_evaluation/bench2drive_111/infractions.json
=== [Agent] -- Wallclock = 2026-09-01 17:57:50.651 -- System time = 169.940 -- Game time = 41.400 -- Ratio = 0.244x
2026-09-01 17:57:50 [INFO] [/home/vcdc/disk2t/lead/lead/inference/sensor_agent_bridgedrive.py:270] [SensorAgent] Saved 18 infractions to outputs/local_evaluation/bench2drive_111/infractions.json
=== [Agent] -- Wallclock = 2026-09-01 17:57:50.829 -- System time = 170.118 -- Game time = 41.450 -- Ratio = 0.244x
2026-09-01 17:57:50 [INFO] [/home/vcdc/disk2t/lead/lead/inference/sensor_agent_bridgedrive.py:270] [SensorAgent] Saved 18 infractions to outputs/local_evaluation/bench2drive_111/infractions.json
=== [Agent] -- Wallclock = 2026-09-01 17:57:51.069 -- System time = 170.358 -- Game time = 41.500 -- Ratio = 0.244x
2026-09-01 17:57:51 [INFO] [/home/vcdc/disk2t/lead/lead/inference/sensor_agent_bridgedrive.py:270] [SensorAgent] Saved 18 infractions to outputs/local_evaluation/bench2drive_111/infractions.json
=== [Agent] -- Wallclock = 2026-09-01 17:57:51.234 -- System time = 170.523 -- Game time = 41.550 -- Ratio = 0.244x
2026-09-01 17:57:51 [INFO] [/home/vcdc/disk2t/lead/lead/inference/sensor_agent_bridgedrive.py:270] [SensorAgent] Saved 18 infractions to outputs/local_evaluation/bench2drive_111/infractions.json
=== [Agent] -- Wallclock = 2026-09-01 17:57:51.469 -- System time = 170.758 -- Game time = 41.600 -- Ratio = 0.244x
2026-09-01 17:57:51 [INFO] [/home/vcdc/disk2t/lead/lead/inference/sensor_agent_bridgedrive.py:270] [SensorAgent] Saved 18 infractions to outputs/local_evaluation/bench2drive_111/infractions.json
=== [Agent] -- Wallclock = 2026-09-01 17:57:51.639 -- System time = 170.928 -- Game time = 41.650 -- Ratio = 0.244x
2026-09-01 17:57:51 [INFO] [/home/vcdc/disk2t/lead/lead/inference/sensor_agent_bridgedrive.py:270] [SensorAgent] Saved 18 infractions to outputs/local_evaluation/bench2drive_111/infractions.json
=== [Agent] -- Wallclock = 2026-09-01 17:57:51.871 -- System time = 171.160 -- Game time = 41.700 -- Ratio = 0.244x
2026-09-01 17:57:52 [INFO] [/home/vcdc/disk2t/lead/lead/inference/sensor_agent_bridgedrive.py:270] [SensorAgent] Saved 18 infractions to outputs/local_evaluation/bench2drive_111/infractions.json
=== [Agent] -- Wallclock = 2026-09-01 17:57:52.041 -- System time = 171.330 -- Game time = 41.750 -- Ratio = 0.244x
2026-09-01 17:57:52 [INFO] [/home/vcdc/disk2t/lead/lead/inference/sensor_agent_bridgedrive.py:270] [SensorAgent] Saved 18 infractions to outputs/local_evaluation/bench2drive_111/infractions.json
=== [Agent] -- Wallclock = 2026-09-01 17:57:52.289 -- System time = 171.578 -- Game time = 41.800 -- Ratio = 0.244x
2026-09-01 17:57:52 [INFO] [/home/vcdc/disk2t/lead/lead/inference/sensor_agent_bridgedrive.py:270] [SensorAgent] Saved 18 infractions to outputs/local_evaluation/bench2drive_111/infractions.json
=== [Agent] -- Wallclock = 2026-09-01 17:57:52.500 -- System time = 171.789 -- Game time = 41.850 -- Ratio = 0.244x
2026-09-01 17:57:52 [INFO] [/home/vcdc/disk2t/lead/lead/inference/sensor_agent_bridgedrive.py:270] [SensorAgent] Saved 18 infractions to outputs/local_evaluation/bench2drive_111/infractions.json
=== [Agent] -- Wallclock = 2026-09-01 17:57:52.763 -- System time = 172.052 -- Game time = 41.900 -- Ratio = 0.244x
2026-09-01 17:57:52 [INFO] [/home/vcdc/disk2t/lead/lead/inference/sensor_agent_bridgedrive.py:245] [SensorAgent] Infraction detected at step 837: MinSpeedTest
2026-09-01 17:57:52 [INFO] [/home/vcdc/disk2t/lead/lead/inference/sensor_agent_bridgedrive.py:270] [SensorAgent] Saved 19 infractions to outputs/local_evaluation/bench2drive_111/infractions.json
=== [Agent] -- Wallclock = 2026-09-01 17:57:52.930 -- System time = 172.219 -- Game time = 41.950 -- Ratio = 0.244x
2026-09-01 17:57:53 [INFO] [/home/vcdc/disk2t/lead/lead/inference/sensor_agent_bridgedrive.py:270] [SensorAgent] Saved 19 infractions to outputs/local_evaluation/bench2drive_111/infractions.json
=== [Agent] -- Wallclock = 2026-09-01 17:57:53.163 -- System time = 172.452 -- Game time = 42.000 -- Ratio = 0.244x
2026-09-01 17:57:53 [INFO] [/home/vcdc/disk2t/lead/lead/inference/sensor_agent_bridgedrive.py:270] [SensorAgent] Saved 19 infractions to outputs/local_evaluation/bench2drive_111/infractions.json
=== [Agent] -- Wallclock = 2026-09-01 17:57:53.329 -- System time = 172.618 -- Game time = 42.050 -- Ratio = 0.244x
2026-09-01 17:57:53 [INFO] [/home/vcdc/disk2t/lead/lead/inference/sensor_agent_bridgedrive.py:270] [SensorAgent] Saved 19 infractions to outputs/local_evaluation/bench2drive_111/infractions.json
=== [Agent] -- Wallclock = 2026-09-01 17:57:53.576 -- System time = 172.865 -- Game time = 42.100 -- Ratio = 0.244x
2026-09-01 17:57:53 [INFO] [/home/vcdc/disk2t/lead/lead/inference/sensor_agent_bridgedrive.py:270] [SensorAgent] Saved 19 infractions to outputs/local_evaluation/bench2drive_111/infractions.json
=== [Agent] -- Wallclock = 2026-09-01 17:57:53.760 -- System time = 173.049 -- Game time = 42.150 -- Ratio = 0.244x
2026-09-01 17:57:53 [INFO] [/home/vcdc/disk2t/lead/lead/inference/sensor_agent_bridgedrive.py:270] [SensorAgent] Saved 19 infractions to outputs/local_evaluation/bench2drive_111/infractions.json
=== [Agent] -- Wallclock = 2026-09-01 17:57:54.018 -- System time = 173.307 -- Game time = 42.200 -- Ratio = 0.243x
2026-09-01 17:57:54 [INFO] [/home/vcdc/disk2t/lead/lead/inference/sensor_agent_bridgedrive.py:270] [SensorAgent] Saved 19 infractions to outputs/local_evaluation/bench2drive_111/infractions.json
=== [Agent] -- Wallclock = 2026-09-01 17:57:54.198 -- System time = 173.488 -- Game time = 42.250 -- Ratio = 0.244x
2026-09-01 17:57:54 [INFO] [/home/vcdc/disk2t/lead/lead/inference/sensor_agent_bridgedrive.py:270] [SensorAgent] Saved 19 infractions to outputs/local_evaluation/bench2drive_111/infractions.json
=== [Agent] -- Wallclock = 2026-09-01 17:57:54.455 -- System time = 173.744 -- Game time = 42.300 -- Ratio = 0.243x
2026-09-01 17:57:54 [INFO] [/home/vcdc/disk2t/lead/lead/inference/sensor_agent_bridgedrive.py:270] [SensorAgent] Saved 19 infractions to outputs/local_evaluation/bench2drive_111/infractions.json
=== [Agent] -- Wallclock = 2026-09-01 17:57:54.625 -- System time = 173.914 -- Game time = 42.350 -- Ratio = 0.244x
2026-09-01 17:57:54 [INFO] [/home/vcdc/disk2t/lead/lead/inference/sensor_agent_bridgedrive.py:270] [SensorAgent] Saved 19 infractions to outputs/local_evaluation/bench2drive_111/infractions.json
=== [Agent] -- Wallclock = 2026-09-01 17:57:54.884 -- System time = 174.174 -- Game time = 42.400 -- Ratio = 0.243x
2026-09-01 17:57:55 [INFO] [/home/vcdc/disk2t/lead/lead/inference/sensor_agent_bridgedrive.py:270] [SensorAgent] Saved 19 infractions to outputs/local_evaluation/bench2drive_111/infractions.json
=== [Agent] -- Wallclock = 2026-09-01 17:57:55.070 -- System time = 174.359 -- Game time = 42.450 -- Ratio = 0.243x
2026-09-01 17:57:55 [INFO] [/home/vcdc/disk2t/lead/lead/inference/sensor_agent_bridgedrive.py:270] [SensorAgent] Saved 19 infractions to outputs/local_evaluation/bench2drive_111/infractions.json
=== [Agent] -- Wallclock = 2026-09-01 17:57:55.311 -- System time = 174.600 -- Game time = 42.500 -- Ratio = 0.243x
2026-09-01 17:57:55 [INFO] [/home/vcdc/disk2t/lead/lead/inference/sensor_agent_bridgedrive.py:245] [SensorAgent] Infraction detected at step 849: MinSpeedTest
2026-09-01 17:57:55 [INFO] [/home/vcdc/disk2t/lead/lead/inference/sensor_agent_bridgedrive.py:270] [SensorAgent] Saved 20 infractions to outputs/local_evaluation/bench2drive_111/infractions.json
=== [Agent] -- Wallclock = 2026-09-01 17:57:55.491 -- System time = 174.780 -- Game time = 42.550 -- Ratio = 0.243x
2026-09-01 17:57:55 [INFO] [/home/vcdc/disk2t/lead/lead/inference/sensor_agent_bridgedrive.py:270] [SensorAgent] Saved 20 infractions to outputs/local_evaluation/bench2drive_111/infractions.json
=== [Agent] -- Wallclock = 2026-09-01 17:57:55.725 -- System time = 175.015 -- Game time = 42.600 -- Ratio = 0.243x
2026-09-01 17:57:55 [INFO] [/home/vcdc/disk2t/lead/lead/inference/sensor_agent_bridgedrive.py:270] [SensorAgent] Saved 20 infractions to outputs/local_evaluation/bench2drive_111/infractions.json
=== [Agent] -- Wallclock = 2026-09-01 17:57:55.897 -- System time = 175.187 -- Game time = 42.650 -- Ratio = 0.243x
2026-09-01 17:57:56 [INFO] [/home/vcdc/disk2t/lead/lead/inference/sensor_agent_bridgedrive.py:270] [SensorAgent] Saved 20 infractions to outputs/local_evaluation/bench2drive_111/infractions.json
[1m> Stopping the route[0m
2026-09-01 17:57:56 [INFO] [/home/vcdc/anaconda3/envs/lead/lib/python3.10/site-packages/simple_watchdog_timer.py:92] WDT: Stopped
2026-09-01 17:57:57 [INFO] [/home/vcdc/anaconda3/envs/lead/lib/python3.10/site-packages/simple_watchdog_timer.py:92] WDT: Stopped

[1m========= Results of RouteScenario_11715 (repetition 0) ------ [91mFAILURE[0m [1m=========[0m

╒═══════════════════════╤═════════════════════╕
│ Start Time            │ 2026-09-01 17:55:00 │
├───────────────────────┼─────────────────────┤
│ End Time              │ 2026-09-01 17:57:57 │
├───────────────────────┼─────────────────────┤
│ System Time           │ 176.5s              │
├───────────────────────┼─────────────────────┤
│ Game Time             │ 42.65s              │
├───────────────────────┼─────────────────────┤
│ Ratio (Game / System) │ 0.242               │
╘═══════════════════════╧═════════════════════╛

╒═══════════════════════╤═════════╤══════════╕
│ Criterion             │ Result  │ Value    │
├───────────────────────┼─────────┼──────────┤
│ RouteCompletionTest   │ [92mSUCCESS[0m │ 100 %    │
├───────────────────────┼─────────┼──────────┤
│ OutsideRouteLanesTest │ [92mSUCCESS[0m │ 0 %      │
├───────────────────────┼─────────┼──────────┤
│ CollisionTest         │ [91mFAILURE[0m │ 1 times  │
├───────────────────────┼─────────┼──────────┤
│ RunningRedLightTest   │ [92mSUCCESS[0m │ 0 times  │
├───────────────────────┼─────────┼──────────┤
│ RunningStopTest       │ [92mSUCCESS[0m │ 0 times  │
├───────────────────────┼─────────┼──────────┤
│ MinSpeedTest          │ [91mFAILURE[0m │ 809.64 % │
├───────────────────────┼─────────┼──────────┤
│ InRouteTest           │ [92mSUCCESS[0m │          │
├───────────────────────┼─────────┼──────────┤
│ AgentBlockedTest      │ [92mSUCCESS[0m │          │
├───────────────────────┼─────────┼──────────┤
│ ScenarioTimeoutTest   │ [92mSUCCESS[0m │ 0 times  │
├───────────────────────┼─────────┼──────────┤
│ Timeout               │ [92mSUCCESS[0m │          │
╘═══════════════════════╧═════════╧══════════╛

[1m> Registering the route statistics[0m
ffmpeg version 4.2.7-0ubuntu0.1 Copyright (c) 2000-2022 the FFmpeg developers
  built with gcc 9 (Ubuntu 9.4.0-1ubuntu1~20.04.1)
  configuration: --prefix=/usr --extra-version=0ubuntu0.1 --toolchain=hardened --libdir=/usr/lib/x86_64-linux-gnu --incdir=/usr/include/x86_64-linux-gnu --arch=amd64 --enable-gpl --disable-stripping --enable-avresample --disable-filter=resample --enable-avisynth --enable-gnutls --enable-ladspa --enable-libaom --enable-libass --enable-libbluray --enable-libbs2b --enable-libcaca --enable-libcdio --enable-libcodec2 --enable-libflite --enable-libfontconfig --enable-libfreetype --enable-libfribidi --enable-libgme --enable-libgsm --enable-libjack --enable-libmp3lame --enable-libmysofa --enable-libopenjpeg --enable-libopenmpt --enable-libopus --enable-libpulse --enable-librsvg --enable-librubberband --enable-libshine --enable-libsnappy --enable-libsoxr --enable-libspeex --enable-libssh --enable-libtheora --enable-libtwolame --enable-libvidstab --enable-libvorbis --enable-libvpx --enable-libwavpack --enable-libwebp --enable-libx265 --enable-libxml2 --enable-libxvid --enable-libzmq --enable-libzvbi --enable-lv2 --enable-omx --enable-openal --enable-opencl --enable-opengl --enable-sdl2 --enable-libdc1394 --enable-libdrm --enable-libiec61883 --enable-nvenc --enable-chromaprint --enable-frei0r --enable-libx264 --enable-shared
  libavutil      56. 31.100 / 56. 31.100
  libavcodec     58. 54.100 / 58. 54.100
  libavformat    58. 29.100 / 58. 29.100
  libavdevice    58.  8.100 / 58.  8.100
  libavfilter     7. 57.100 /  7. 57.100
  libavresample   4.  0.  0 /  4.  0.  0
  libswscale      5.  5.100 /  5.  5.100
  libswresample   3.  5.100 /  3.  5.100
  libpostproc    55.  5.100 / 55.  5.100
Input #0, mov,mp4,m4a,3gp,3g2,mj2, from 'outputs/local_evaluation/bench2drive_111/bench2drive_111_debug.mp4':
  Metadata:
    major_brand     : isom
    minor_version   : 512
    compatible_brands: isomiso2mp41
    encoder         : Lavf58.76.100
  Duration: 00:00:21.30, start: 0.000000, bitrate: 5913 kb/s
    Stream #0:0(und): Video: mpeg4 (Simple Profile) (mp4v / 0x7634706D), yuv420p, 1014x524 [SAR 1:1 DAR 507:262], 5912 kb/s, 20 fps, 20 tbr, 10240 tbn, 20 tbc (default)
    Metadata:
      handler_name    : VideoHandler
Stream mapping:
  Stream #0:0 -> #0:0 (mpeg4 (native) -> h264 (libx264))
Press [q] to stop, [?] for help
[libx264 @ 0x560bcd4d1500] using SAR=1/1
[libx264 @ 0x560bcd4d1500] using cpu capabilities: MMX2 SSE2Fast SSSE3 SSE4.2 AVX FMA3 BMI2 AVX2
[libx264 @ 0x560bcd4d1500] profile High, level 3.1
[libx264 @ 0x560bcd4d1500] 264 - core 155 r2917 0a84d98 - H.264/MPEG-4 AVC codec - Copyleft 2003-2018 - http://www.videolan.org/x264.html - options: cabac=1 ref=8 deblock=1:0:0 analyse=0x3:0x133 me=umh subme=9 psy=1 psy_rd=1.00:0.00 mixed_ref=1 me_range=16 chroma_me=1 trellis=2 8x8dct=1 cqm=0 deadzone=21,11 fast_pskip=1 chroma_qp_offset=-2 threads=16 lookahead_threads=1 sliced_threads=0 nr=0 decimate=1 interlaced=0 bluray_compat=0 constrained_intra=0 bframes=3 b_pyramid=2 b_adapt=2 b_bias=0 direct=3 weightb=1 open_gop=0 weightp=2 keyint=250 keyint_min=20 scenecut=40 intra_refresh=0 rc_lookahead=60 rc=crf mbtree=1 crf=28.0 qcomp=0.60 qpmin=0 qpmax=69 qpstep=4 ip_ratio=1.40 aq=1:1.00
Output #0, mp4, to 'outputs/local_evaluation/bench2drive_111/bench2drive_111_debug_temp.mp4':
  Metadata:
    major_brand     : isom
    minor_version   : 512
    compatible_brands: isomiso2mp41
    encoder         : Lavf58.29.100
    Stream #0:0(und): Video: h264 (libx264) (avc1 / 0x31637661), yuv420p, 1014x524 [SAR 1:1 DAR 507:262], q=-1--1, 20 fps, 10240 tbn, 20 tbc (default)
    Metadata:
      handler_name    : VideoHandler
      encoder         : Lavc58.54.100 libx264
    Side data:
      cpb: bitrate max/min/avg: 0/0/0 buffer size: 0 vbv_delay: -1
frame=  147 fps=0.0 q=33.0 size=     256kB time=00:00:03.20 bitrate= 655.5kbits/s speed=6.18x    frame=  350 fps=343 q=33.0 size=     768kB time=00:00:13.35 bitrate= 471.3kbits/s speed=13.1x    frame=  426 fps=244 q=-1.0 Lsize=    1984kB time=00:00:21.15 bitrate= 768.3kbits/s speed=12.1x    
video:1978kB audio:0kB subtitle:0kB other streams:0kB global headers:0kB muxing overhead: 0.288845%
[libx264 @ 0x560bcd4d1500] frame I:2     Avg QP:23.87  size: 43647
[libx264 @ 0x560bcd4d1500] frame P:114   Avg QP:29.51  size:  8378
[libx264 @ 0x560bcd4d1500] frame B:310   Avg QP:34.24  size:  3169
[libx264 @ 0x560bcd4d1500] consecutive B-frames:  1.4%  0.9% 11.3% 86.4%
[libx264 @ 0x560bcd4d1500] mb I  I16..4: 20.8% 53.8% 25.3%
[libx264 @ 0x560bcd4d1500] mb P  I16..4:  1.7%  5.1%  1.5%  P16..4: 20.4%  7.1%  5.9%  0.5%  0.3%    skip:57.3%
[libx264 @ 0x560bcd4d1500] mb B  I16..4:  0.4%  1.3%  0.1%  B16..8: 23.9%  5.2%  1.4%  direct: 2.3%  skip:65.5%  L0:53.7% L1:41.1% BI: 5.2%
[libx264 @ 0x560bcd4d1500] 8x8 transform intra:63.9% inter:28.8%
[libx264 @ 0x560bcd4d1500] direct mvs  spatial:97.4% temporal:2.6%
[libx264 @ 0x560bcd4d1500] coded y,uvDC,uvAC intra: 26.6% 14.8% 7.8% inter: 5.9% 3.1% 1.1%
[libx264 @ 0x560bcd4d1500] i16 v,h,dc,p: 34% 47% 13%  7%
[libx264 @ 0x560bcd4d1500] i8 v,h,dc,ddl,ddr,vr,hd,vl,hu:  9%  9% 67%  2%  2%  2%  3%  2%  5%
[libx264 @ 0x560bcd4d1500] i4 v,h,dc,ddl,ddr,vr,hd,vl,hu: 11% 16% 31%  6%  7%  6%  8%  6% 10%
[libx264 @ 0x560bcd4d1500] i8c dc,h,v,p: 71% 19%  9%  1%
[libx264 @ 0x560bcd4d1500] Weighted P-Frames: Y:0.0% UV:0.0%
[libx264 @ 0x560bcd4d1500] ref P L0: 47.3%  7.5% 15.5%  6.8%  6.5%  5.9%  6.1%  4.3%  0.1%
[libx264 @ 0x560bcd4d1500] ref B L0: 65.3% 13.2%  8.4%  4.5%  4.0%  2.9%  1.7%
[libx264 @ 0x560bcd4d1500] ref B L1: 93.5%  6.5%
[libx264 @ 0x560bcd4d1500] kb/s:760.42
2026-09-01 17:57:58 [INFO] [/home/vcdc/disk2t/lead/lead/inference/video_recorder.py:725] Compressed video: outputs/local_evaluation/bench2drive_111/bench2drive_111_debug.mp4
False
cost time=202.3371124267578
[1m> Registering the global statistics[0m
2026-09-01 17:57:59 [INFO] [/home/vcdc/anaconda3/envs/lead/lib/python3.10/site-packages/simple_watchdog_timer.py:92] WDT: Stopped
2026-09-01 17:57:59 [INFO] [/home/vcdc/anaconda3/envs/lead/lib/python3.10/site-packages/simple_watchdog_timer.py:92] WDT: Stopped
2026-09-01 17:57:59 [INFO] [/home/vcdc/anaconda3/envs/lead/lib/python3.10/site-packages/simple_watchdog_timer.py:92] WDT: Stopped
