+ set +e
+ rm -rf outputs/local_evaluation/bench2drive_111//
+ mkdir -p outputs/local_evaluation/bench2drive_111/
+ CUDA_VISIBLE_DEVICES=0
+ python3 3rd_party/Bench2Drive/leaderboard/leaderboard/leaderboard_evaluator_v2.py --routes=data/benchmark_routes/bench2drive_split/bench2drive_111.xml --track=SENSORS --checkpoint=outputs/local_evaluation/bench2drive_111//checkpoint_endpoint.json --agent=lead/inference/sensor_agent_bridgedrive.py --agent-config=outputs/local_training/bridgedrive_k60 --debug=0 --record=None --resume=False --port=8848 --traffic-manager-port=8000 --timeout=60 --debug-checkpoint=outputs/local_evaluation/bench2drive_111//debug_checkpoint/debug_checkpoint_endpoint.txt --traffic-manager-seed=0 --repetitions=1
/home/vcdc/disk2t/lead/3rd_party/Bench2Drive/leaderboard/leaderboard/leaderboard_evaluator_v2.py:21: UserWarning: pkg_resources is deprecated as an API. See https://setuptools.pypa.io/en/latest/pkg_resources.html. The pkg_resources package is slated for removal as early as 2025-11-30. Refrain from using this package or pin to Setuptools<81.
  import pkg_resources
CARLA CUDA_VISIBLE_DEVICES: 0
/home/vcdc/disk2t/lead/3rd_party/CARLA_0915/CarlaUE4.sh -quality-level=Epic -resx=800 -resy=600 -RenderOffScreen -nosound -carla-rpc-port=8848 -graphicsadapter=0 None
4.26.2-0+++UE4+Release-4.26 522 0
Disabling core dumps.
load_world success , attempts=0
traffic_manager init success, try_time=0
/home/vcdc/disk2t/lead/3rd_party/Bench2Drive/leaderboard/leaderboard/leaderboard_evaluator_v2.py:114: DeprecationWarning: distutils Version classes are deprecated. Use packaging.version instead.
  if LooseVersion(dist.version) < LooseVersion('0.9.10'):
2026-09-01 19:25:17 [INFO] [/home/vcdc/disk2t/lead/lead/common/logging_config.py:144] Logging configured: level=INFO for 'lead' modules
Problem reading checkpoint. Found no data

[1m========= Preparing RouteScenario_11715 (repetition 0) =========[0m
[1m> Loading the world[0m
[1m>  Load_world time=13.104851245880127
[1m> Apply settings time=1.852696418762207
[1m> Reset all traffic lights time=1.5086584091186523
2026-09-01 19:25:39 [INFO] [/home/vcdc/anaconda3/envs/lead/lib/python3.10/site-packages/simple_watchdog_timer.py:25] WDT: Started
/home/vcdc/disk2t/lead/lead/common/common_utils.py:154: RuntimeWarning: The iteration is not making good progress, as measured by the 
  improvement from the last ten iterations.
  solution = fsolve(equations, initial_guess)
2026-09-01 19:25:39 [INFO] [/home/vcdc/disk2t/lead/lead/common/base_agent.py:28] Noisy lat ref: -2.1852476811406883e-15, Noisy lon ref: -0.015349053355660747
2026-09-01 19:25:39 [INFO] [/home/vcdc/disk2t/lead/lead/inference/open_loop_inference_bridgedrive.py:57] Loading model weight from outputs/local_training/bridgedrive_k60/model_BridgeDrive_m2_k60_0030.pth
2026-09-01 19:25:40 [INFO] [/home/vcdc/disk2t/lead/lead/tfv6/planning_decoder_bridgedrive.py:488] Using velocity encoder.
2026-09-01 19:25:40 [INFO] [/home/vcdc/disk2t/lead/lead/tfv6/planning_decoder_bridgedrive.py:504] Using discrete command encoder.
2026-09-01 19:25:40 [INFO] [/home/vcdc/disk2t/lead/lead/tfv6/planning_decoder_bridgedrive.py:509] Using target point encoder.
2026-09-01 19:25:40 [INFO] [/home/vcdc/disk2t/lead/lead/tfv6/planning_decoder_bridgedrive.py:513] Using previous target point encoder.
2026-09-01 19:25:40 [INFO] [/home/vcdc/disk2t/lead/lead/tfv6/planning_decoder_bridgedrive.py:517] Using next target point encoder.
2026-09-01 19:25:40 [INFO] [/home/vcdc/disk2t/lead/lead/tfv6/planning_decoder_bridgedrive.py:538] Using radar encoder with 20 tokens.
2026-09-01 19:25:41 [INFO] [/home/vcdc/disk2t/lead/lead/common/sensor_setup.py:209] Added sensor: rgb_1 at position (0.1, -0.35, 2.25), size: 384x384px
2026-09-01 19:25:41 [INFO] [/home/vcdc/disk2t/lead/lead/common/sensor_setup.py:209] Added sensor: rgb_2 at position (0.35, 0.0, 2.25), size: 384x384px
2026-09-01 19:25:41 [INFO] [/home/vcdc/disk2t/lead/lead/common/sensor_setup.py:209] Added sensor: rgb_3 at position (0.1, 0.35, 2.25), size: 384x384px
2026-09-01 19:25:41 [INFO] [/home/vcdc/disk2t/lead/lead/common/sensor_setup.py:59] Added sensor: lidar1 at position (0.0, 0.0, 2.5)
2026-09-01 19:25:41 [INFO] [/home/vcdc/disk2t/lead/lead/common/sensor_setup.py:75] Added sensor: lidar2 at position (0.0, 0.0, 2.5)
2026-09-01 19:25:41 [INFO] [/home/vcdc/disk2t/lead/lead/common/sensor_setup.py:94] Added sensor: radar1 at position (2.6, 0, 0.6)
2026-09-01 19:25:41 [INFO] [/home/vcdc/disk2t/lead/lead/common/sensor_setup.py:94] Added sensor: radar2 at position (2.6, 0, 0.6)
2026-09-01 19:25:41 [INFO] [/home/vcdc/disk2t/lead/lead/common/sensor_setup.py:94] Added sensor: radar3 at position (-2.6, 0, 0.6)
2026-09-01 19:25:41 [INFO] [/home/vcdc/disk2t/lead/lead/common/sensor_setup.py:94] Added sensor: radar4 at position (-2.6, 0, 0.6)
2026-09-01 19:25:41 [INFO] [/home/vcdc/disk2t/lead/lead/common/sensor_setup.py:134] Added sensor: imu
2026-09-01 19:25:41 [INFO] [/home/vcdc/disk2t/lead/lead/common/sensor_setup.py:148] Added sensor: gps
2026-09-01 19:25:41 [INFO] [/home/vcdc/disk2t/lead/lead/common/sensor_setup.py:156] Added sensor: speed
2026-09-01 19:25:41 [INFO] [/home/vcdc/anaconda3/envs/lead/lib/python3.10/site-packages/simple_watchdog_timer.py:92] WDT: Stopped
[1m> Agent setup time=2.44s[0m
[1m> Running the route[0m
2026-09-01 19:25:41 [INFO] [/home/vcdc/disk2t/lead/lead/common/sensor_setup.py:209] Added sensor: rgb_1 at position (0.1, -0.35, 2.25), size: 384x384px
2026-09-01 19:25:41 [INFO] [/home/vcdc/disk2t/lead/lead/common/sensor_setup.py:209] Added sensor: rgb_2 at position (0.35, 0.0, 2.25), size: 384x384px
2026-09-01 19:25:41 [INFO] [/home/vcdc/disk2t/lead/lead/common/sensor_setup.py:209] Added sensor: rgb_3 at position (0.1, 0.35, 2.25), size: 384x384px
2026-09-01 19:25:41 [INFO] [/home/vcdc/disk2t/lead/lead/common/sensor_setup.py:59] Added sensor: lidar1 at position (0.0, 0.0, 2.5)
2026-09-01 19:25:41 [INFO] [/home/vcdc/disk2t/lead/lead/common/sensor_setup.py:75] Added sensor: lidar2 at position (0.0, 0.0, 2.5)
2026-09-01 19:25:41 [INFO] [/home/vcdc/disk2t/lead/lead/common/sensor_setup.py:94] Added sensor: radar1 at position (2.6, 0, 0.6)
2026-09-01 19:25:41 [INFO] [/home/vcdc/disk2t/lead/lead/common/sensor_setup.py:94] Added sensor: radar2 at position (2.6, 0, 0.6)
2026-09-01 19:25:41 [INFO] [/home/vcdc/disk2t/lead/lead/common/sensor_setup.py:94] Added sensor: radar3 at position (-2.6, 0, 0.6)
2026-09-01 19:25:41 [INFO] [/home/vcdc/disk2t/lead/lead/common/sensor_setup.py:94] Added sensor: radar4 at position (-2.6, 0, 0.6)
2026-09-01 19:25:41 [INFO] [/home/vcdc/disk2t/lead/lead/common/sensor_setup.py:134] Added sensor: imu
2026-09-01 19:25:41 [INFO] [/home/vcdc/disk2t/lead/lead/common/sensor_setup.py:148] Added sensor: gps
2026-09-01 19:25:41 [INFO] [/home/vcdc/disk2t/lead/lead/common/sensor_setup.py:156] Added sensor: speed
2026-09-01 19:25:42 [INFO] [/home/vcdc/disk2t/lead/lead/inference/sensor_agent_bridgedrive.py:129] [SensorAgent] Scenario reference set for infraction tracking
2026-09-01 19:25:42 [INFO] [/home/vcdc/anaconda3/envs/lead/lib/python3.10/site-packages/simple_watchdog_timer.py:25] WDT: Started
2026-09-01 19:25:42 [INFO] [/home/vcdc/anaconda3/envs/lead/lib/python3.10/site-packages/simple_watchdog_timer.py:25] WDT: Started
=== [Agent] -- Wallclock = 2026-09-01 19:25:42.224 -- System time = 0.000 -- Game time = 0.050 -- Ratio = 0.000x
=== [Agent] -- Wallclock = 2026-09-01 19:25:42.399 -- System time = 0.175 -- Game time = 0.100 -- Ratio = 0.572x
2026-09-01 19:25:43 [INFO] [/home/vcdc/disk2t/lead/lead/inference/sensor_agent_bridgedrive.py:245] [SensorAgent] Infraction detected at step 1: RouteCompletionTest
2026-09-01 19:25:43 [INFO] [/home/vcdc/disk2t/lead/lead/inference/sensor_agent_bridgedrive.py:270] [SensorAgent] Saved 1 infractions to outputs/local_evaluation/bench2drive_111/infractions.json
=== [Agent] -- Wallclock = 2026-09-01 19:25:43.662 -- System time = 1.438 -- Game time = 0.150 -- Ratio = 0.104x
2026-09-01 19:25:43 [INFO] [/home/vcdc/disk2t/lead/lead/inference/sensor_agent_bridgedrive.py:270] [SensorAgent] Saved 1 infractions to outputs/local_evaluation/bench2drive_111/infractions.json
=== [Agent] -- Wallclock = 2026-09-01 19:25:43.895 -- System time = 1.671 -- Game time = 0.200 -- Ratio = 0.120x
2026-09-01 19:25:44 [INFO] [/home/vcdc/disk2t/lead/lead/inference/sensor_agent_bridgedrive.py:270] [SensorAgent] Saved 1 infractions to outputs/local_evaluation/bench2drive_111/infractions.json
=== [Agent] -- Wallclock = 2026-09-01 19:25:44.036 -- System time = 1.812 -- Game time = 0.250 -- Ratio = 0.138x
2026-09-01 19:25:44 [INFO] [/home/vcdc/disk2t/lead/lead/inference/sensor_agent_bridgedrive.py:270] [SensorAgent] Saved 1 infractions to outputs/local_evaluation/bench2drive_111/infractions.json
=== [Agent] -- Wallclock = 2026-09-01 19:25:44.245 -- System time = 2.021 -- Game time = 0.300 -- Ratio = 0.148x
2026-09-01 19:25:44 [INFO] [/home/vcdc/disk2t/lead/lead/inference/sensor_agent_bridgedrive.py:270] [SensorAgent] Saved 1 infractions to outputs/local_evaluation/bench2drive_111/infractions.json
=== [Agent] -- Wallclock = 2026-09-01 19:25:44.380 -- System time = 2.156 -- Game time = 0.350 -- Ratio = 0.162x
2026-09-01 19:25:44 [INFO] [/home/vcdc/disk2t/lead/lead/inference/sensor_agent_bridgedrive.py:270] [SensorAgent] Saved 1 infractions to outputs/local_evaluation/bench2drive_111/infractions.json
=== [Agent] -- Wallclock = 2026-09-01 19:25:44.609 -- System time = 2.385 -- Game time = 0.400 -- Ratio = 0.168x
2026-09-01 19:25:44 [INFO] [/home/vcdc/disk2t/lead/lead/inference/sensor_agent_bridgedrive.py:270] [SensorAgent] Saved 1 infractions to outputs/local_evaluation/bench2drive_111/infractions.json
=== [Agent] -- Wallclock = 2026-09-01 19:25:44.747 -- System time = 2.523 -- Game time = 0.450 -- Ratio = 0.178x
2026-09-01 19:25:44 [INFO] [/home/vcdc/disk2t/lead/lead/inference/sensor_agent_bridgedrive.py:270] [SensorAgent] Saved 1 infractions to outputs/local_evaluation/bench2drive_111/infractions.json
=== [Agent] -- Wallclock = 2026-09-01 19:25:44.970 -- System time = 2.746 -- Game time = 0.500 -- Ratio = 0.182x
2026-09-01 19:25:45 [INFO] [/home/vcdc/disk2t/lead/lead/inference/sensor_agent_bridgedrive.py:270] [SensorAgent] Saved 1 infractions to outputs/local_evaluation/bench2drive_111/infractions.json
=== [Agent] -- Wallclock = 2026-09-01 19:25:45.116 -- System time = 2.892 -- Game time = 0.550 -- Ratio = 0.190x
2026-09-01 19:25:45 [INFO] [/home/vcdc/disk2t/lead/lead/inference/sensor_agent_bridgedrive.py:270] [SensorAgent] Saved 1 infractions to outputs/local_evaluation/bench2drive_111/infractions.json
=== [Agent] -- Wallclock = 2026-09-01 19:25:45.338 -- System time = 3.114 -- Game time = 0.600 -- Ratio = 0.193x
2026-09-01 19:25:45 [INFO] [/home/vcdc/disk2t/lead/lead/inference/sensor_agent_bridgedrive.py:270] [SensorAgent] Saved 1 infractions to outputs/local_evaluation/bench2drive_111/infractions.json
=== [Agent] -- Wallclock = 2026-09-01 19:25:45.489 -- System time = 3.265 -- Game time = 0.650 -- Ratio = 0.199x
2026-09-01 19:25:45 [INFO] [/home/vcdc/disk2t/lead/lead/inference/sensor_agent_bridgedrive.py:270] [SensorAgent] Saved 1 infractions to outputs/local_evaluation/bench2drive_111/infractions.json
=== [Agent] -- Wallclock = 2026-09-01 19:25:45.712 -- System time = 3.488 -- Game time = 0.700 -- Ratio = 0.201x
2026-09-01 19:25:45 [INFO] [/home/vcdc/disk2t/lead/lead/inference/sensor_agent_bridgedrive.py:270] [SensorAgent] Saved 1 infractions to outputs/local_evaluation/bench2drive_111/infractions.json
=== [Agent] -- Wallclock = 2026-09-01 19:25:45.865 -- System time = 3.642 -- Game time = 0.750 -- Ratio = 0.206x
2026-09-01 19:25:45 [INFO] [/home/vcdc/disk2t/lead/lead/inference/sensor_agent_bridgedrive.py:270] [SensorAgent] Saved 1 infractions to outputs/local_evaluation/bench2drive_111/infractions.json
=== [Agent] -- Wallclock = 2026-09-01 19:25:46.078 -- System time = 3.854 -- Game time = 0.800 -- Ratio = 0.208x
2026-09-01 19:25:46 [INFO] [/home/vcdc/disk2t/lead/lead/inference/sensor_agent_bridgedrive.py:270] [SensorAgent] Saved 1 infractions to outputs/local_evaluation/bench2drive_111/infractions.json
=== [Agent] -- Wallclock = 2026-09-01 19:25:46.241 -- System time = 4.017 -- Game time = 0.850 -- Ratio = 0.212x
2026-09-01 19:25:46 [INFO] [/home/vcdc/disk2t/lead/lead/inference/sensor_agent_bridgedrive.py:270] [SensorAgent] Saved 1 infractions to outputs/local_evaluation/bench2drive_111/infractions.json
=== [Agent] -- Wallclock = 2026-09-01 19:25:46.452 -- System time = 4.228 -- Game time = 0.900 -- Ratio = 0.213x
2026-09-01 19:25:46 [INFO] [/home/vcdc/disk2t/lead/lead/inference/sensor_agent_bridgedrive.py:270] [SensorAgent] Saved 1 infractions to outputs/local_evaluation/bench2drive_111/infractions.json
=== [Agent] -- Wallclock = 2026-09-01 19:25:46.593 -- System time = 4.369 -- Game time = 0.950 -- Ratio = 0.217x
2026-09-01 19:25:46 [INFO] [/home/vcdc/disk2t/lead/lead/inference/sensor_agent_bridgedrive.py:270] [SensorAgent] Saved 1 infractions to outputs/local_evaluation/bench2drive_111/infractions.json
=== [Agent] -- Wallclock = 2026-09-01 19:25:46.815 -- System time = 4.592 -- Game time = 1.000 -- Ratio = 0.218x
2026-09-01 19:25:46 [INFO] [/home/vcdc/disk2t/lead/lead/inference/sensor_agent_bridgedrive.py:270] [SensorAgent] Saved 1 infractions to outputs/local_evaluation/bench2drive_111/infractions.json
=== [Agent] -- Wallclock = 2026-09-01 19:25:46.978 -- System time = 4.754 -- Game time = 1.050 -- Ratio = 0.221x
2026-09-01 19:25:47 [INFO] [/home/vcdc/disk2t/lead/lead/inference/sensor_agent_bridgedrive.py:270] [SensorAgent] Saved 1 infractions to outputs/local_evaluation/bench2drive_111/infractions.json
=== [Agent] -- Wallclock = 2026-09-01 19:25:47.204 -- System time = 4.980 -- Game time = 1.100 -- Ratio = 0.221x
2026-09-01 19:25:47 [INFO] [/home/vcdc/disk2t/lead/lead/inference/sensor_agent_bridgedrive.py:270] [SensorAgent] Saved 1 infractions to outputs/local_evaluation/bench2drive_111/infractions.json
=== [Agent] -- Wallclock = 2026-09-01 19:25:47.357 -- System time = 5.134 -- Game time = 1.150 -- Ratio = 0.224x
2026-09-01 19:25:47 [INFO] [/home/vcdc/disk2t/lead/lead/inference/sensor_agent_bridgedrive.py:270] [SensorAgent] Saved 1 infractions to outputs/local_evaluation/bench2drive_111/infractions.json
=== [Agent] -- Wallclock = 2026-09-01 19:25:47.574 -- System time = 5.350 -- Game time = 1.200 -- Ratio = 0.224x
2026-09-01 19:25:47 [INFO] [/home/vcdc/disk2t/lead/lead/inference/sensor_agent_bridgedrive.py:270] [SensorAgent] Saved 1 infractions to outputs/local_evaluation/bench2drive_111/infractions.json
=== [Agent] -- Wallclock = 2026-09-01 19:25:47.733 -- System time = 5.509 -- Game time = 1.250 -- Ratio = 0.227x
2026-09-01 19:25:47 [INFO] [/home/vcdc/disk2t/lead/lead/inference/sensor_agent_bridgedrive.py:270] [SensorAgent] Saved 1 infractions to outputs/local_evaluation/bench2drive_111/infractions.json
=== [Agent] -- Wallclock = 2026-09-01 19:25:47.954 -- System time = 5.731 -- Game time = 1.300 -- Ratio = 0.227x
2026-09-01 19:25:48 [INFO] [/home/vcdc/disk2t/lead/lead/inference/sensor_agent_bridgedrive.py:270] [SensorAgent] Saved 1 infractions to outputs/local_evaluation/bench2drive_111/infractions.json
=== [Agent] -- Wallclock = 2026-09-01 19:25:48.107 -- System time = 5.883 -- Game time = 1.350 -- Ratio = 0.229x
2026-09-01 19:25:48 [INFO] [/home/vcdc/disk2t/lead/lead/inference/sensor_agent_bridgedrive.py:270] [SensorAgent] Saved 1 infractions to outputs/local_evaluation/bench2drive_111/infractions.json
=== [Agent] -- Wallclock = 2026-09-01 19:25:48.346 -- System time = 6.122 -- Game time = 1.400 -- Ratio = 0.229x
2026-09-01 19:25:48 [INFO] [/home/vcdc/disk2t/lead/lead/inference/sensor_agent_bridgedrive.py:270] [SensorAgent] Saved 1 infractions to outputs/local_evaluation/bench2drive_111/infractions.json
=== [Agent] -- Wallclock = 2026-09-01 19:25:48.504 -- System time = 6.280 -- Game time = 1.450 -- Ratio = 0.231x
2026-09-01 19:25:48 [INFO] [/home/vcdc/disk2t/lead/lead/inference/sensor_agent_bridgedrive.py:270] [SensorAgent] Saved 1 infractions to outputs/local_evaluation/bench2drive_111/infractions.json
=== [Agent] -- Wallclock = 2026-09-01 19:25:48.729 -- System time = 6.505 -- Game time = 1.500 -- Ratio = 0.231x
2026-09-01 19:25:48 [INFO] [/home/vcdc/disk2t/lead/lead/inference/sensor_agent_bridgedrive.py:270] [SensorAgent] Saved 1 infractions to outputs/local_evaluation/bench2drive_111/infractions.json
=== [Agent] -- Wallclock = 2026-09-01 19:25:48.888 -- System time = 6.664 -- Game time = 1.550 -- Ratio = 0.233x
2026-09-01 19:25:49 [INFO] [/home/vcdc/disk2t/lead/lead/inference/sensor_agent_bridgedrive.py:270] [SensorAgent] Saved 1 infractions to outputs/local_evaluation/bench2drive_111/infractions.json
=== [Agent] -- Wallclock = 2026-09-01 19:25:49.109 -- System time = 6.885 -- Game time = 1.600 -- Ratio = 0.232x
2026-09-01 19:25:49 [INFO] [/home/vcdc/disk2t/lead/lead/inference/sensor_agent_bridgedrive.py:270] [SensorAgent] Saved 1 infractions to outputs/local_evaluation/bench2drive_111/infractions.json
=== [Agent] -- Wallclock = 2026-09-01 19:25:49.268 -- System time = 7.044 -- Game time = 1.650 -- Ratio = 0.234x
2026-09-01 19:25:49 [INFO] [/home/vcdc/disk2t/lead/lead/inference/sensor_agent_bridgedrive.py:270] [SensorAgent] Saved 1 infractions to outputs/local_evaluation/bench2drive_111/infractions.json
=== [Agent] -- Wallclock = 2026-09-01 19:25:49.484 -- System time = 7.260 -- Game time = 1.700 -- Ratio = 0.234x
2026-09-01 19:25:49 [INFO] [/home/vcdc/disk2t/lead/lead/inference/sensor_agent_bridgedrive.py:270] [SensorAgent] Saved 1 infractions to outputs/local_evaluation/bench2drive_111/infractions.json
=== [Agent] -- Wallclock = 2026-09-01 19:25:49.653 -- System time = 7.429 -- Game time = 1.750 -- Ratio = 0.236x
2026-09-01 19:25:49 [INFO] [/home/vcdc/disk2t/lead/lead/inference/sensor_agent_bridgedrive.py:270] [SensorAgent] Saved 1 infractions to outputs/local_evaluation/bench2drive_111/infractions.json
=== [Agent] -- Wallclock = 2026-09-01 19:25:49.882 -- System time = 7.658 -- Game time = 1.800 -- Ratio = 0.235x
2026-09-01 19:25:50 [INFO] [/home/vcdc/disk2t/lead/lead/inference/sensor_agent_bridgedrive.py:270] [SensorAgent] Saved 1 infractions to outputs/local_evaluation/bench2drive_111/infractions.json
=== [Agent] -- Wallclock = 2026-09-01 19:25:50.030 -- System time = 7.806 -- Game time = 1.850 -- Ratio = 0.237x
2026-09-01 19:25:50 [INFO] [/home/vcdc/disk2t/lead/lead/inference/sensor_agent_bridgedrive.py:270] [SensorAgent] Saved 1 infractions to outputs/local_evaluation/bench2drive_111/infractions.json
=== [Agent] -- Wallclock = 2026-09-01 19:25:50.247 -- System time = 8.024 -- Game time = 1.900 -- Ratio = 0.237x
2026-09-01 19:25:50 [INFO] [/home/vcdc/disk2t/lead/lead/inference/sensor_agent_bridgedrive.py:270] [SensorAgent] Saved 1 infractions to outputs/local_evaluation/bench2drive_111/infractions.json
=== [Agent] -- Wallclock = 2026-09-01 19:25:50.395 -- System time = 8.171 -- Game time = 1.950 -- Ratio = 0.239x
2026-09-01 19:25:50 [INFO] [/home/vcdc/disk2t/lead/lead/inference/sensor_agent_bridgedrive.py:270] [SensorAgent] Saved 1 infractions to outputs/local_evaluation/bench2drive_111/infractions.json
=== [Agent] -- Wallclock = 2026-09-01 19:25:50.605 -- System time = 8.382 -- Game time = 2.000 -- Ratio = 0.239x
2026-09-01 19:25:50 [INFO] [/home/vcdc/disk2t/lead/lead/inference/sensor_agent_bridgedrive.py:270] [SensorAgent] Saved 1 infractions to outputs/local_evaluation/bench2drive_111/infractions.json
=== [Agent] -- Wallclock = 2026-09-01 19:25:50.745 -- System time = 8.521 -- Game time = 2.050 -- Ratio = 0.241x
2026-09-01 19:25:50 [INFO] [/home/vcdc/disk2t/lead/lead/inference/sensor_agent_bridgedrive.py:270] [SensorAgent] Saved 1 infractions to outputs/local_evaluation/bench2drive_111/infractions.json
=== [Agent] -- Wallclock = 2026-09-01 19:25:50.960 -- System time = 8.737 -- Game time = 2.100 -- Ratio = 0.240x
2026-09-01 19:25:51 [INFO] [/home/vcdc/disk2t/lead/lead/inference/sensor_agent_bridgedrive.py:270] [SensorAgent] Saved 1 infractions to outputs/local_evaluation/bench2drive_111/infractions.json
=== [Agent] -- Wallclock = 2026-09-01 19:25:51.107 -- System time = 8.883 -- Game time = 2.150 -- Ratio = 0.242x
2026-09-01 19:25:51 [INFO] [/home/vcdc/disk2t/lead/lead/inference/sensor_agent_bridgedrive.py:270] [SensorAgent] Saved 1 infractions to outputs/local_evaluation/bench2drive_111/infractions.json
=== [Agent] -- Wallclock = 2026-09-01 19:25:51.343 -- System time = 9.120 -- Game time = 2.200 -- Ratio = 0.241x
2026-09-01 19:25:51 [INFO] [/home/vcdc/disk2t/lead/lead/inference/sensor_agent_bridgedrive.py:270] [SensorAgent] Saved 1 infractions to outputs/local_evaluation/bench2drive_111/infractions.json
=== [Agent] -- Wallclock = 2026-09-01 19:25:51.493 -- System time = 9.269 -- Game time = 2.250 -- Ratio = 0.243x
2026-09-01 19:25:51 [INFO] [/home/vcdc/disk2t/lead/lead/inference/sensor_agent_bridgedrive.py:270] [SensorAgent] Saved 1 infractions to outputs/local_evaluation/bench2drive_111/infractions.json
=== [Agent] -- Wallclock = 2026-09-01 19:25:51.711 -- System time = 9.487 -- Game time = 2.300 -- Ratio = 0.242x
2026-09-01 19:25:51 [INFO] [/home/vcdc/disk2t/lead/lead/inference/sensor_agent_bridgedrive.py:270] [SensorAgent] Saved 1 infractions to outputs/local_evaluation/bench2drive_111/infractions.json
=== [Agent] -- Wallclock = 2026-09-01 19:25:51.857 -- System time = 9.633 -- Game time = 2.350 -- Ratio = 0.244x
2026-09-01 19:25:51 [INFO] [/home/vcdc/disk2t/lead/lead/inference/sensor_agent_bridgedrive.py:270] [SensorAgent] Saved 1 infractions to outputs/local_evaluation/bench2drive_111/infractions.json
=== [Agent] -- Wallclock = 2026-09-01 19:25:52.069 -- System time = 9.845 -- Game time = 2.400 -- Ratio = 0.244x
2026-09-01 19:25:52 [INFO] [/home/vcdc/disk2t/lead/lead/inference/sensor_agent_bridgedrive.py:270] [SensorAgent] Saved 1 infractions to outputs/local_evaluation/bench2drive_111/infractions.json
=== [Agent] -- Wallclock = 2026-09-01 19:25:52.213 -- System time = 9.989 -- Game time = 2.450 -- Ratio = 0.245x
2026-09-01 19:25:52 [INFO] [/home/vcdc/disk2t/lead/lead/inference/sensor_agent_bridgedrive.py:270] [SensorAgent] Saved 1 infractions to outputs/local_evaluation/bench2drive_111/infractions.json
=== [Agent] -- Wallclock = 2026-09-01 19:25:52.432 -- System time = 10.208 -- Game time = 2.500 -- Ratio = 0.245x
2026-09-01 19:25:52 [INFO] [/home/vcdc/disk2t/lead/lead/inference/sensor_agent_bridgedrive.py:270] [SensorAgent] Saved 1 infractions to outputs/local_evaluation/bench2drive_111/infractions.json
=== [Agent] -- Wallclock = 2026-09-01 19:25:52.584 -- System time = 10.361 -- Game time = 2.550 -- Ratio = 0.246x
2026-09-01 19:25:52 [INFO] [/home/vcdc/disk2t/lead/lead/inference/sensor_agent_bridgedrive.py:270] [SensorAgent] Saved 1 infractions to outputs/local_evaluation/bench2drive_111/infractions.json
=== [Agent] -- Wallclock = 2026-09-01 19:25:52.811 -- System time = 10.587 -- Game time = 2.600 -- Ratio = 0.246x
2026-09-01 19:25:52 [INFO] [/home/vcdc/disk2t/lead/lead/inference/sensor_agent_bridgedrive.py:270] [SensorAgent] Saved 1 infractions to outputs/local_evaluation/bench2drive_111/infractions.json
=== [Agent] -- Wallclock = 2026-09-01 19:25:52.960 -- System time = 10.736 -- Game time = 2.650 -- Ratio = 0.247x
2026-09-01 19:25:53 [INFO] [/home/vcdc/disk2t/lead/lead/inference/sensor_agent_bridgedrive.py:270] [SensorAgent] Saved 1 infractions to outputs/local_evaluation/bench2drive_111/infractions.json
=== [Agent] -- Wallclock = 2026-09-01 19:25:53.186 -- System time = 10.962 -- Game time = 2.700 -- Ratio = 0.246x
2026-09-01 19:25:53 [INFO] [/home/vcdc/disk2t/lead/lead/inference/sensor_agent_bridgedrive.py:270] [SensorAgent] Saved 1 infractions to outputs/local_evaluation/bench2drive_111/infractions.json
=== [Agent] -- Wallclock = 2026-09-01 19:25:53.333 -- System time = 11.110 -- Game time = 2.750 -- Ratio = 0.248x
2026-09-01 19:25:53 [INFO] [/home/vcdc/disk2t/lead/lead/inference/sensor_agent_bridgedrive.py:270] [SensorAgent] Saved 1 infractions to outputs/local_evaluation/bench2drive_111/infractions.json
=== [Agent] -- Wallclock = 2026-09-01 19:25:53.558 -- System time = 11.334 -- Game time = 2.800 -- Ratio = 0.247x
2026-09-01 19:25:53 [INFO] [/home/vcdc/disk2t/lead/lead/inference/sensor_agent_bridgedrive.py:270] [SensorAgent] Saved 1 infractions to outputs/local_evaluation/bench2drive_111/infractions.json
=== [Agent] -- Wallclock = 2026-09-01 19:25:53.725 -- System time = 11.501 -- Game time = 2.850 -- Ratio = 0.248x
2026-09-01 19:25:53 [INFO] [/home/vcdc/disk2t/lead/lead/inference/sensor_agent_bridgedrive.py:270] [SensorAgent] Saved 1 infractions to outputs/local_evaluation/bench2drive_111/infractions.json
=== [Agent] -- Wallclock = 2026-09-01 19:25:53.954 -- System time = 11.731 -- Game time = 2.900 -- Ratio = 0.247x
2026-09-01 19:25:54 [INFO] [/home/vcdc/disk2t/lead/lead/inference/sensor_agent_bridgedrive.py:270] [SensorAgent] Saved 1 infractions to outputs/local_evaluation/bench2drive_111/infractions.json
=== [Agent] -- Wallclock = 2026-09-01 19:25:54.122 -- System time = 11.898 -- Game time = 2.950 -- Ratio = 0.248x
2026-09-01 19:25:54 [INFO] [/home/vcdc/disk2t/lead/lead/inference/sensor_agent_bridgedrive.py:270] [SensorAgent] Saved 1 infractions to outputs/local_evaluation/bench2drive_111/infractions.json
=== [Agent] -- Wallclock = 2026-09-01 19:25:54.368 -- System time = 12.144 -- Game time = 3.000 -- Ratio = 0.247x
2026-09-01 19:25:54 [INFO] [/home/vcdc/disk2t/lead/lead/inference/sensor_agent_bridgedrive.py:270] [SensorAgent] Saved 1 infractions to outputs/local_evaluation/bench2drive_111/infractions.json
=== [Agent] -- Wallclock = 2026-09-01 19:25:54.519 -- System time = 12.295 -- Game time = 3.050 -- Ratio = 0.248x
2026-09-01 19:25:54 [INFO] [/home/vcdc/disk2t/lead/lead/inference/sensor_agent_bridgedrive.py:270] [SensorAgent] Saved 1 infractions to outputs/local_evaluation/bench2drive_111/infractions.json
=== [Agent] -- Wallclock = 2026-09-01 19:25:54.787 -- System time = 12.563 -- Game time = 3.100 -- Ratio = 0.247x
2026-09-01 19:25:54 [INFO] [/home/vcdc/disk2t/lead/lead/inference/sensor_agent_bridgedrive.py:270] [SensorAgent] Saved 1 infractions to outputs/local_evaluation/bench2drive_111/infractions.json
=== [Agent] -- Wallclock = 2026-09-01 19:25:54.952 -- System time = 12.728 -- Game time = 3.150 -- Ratio = 0.247x
2026-09-01 19:25:55 [INFO] [/home/vcdc/disk2t/lead/lead/inference/sensor_agent_bridgedrive.py:270] [SensorAgent] Saved 1 infractions to outputs/local_evaluation/bench2drive_111/infractions.json
=== [Agent] -- Wallclock = 2026-09-01 19:25:55.199 -- System time = 12.975 -- Game time = 3.200 -- Ratio = 0.247x
2026-09-01 19:25:55 [INFO] [/home/vcdc/disk2t/lead/lead/inference/sensor_agent_bridgedrive.py:270] [SensorAgent] Saved 1 infractions to outputs/local_evaluation/bench2drive_111/infractions.json
=== [Agent] -- Wallclock = 2026-09-01 19:25:55.350 -- System time = 13.126 -- Game time = 3.250 -- Ratio = 0.248x
2026-09-01 19:25:55 [INFO] [/home/vcdc/disk2t/lead/lead/inference/sensor_agent_bridgedrive.py:270] [SensorAgent] Saved 1 infractions to outputs/local_evaluation/bench2drive_111/infractions.json
=== [Agent] -- Wallclock = 2026-09-01 19:25:55.571 -- System time = 13.348 -- Game time = 3.300 -- Ratio = 0.247x
2026-09-01 19:25:55 [INFO] [/home/vcdc/disk2t/lead/lead/inference/sensor_agent_bridgedrive.py:270] [SensorAgent] Saved 1 infractions to outputs/local_evaluation/bench2drive_111/infractions.json
=== [Agent] -- Wallclock = 2026-09-01 19:25:55.722 -- System time = 13.498 -- Game time = 3.350 -- Ratio = 0.248x
2026-09-01 19:25:55 [INFO] [/home/vcdc/disk2t/lead/lead/inference/sensor_agent_bridgedrive.py:270] [SensorAgent] Saved 1 infractions to outputs/local_evaluation/bench2drive_111/infractions.json
=== [Agent] -- Wallclock = 2026-09-01 19:25:55.939 -- System time = 13.715 -- Game time = 3.400 -- Ratio = 0.248x
2026-09-01 19:25:56 [INFO] [/home/vcdc/disk2t/lead/lead/inference/sensor_agent_bridgedrive.py:270] [SensorAgent] Saved 1 infractions to outputs/local_evaluation/bench2drive_111/infractions.json
=== [Agent] -- Wallclock = 2026-09-01 19:25:56.085 -- System time = 13.861 -- Game time = 3.450 -- Ratio = 0.249x
2026-09-01 19:25:56 [INFO] [/home/vcdc/disk2t/lead/lead/inference/sensor_agent_bridgedrive.py:270] [SensorAgent] Saved 1 infractions to outputs/local_evaluation/bench2drive_111/infractions.json
=== [Agent] -- Wallclock = 2026-09-01 19:25:56.306 -- System time = 14.082 -- Game time = 3.500 -- Ratio = 0.249x
2026-09-01 19:25:56 [INFO] [/home/vcdc/disk2t/lead/lead/inference/sensor_agent_bridgedrive.py:270] [SensorAgent] Saved 1 infractions to outputs/local_evaluation/bench2drive_111/infractions.json
=== [Agent] -- Wallclock = 2026-09-01 19:25:56.468 -- System time = 14.244 -- Game time = 3.550 -- Ratio = 0.249x
2026-09-01 19:25:56 [INFO] [/home/vcdc/disk2t/lead/lead/inference/sensor_agent_bridgedrive.py:270] [SensorAgent] Saved 1 infractions to outputs/local_evaluation/bench2drive_111/infractions.json
=== [Agent] -- Wallclock = 2026-09-01 19:25:56.702 -- System time = 14.478 -- Game time = 3.600 -- Ratio = 0.249x
2026-09-01 19:25:56 [INFO] [/home/vcdc/disk2t/lead/lead/inference/sensor_agent_bridgedrive.py:270] [SensorAgent] Saved 1 infractions to outputs/local_evaluation/bench2drive_111/infractions.json
=== [Agent] -- Wallclock = 2026-09-01 19:25:56.876 -- System time = 14.652 -- Game time = 3.650 -- Ratio = 0.249x
2026-09-01 19:25:57 [INFO] [/home/vcdc/disk2t/lead/lead/inference/sensor_agent_bridgedrive.py:270] [SensorAgent] Saved 1 infractions to outputs/local_evaluation/bench2drive_111/infractions.json
=== [Agent] -- Wallclock = 2026-09-01 19:25:57.111 -- System time = 14.887 -- Game time = 3.700 -- Ratio = 0.249x
2026-09-01 19:25:57 [INFO] [/home/vcdc/disk2t/lead/lead/inference/sensor_agent_bridgedrive.py:245] [SensorAgent] Infraction detected at step 73: MinSpeedTest
2026-09-01 19:25:57 [INFO] [/home/vcdc/disk2t/lead/lead/inference/sensor_agent_bridgedrive.py:270] [SensorAgent] Saved 2 infractions to outputs/local_evaluation/bench2drive_111/infractions.json
=== [Agent] -- Wallclock = 2026-09-01 19:25:57.284 -- System time = 15.061 -- Game time = 3.750 -- Ratio = 0.249x
2026-09-01 19:25:57 [INFO] [/home/vcdc/disk2t/lead/lead/inference/sensor_agent_bridgedrive.py:270] [SensorAgent] Saved 2 infractions to outputs/local_evaluation/bench2drive_111/infractions.json
=== [Agent] -- Wallclock = 2026-09-01 19:25:57.507 -- System time = 15.283 -- Game time = 3.800 -- Ratio = 0.249x
2026-09-01 19:25:57 [INFO] [/home/vcdc/disk2t/lead/lead/inference/sensor_agent_bridgedrive.py:270] [SensorAgent] Saved 2 infractions to outputs/local_evaluation/bench2drive_111/infractions.json
=== [Agent] -- Wallclock = 2026-09-01 19:25:57.669 -- System time = 15.445 -- Game time = 3.850 -- Ratio = 0.249x
2026-09-01 19:25:57 [INFO] [/home/vcdc/disk2t/lead/lead/inference/sensor_agent_bridgedrive.py:270] [SensorAgent] Saved 2 infractions to outputs/local_evaluation/bench2drive_111/infractions.json
=== [Agent] -- Wallclock = 2026-09-01 19:25:57.912 -- System time = 15.689 -- Game time = 3.900 -- Ratio = 0.249x
2026-09-01 19:25:58 [INFO] [/home/vcdc/disk2t/lead/lead/inference/sensor_agent_bridgedrive.py:270] [SensorAgent] Saved 2 infractions to outputs/local_evaluation/bench2drive_111/infractions.json
=== [Agent] -- Wallclock = 2026-09-01 19:25:58.080 -- System time = 15.857 -- Game time = 3.950 -- Ratio = 0.249x
2026-09-01 19:25:58 [INFO] [/home/vcdc/disk2t/lead/lead/inference/sensor_agent_bridgedrive.py:270] [SensorAgent] Saved 2 infractions to outputs/local_evaluation/bench2drive_111/infractions.json
=== [Agent] -- Wallclock = 2026-09-01 19:25:58.296 -- System time = 16.072 -- Game time = 4.000 -- Ratio = 0.249x
2026-09-01 19:25:58 [INFO] [/home/vcdc/disk2t/lead/lead/inference/sensor_agent_bridgedrive.py:270] [SensorAgent] Saved 2 infractions to outputs/local_evaluation/bench2drive_111/infractions.json
=== [Agent] -- Wallclock = 2026-09-01 19:25:58.446 -- System time = 16.222 -- Game time = 4.050 -- Ratio = 0.250x
2026-09-01 19:25:58 [INFO] [/home/vcdc/disk2t/lead/lead/inference/sensor_agent_bridgedrive.py:270] [SensorAgent] Saved 2 infractions to outputs/local_evaluation/bench2drive_111/infractions.json
=== [Agent] -- Wallclock = 2026-09-01 19:25:58.672 -- System time = 16.448 -- Game time = 4.100 -- Ratio = 0.249x
2026-09-01 19:25:58 [INFO] [/home/vcdc/disk2t/lead/lead/inference/sensor_agent_bridgedrive.py:270] [SensorAgent] Saved 2 infractions to outputs/local_evaluation/bench2drive_111/infractions.json
=== [Agent] -- Wallclock = 2026-09-01 19:25:58.816 -- System time = 16.592 -- Game time = 4.150 -- Ratio = 0.250x
2026-09-01 19:25:58 [INFO] [/home/vcdc/disk2t/lead/lead/inference/sensor_agent_bridgedrive.py:270] [SensorAgent] Saved 2 infractions to outputs/local_evaluation/bench2drive_111/infractions.json
=== [Agent] -- Wallclock = 2026-09-01 19:25:59.041 -- System time = 16.817 -- Game time = 4.200 -- Ratio = 0.250x
2026-09-01 19:25:59 [INFO] [/home/vcdc/disk2t/lead/lead/inference/sensor_agent_bridgedrive.py:270] [SensorAgent] Saved 2 infractions to outputs/local_evaluation/bench2drive_111/infractions.json
=== [Agent] -- Wallclock = 2026-09-01 19:25:59.203 -- System time = 16.979 -- Game time = 4.250 -- Ratio = 0.250x
2026-09-01 19:25:59 [INFO] [/home/vcdc/disk2t/lead/lead/inference/sensor_agent_bridgedrive.py:270] [SensorAgent] Saved 2 infractions to outputs/local_evaluation/bench2drive_111/infractions.json
=== [Agent] -- Wallclock = 2026-09-01 19:25:59.416 -- System time = 17.192 -- Game time = 4.300 -- Ratio = 0.250x
2026-09-01 19:25:59 [INFO] [/home/vcdc/disk2t/lead/lead/inference/sensor_agent_bridgedrive.py:270] [SensorAgent] Saved 2 infractions to outputs/local_evaluation/bench2drive_111/infractions.json
=== [Agent] -- Wallclock = 2026-09-01 19:25:59.568 -- System time = 17.344 -- Game time = 4.350 -- Ratio = 0.251x
2026-09-01 19:25:59 [INFO] [/home/vcdc/disk2t/lead/lead/inference/sensor_agent_bridgedrive.py:270] [SensorAgent] Saved 2 infractions to outputs/local_evaluation/bench2drive_111/infractions.json
=== [Agent] -- Wallclock = 2026-09-01 19:25:59.797 -- System time = 17.573 -- Game time = 4.400 -- Ratio = 0.250x
2026-09-01 19:25:59 [INFO] [/home/vcdc/disk2t/lead/lead/inference/sensor_agent_bridgedrive.py:270] [SensorAgent] Saved 2 infractions to outputs/local_evaluation/bench2drive_111/infractions.json
=== [Agent] -- Wallclock = 2026-09-01 19:25:59.952 -- System time = 17.728 -- Game time = 4.450 -- Ratio = 0.251x
2026-09-01 19:26:00 [INFO] [/home/vcdc/disk2t/lead/lead/inference/sensor_agent_bridgedrive.py:270] [SensorAgent] Saved 2 infractions to outputs/local_evaluation/bench2drive_111/infractions.json
=== [Agent] -- Wallclock = 2026-09-01 19:26:00.167 -- System time = 17.943 -- Game time = 4.500 -- Ratio = 0.251x
2026-09-01 19:26:00 [INFO] [/home/vcdc/disk2t/lead/lead/inference/sensor_agent_bridgedrive.py:245] [SensorAgent] Infraction detected at step 89: MinSpeedTest
2026-09-01 19:26:00 [INFO] [/home/vcdc/disk2t/lead/lead/inference/sensor_agent_bridgedrive.py:245] [SensorAgent] Infraction detected at step 89: MinSpeedTest
2026-09-01 19:26:00 [INFO] [/home/vcdc/disk2t/lead/lead/inference/sensor_agent_bridgedrive.py:270] [SensorAgent] Saved 4 infractions to outputs/local_evaluation/bench2drive_111/infractions.json
=== [Agent] -- Wallclock = 2026-09-01 19:26:00.346 -- System time = 18.123 -- Game time = 4.550 -- Ratio = 0.251x
2026-09-01 19:26:00 [INFO] [/home/vcdc/disk2t/lead/lead/inference/sensor_agent_bridgedrive.py:270] [SensorAgent] Saved 4 infractions to outputs/local_evaluation/bench2drive_111/infractions.json
=== [Agent] -- Wallclock = 2026-09-01 19:26:00.570 -- System time = 18.346 -- Game time = 4.600 -- Ratio = 0.251x
2026-09-01 19:26:00 [INFO] [/home/vcdc/disk2t/lead/lead/inference/sensor_agent_bridgedrive.py:270] [SensorAgent] Saved 4 infractions to outputs/local_evaluation/bench2drive_111/infractions.json
=== [Agent] -- Wallclock = 2026-09-01 19:26:00.724 -- System time = 18.500 -- Game time = 4.650 -- Ratio = 0.251x
2026-09-01 19:26:00 [INFO] [/home/vcdc/disk2t/lead/lead/inference/sensor_agent_bridgedrive.py:270] [SensorAgent] Saved 4 infractions to outputs/local_evaluation/bench2drive_111/infractions.json
=== [Agent] -- Wallclock = 2026-09-01 19:26:00.949 -- System time = 18.725 -- Game time = 4.700 -- Ratio = 0.251x
2026-09-01 19:26:01 [INFO] [/home/vcdc/disk2t/lead/lead/inference/sensor_agent_bridgedrive.py:270] [SensorAgent] Saved 4 infractions to outputs/local_evaluation/bench2drive_111/infractions.json
=== [Agent] -- Wallclock = 2026-09-01 19:26:01.101 -- System time = 18.877 -- Game time = 4.750 -- Ratio = 0.252x
2026-09-01 19:26:01 [INFO] [/home/vcdc/disk2t/lead/lead/inference/sensor_agent_bridgedrive.py:270] [SensorAgent] Saved 4 infractions to outputs/local_evaluation/bench2drive_111/infractions.json
=== [Agent] -- Wallclock = 2026-09-01 19:26:01.330 -- System time = 19.106 -- Game time = 4.800 -- Ratio = 0.251x
2026-09-01 19:26:01 [INFO] [/home/vcdc/disk2t/lead/lead/inference/sensor_agent_bridgedrive.py:270] [SensorAgent] Saved 4 infractions to outputs/local_evaluation/bench2drive_111/infractions.json
=== [Agent] -- Wallclock = 2026-09-01 19:26:01.488 -- System time = 19.264 -- Game time = 4.850 -- Ratio = 0.252x
2026-09-01 19:26:01 [INFO] [/home/vcdc/disk2t/lead/lead/inference/sensor_agent_bridgedrive.py:270] [SensorAgent] Saved 4 infractions to outputs/local_evaluation/bench2drive_111/infractions.json
=== [Agent] -- Wallclock = 2026-09-01 19:26:01.698 -- System time = 19.474 -- Game time = 4.900 -- Ratio = 0.252x
2026-09-01 19:26:01 [INFO] [/home/vcdc/disk2t/lead/lead/inference/sensor_agent_bridgedrive.py:270] [SensorAgent] Saved 4 infractions to outputs/local_evaluation/bench2drive_111/infractions.json
=== [Agent] -- Wallclock = 2026-09-01 19:26:01.868 -- System time = 19.644 -- Game time = 4.950 -- Ratio = 0.252x
2026-09-01 19:26:02 [INFO] [/home/vcdc/disk2t/lead/lead/inference/sensor_agent_bridgedrive.py:270] [SensorAgent] Saved 4 infractions to outputs/local_evaluation/bench2drive_111/infractions.json
=== [Agent] -- Wallclock = 2026-09-01 19:26:02.092 -- System time = 19.868 -- Game time = 5.000 -- Ratio = 0.252x
2026-09-01 19:26:02 [INFO] [/home/vcdc/disk2t/lead/lead/inference/sensor_agent_bridgedrive.py:270] [SensorAgent] Saved 4 infractions to outputs/local_evaluation/bench2drive_111/infractions.json
=== [Agent] -- Wallclock = 2026-09-01 19:26:02.245 -- System time = 20.021 -- Game time = 5.050 -- Ratio = 0.252x
2026-09-01 19:26:02 [INFO] [/home/vcdc/disk2t/lead/lead/inference/sensor_agent_bridgedrive.py:270] [SensorAgent] Saved 4 infractions to outputs/local_evaluation/bench2drive_111/infractions.json
=== [Agent] -- Wallclock = 2026-09-01 19:26:02.473 -- System time = 20.249 -- Game time = 5.100 -- Ratio = 0.252x
2026-09-01 19:26:02 [INFO] [/home/vcdc/disk2t/lead/lead/inference/sensor_agent_bridgedrive.py:270] [SensorAgent] Saved 4 infractions to outputs/local_evaluation/bench2drive_111/infractions.json
=== [Agent] -- Wallclock = 2026-09-01 19:26:02.621 -- System time = 20.397 -- Game time = 5.150 -- Ratio = 0.252x
2026-09-01 19:26:02 [INFO] [/home/vcdc/disk2t/lead/lead/inference/sensor_agent_bridgedrive.py:270] [SensorAgent] Saved 4 infractions to outputs/local_evaluation/bench2drive_111/infractions.json
=== [Agent] -- Wallclock = 2026-09-01 19:26:02.855 -- System time = 20.631 -- Game time = 5.200 -- Ratio = 0.252x
2026-09-01 19:26:02 [INFO] [/home/vcdc/disk2t/lead/lead/inference/sensor_agent_bridgedrive.py:270] [SensorAgent] Saved 4 infractions to outputs/local_evaluation/bench2drive_111/infractions.json
=== [Agent] -- Wallclock = 2026-09-01 19:26:03.008 -- System time = 20.784 -- Game time = 5.250 -- Ratio = 0.253x
2026-09-01 19:26:03 [INFO] [/home/vcdc/disk2t/lead/lead/inference/sensor_agent_bridgedrive.py:245] [SensorAgent] Infraction detected at step 104: MinSpeedTest
2026-09-01 19:26:03 [INFO] [/home/vcdc/disk2t/lead/lead/inference/sensor_agent_bridgedrive.py:270] [SensorAgent] Saved 5 infractions to outputs/local_evaluation/bench2drive_111/infractions.json
=== [Agent] -- Wallclock = 2026-09-01 19:26:03.238 -- System time = 21.014 -- Game time = 5.300 -- Ratio = 0.252x
2026-09-01 19:26:03 [INFO] [/home/vcdc/disk2t/lead/lead/inference/sensor_agent_bridgedrive.py:270] [SensorAgent] Saved 5 infractions to outputs/local_evaluation/bench2drive_111/infractions.json
=== [Agent] -- Wallclock = 2026-09-01 19:26:03.404 -- System time = 21.181 -- Game time = 5.350 -- Ratio = 0.253x
2026-09-01 19:26:03 [INFO] [/home/vcdc/disk2t/lead/lead/inference/sensor_agent_bridgedrive.py:270] [SensorAgent] Saved 5 infractions to outputs/local_evaluation/bench2drive_111/infractions.json
=== [Agent] -- Wallclock = 2026-09-01 19:26:03.630 -- System time = 21.407 -- Game time = 5.400 -- Ratio = 0.252x
2026-09-01 19:26:03 [INFO] [/home/vcdc/disk2t/lead/lead/inference/sensor_agent_bridgedrive.py:270] [SensorAgent] Saved 5 infractions to outputs/local_evaluation/bench2drive_111/infractions.json
=== [Agent] -- Wallclock = 2026-09-01 19:26:03.783 -- System time = 21.559 -- Game time = 5.450 -- Ratio = 0.253x
2026-09-01 19:26:03 [INFO] [/home/vcdc/disk2t/lead/lead/inference/sensor_agent_bridgedrive.py:270] [SensorAgent] Saved 5 infractions to outputs/local_evaluation/bench2drive_111/infractions.json
=== [Agent] -- Wallclock = 2026-09-01 19:26:03.994 -- System time = 21.770 -- Game time = 5.500 -- Ratio = 0.253x
2026-09-01 19:26:04 [INFO] [/home/vcdc/disk2t/lead/lead/inference/sensor_agent_bridgedrive.py:270] [SensorAgent] Saved 5 infractions to outputs/local_evaluation/bench2drive_111/infractions.json
=== [Agent] -- Wallclock = 2026-09-01 19:26:04.147 -- System time = 21.923 -- Game time = 5.550 -- Ratio = 0.253x
2026-09-01 19:26:04 [INFO] [/home/vcdc/disk2t/lead/lead/inference/sensor_agent_bridgedrive.py:270] [SensorAgent] Saved 5 infractions to outputs/local_evaluation/bench2drive_111/infractions.json
=== [Agent] -- Wallclock = 2026-09-01 19:26:04.394 -- System time = 22.170 -- Game time = 5.600 -- Ratio = 0.253x
2026-09-01 19:26:04 [INFO] [/home/vcdc/disk2t/lead/lead/inference/sensor_agent_bridgedrive.py:270] [SensorAgent] Saved 5 infractions to outputs/local_evaluation/bench2drive_111/infractions.json
=== [Agent] -- Wallclock = 2026-09-01 19:26:04.571 -- System time = 22.347 -- Game time = 5.650 -- Ratio = 0.253x
2026-09-01 19:26:04 [INFO] [/home/vcdc/disk2t/lead/lead/inference/sensor_agent_bridgedrive.py:270] [SensorAgent] Saved 5 infractions to outputs/local_evaluation/bench2drive_111/infractions.json
=== [Agent] -- Wallclock = 2026-09-01 19:26:04.820 -- System time = 22.596 -- Game time = 5.700 -- Ratio = 0.252x
2026-09-01 19:26:04 [INFO] [/home/vcdc/disk2t/lead/lead/inference/sensor_agent_bridgedrive.py:270] [SensorAgent] Saved 5 infractions to outputs/local_evaluation/bench2drive_111/infractions.json
=== [Agent] -- Wallclock = 2026-09-01 19:26:04.971 -- System time = 22.748 -- Game time = 5.750 -- Ratio = 0.253x
2026-09-01 19:26:05 [INFO] [/home/vcdc/disk2t/lead/lead/inference/sensor_agent_bridgedrive.py:270] [SensorAgent] Saved 5 infractions to outputs/local_evaluation/bench2drive_111/infractions.json
=== [Agent] -- Wallclock = 2026-09-01 19:26:05.203 -- System time = 22.979 -- Game time = 5.800 -- Ratio = 0.252x
2026-09-01 19:26:05 [INFO] [/home/vcdc/disk2t/lead/lead/inference/sensor_agent_bridgedrive.py:270] [SensorAgent] Saved 5 infractions to outputs/local_evaluation/bench2drive_111/infractions.json
=== [Agent] -- Wallclock = 2026-09-01 19:26:05.365 -- System time = 23.141 -- Game time = 5.850 -- Ratio = 0.253x
2026-09-01 19:26:05 [INFO] [/home/vcdc/disk2t/lead/lead/inference/sensor_agent_bridgedrive.py:270] [SensorAgent] Saved 5 infractions to outputs/local_evaluation/bench2drive_111/infractions.json
=== [Agent] -- Wallclock = 2026-09-01 19:26:05.590 -- System time = 23.366 -- Game time = 5.900 -- Ratio = 0.253x
2026-09-01 19:26:05 [INFO] [/home/vcdc/disk2t/lead/lead/inference/sensor_agent_bridgedrive.py:270] [SensorAgent] Saved 5 infractions to outputs/local_evaluation/bench2drive_111/infractions.json
=== [Agent] -- Wallclock = 2026-09-01 19:26:05.750 -- System time = 23.526 -- Game time = 5.950 -- Ratio = 0.253x
2026-09-01 19:26:05 [INFO] [/home/vcdc/disk2t/lead/lead/inference/sensor_agent_bridgedrive.py:270] [SensorAgent] Saved 5 infractions to outputs/local_evaluation/bench2drive_111/infractions.json
=== [Agent] -- Wallclock = 2026-09-01 19:26:05.983 -- System time = 23.759 -- Game time = 6.000 -- Ratio = 0.253x
2026-09-01 19:26:06 [INFO] [/home/vcdc/disk2t/lead/lead/inference/sensor_agent_bridgedrive.py:270] [SensorAgent] Saved 5 infractions to outputs/local_evaluation/bench2drive_111/infractions.json
=== [Agent] -- Wallclock = 2026-09-01 19:26:06.154 -- System time = 23.930 -- Game time = 6.050 -- Ratio = 0.253x
2026-09-01 19:26:06 [INFO] [/home/vcdc/disk2t/lead/lead/inference/sensor_agent_bridgedrive.py:270] [SensorAgent] Saved 5 infractions to outputs/local_evaluation/bench2drive_111/infractions.json
=== [Agent] -- Wallclock = 2026-09-01 19:26:06.392 -- System time = 24.168 -- Game time = 6.100 -- Ratio = 0.252x
2026-09-01 19:26:06 [INFO] [/home/vcdc/disk2t/lead/lead/inference/sensor_agent_bridgedrive.py:270] [SensorAgent] Saved 5 infractions to outputs/local_evaluation/bench2drive_111/infractions.json
=== [Agent] -- Wallclock = 2026-09-01 19:26:06.550 -- System time = 24.326 -- Game time = 6.150 -- Ratio = 0.253x
2026-09-01 19:26:06 [INFO] [/home/vcdc/disk2t/lead/lead/inference/sensor_agent_bridgedrive.py:245] [SensorAgent] Infraction detected at step 122: MinSpeedTest
2026-09-01 19:26:06 [INFO] [/home/vcdc/disk2t/lead/lead/inference/sensor_agent_bridgedrive.py:270] [SensorAgent] Saved 6 infractions to outputs/local_evaluation/bench2drive_111/infractions.json
=== [Agent] -- Wallclock = 2026-09-01 19:26:06.780 -- System time = 24.556 -- Game time = 6.200 -- Ratio = 0.252x
2026-09-01 19:26:06 [INFO] [/home/vcdc/disk2t/lead/lead/inference/sensor_agent_bridgedrive.py:270] [SensorAgent] Saved 6 infractions to outputs/local_evaluation/bench2drive_111/infractions.json
=== [Agent] -- Wallclock = 2026-09-01 19:26:06.954 -- System time = 24.730 -- Game time = 6.250 -- Ratio = 0.253x
2026-09-01 19:26:07 [INFO] [/home/vcdc/disk2t/lead/lead/inference/sensor_agent_bridgedrive.py:270] [SensorAgent] Saved 6 infractions to outputs/local_evaluation/bench2drive_111/infractions.json
=== [Agent] -- Wallclock = 2026-09-01 19:26:07.177 -- System time = 24.954 -- Game time = 6.300 -- Ratio = 0.252x
2026-09-01 19:26:07 [INFO] [/home/vcdc/disk2t/lead/lead/inference/sensor_agent_bridgedrive.py:270] [SensorAgent] Saved 6 infractions to outputs/local_evaluation/bench2drive_111/infractions.json
=== [Agent] -- Wallclock = 2026-09-01 19:26:07.349 -- System time = 25.125 -- Game time = 6.350 -- Ratio = 0.253x
2026-09-01 19:26:07 [INFO] [/home/vcdc/disk2t/lead/lead/inference/sensor_agent_bridgedrive.py:270] [SensorAgent] Saved 6 infractions to outputs/local_evaluation/bench2drive_111/infractions.json
=== [Agent] -- Wallclock = 2026-09-01 19:26:07.593 -- System time = 25.369 -- Game time = 6.400 -- Ratio = 0.252x
2026-09-01 19:26:07 [INFO] [/home/vcdc/disk2t/lead/lead/inference/sensor_agent_bridgedrive.py:270] [SensorAgent] Saved 6 infractions to outputs/local_evaluation/bench2drive_111/infractions.json
=== [Agent] -- Wallclock = 2026-09-01 19:26:07.755 -- System time = 25.531 -- Game time = 6.450 -- Ratio = 0.253x
2026-09-01 19:26:07 [INFO] [/home/vcdc/disk2t/lead/lead/inference/sensor_agent_bridgedrive.py:270] [SensorAgent] Saved 6 infractions to outputs/local_evaluation/bench2drive_111/infractions.json
=== [Agent] -- Wallclock = 2026-09-01 19:26:07.985 -- System time = 25.762 -- Game time = 6.500 -- Ratio = 0.252x
2026-09-01 19:26:08 [INFO] [/home/vcdc/disk2t/lead/lead/inference/sensor_agent_bridgedrive.py:270] [SensorAgent] Saved 6 infractions to outputs/local_evaluation/bench2drive_111/infractions.json
=== [Agent] -- Wallclock = 2026-09-01 19:26:08.166 -- System time = 25.942 -- Game time = 6.550 -- Ratio = 0.252x
2026-09-01 19:26:08 [INFO] [/home/vcdc/disk2t/lead/lead/inference/sensor_agent_bridgedrive.py:270] [SensorAgent] Saved 6 infractions to outputs/local_evaluation/bench2drive_111/infractions.json
=== [Agent] -- Wallclock = 2026-09-01 19:26:08.397 -- System time = 26.173 -- Game time = 6.600 -- Ratio = 0.252x
2026-09-01 19:26:08 [INFO] [/home/vcdc/disk2t/lead/lead/inference/sensor_agent_bridgedrive.py:270] [SensorAgent] Saved 6 infractions to outputs/local_evaluation/bench2drive_111/infractions.json
=== [Agent] -- Wallclock = 2026-09-01 19:26:08.558 -- System time = 26.334 -- Game time = 6.650 -- Ratio = 0.253x
2026-09-01 19:26:08 [INFO] [/home/vcdc/disk2t/lead/lead/inference/sensor_agent_bridgedrive.py:270] [SensorAgent] Saved 6 infractions to outputs/local_evaluation/bench2drive_111/infractions.json
=== [Agent] -- Wallclock = 2026-09-01 19:26:08.783 -- System time = 26.559 -- Game time = 6.700 -- Ratio = 0.252x
2026-09-01 19:26:08 [INFO] [/home/vcdc/disk2t/lead/lead/inference/sensor_agent_bridgedrive.py:270] [SensorAgent] Saved 6 infractions to outputs/local_evaluation/bench2drive_111/infractions.json
=== [Agent] -- Wallclock = 2026-09-01 19:26:08.946 -- System time = 26.722 -- Game time = 6.750 -- Ratio = 0.253x
2026-09-01 19:26:09 [INFO] [/home/vcdc/disk2t/lead/lead/inference/sensor_agent_bridgedrive.py:270] [SensorAgent] Saved 6 infractions to outputs/local_evaluation/bench2drive_111/infractions.json
=== [Agent] -- Wallclock = 2026-09-01 19:26:09.182 -- System time = 26.958 -- Game time = 6.800 -- Ratio = 0.252x
2026-09-01 19:26:09 [INFO] [/home/vcdc/disk2t/lead/lead/inference/sensor_agent_bridgedrive.py:270] [SensorAgent] Saved 6 infractions to outputs/local_evaluation/bench2drive_111/infractions.json
=== [Agent] -- Wallclock = 2026-09-01 19:26:09.368 -- System time = 27.144 -- Game time = 6.850 -- Ratio = 0.252x
2026-09-01 19:26:09 [INFO] [/home/vcdc/disk2t/lead/lead/inference/sensor_agent_bridgedrive.py:270] [SensorAgent] Saved 6 infractions to outputs/local_evaluation/bench2drive_111/infractions.json
=== [Agent] -- Wallclock = 2026-09-01 19:26:09.604 -- System time = 27.380 -- Game time = 6.900 -- Ratio = 0.252x
2026-09-01 19:26:09 [INFO] [/home/vcdc/disk2t/lead/lead/inference/sensor_agent_bridgedrive.py:270] [SensorAgent] Saved 6 infractions to outputs/local_evaluation/bench2drive_111/infractions.json
=== [Agent] -- Wallclock = 2026-09-01 19:26:09.791 -- System time = 27.567 -- Game time = 6.950 -- Ratio = 0.252x
2026-09-01 19:26:09 [INFO] [/home/vcdc/disk2t/lead/lead/inference/sensor_agent_bridgedrive.py:270] [SensorAgent] Saved 6 infractions to outputs/local_evaluation/bench2drive_111/infractions.json
=== [Agent] -- Wallclock = 2026-09-01 19:26:10.038 -- System time = 27.814 -- Game time = 7.000 -- Ratio = 0.252x
2026-09-01 19:26:10 [INFO] [/home/vcdc/disk2t/lead/lead/inference/sensor_agent_bridgedrive.py:270] [SensorAgent] Saved 6 infractions to outputs/local_evaluation/bench2drive_111/infractions.json
=== [Agent] -- Wallclock = 2026-09-01 19:26:10.196 -- System time = 27.973 -- Game time = 7.050 -- Ratio = 0.252x
2026-09-01 19:26:10 [INFO] [/home/vcdc/disk2t/lead/lead/inference/sensor_agent_bridgedrive.py:270] [SensorAgent] Saved 6 infractions to outputs/local_evaluation/bench2drive_111/infractions.json
=== [Agent] -- Wallclock = 2026-09-01 19:26:10.430 -- System time = 28.206 -- Game time = 7.100 -- Ratio = 0.252x
2026-09-01 19:26:10 [INFO] [/home/vcdc/disk2t/lead/lead/inference/sensor_agent_bridgedrive.py:270] [SensorAgent] Saved 6 infractions to outputs/local_evaluation/bench2drive_111/infractions.json
=== [Agent] -- Wallclock = 2026-09-01 19:26:10.602 -- System time = 28.379 -- Game time = 7.150 -- Ratio = 0.252x
2026-09-01 19:26:10 [INFO] [/home/vcdc/disk2t/lead/lead/inference/sensor_agent_bridgedrive.py:270] [SensorAgent] Saved 6 infractions to outputs/local_evaluation/bench2drive_111/infractions.json
=== [Agent] -- Wallclock = 2026-09-01 19:26:10.846 -- System time = 28.623 -- Game time = 7.200 -- Ratio = 0.252x
2026-09-01 19:26:11 [INFO] [/home/vcdc/disk2t/lead/lead/inference/sensor_agent_bridgedrive.py:270] [SensorAgent] Saved 6 infractions to outputs/local_evaluation/bench2drive_111/infractions.json
=== [Agent] -- Wallclock = 2026-09-01 19:26:11.037 -- System time = 28.814 -- Game time = 7.250 -- Ratio = 0.252x
2026-09-01 19:26:11 [INFO] [/home/vcdc/disk2t/lead/lead/inference/sensor_agent_bridgedrive.py:270] [SensorAgent] Saved 6 infractions to outputs/local_evaluation/bench2drive_111/infractions.json
=== [Agent] -- Wallclock = 2026-09-01 19:26:11.276 -- System time = 29.052 -- Game time = 7.300 -- Ratio = 0.251x
2026-09-01 19:26:11 [INFO] [/home/vcdc/disk2t/lead/lead/inference/sensor_agent_bridgedrive.py:270] [SensorAgent] Saved 6 infractions to outputs/local_evaluation/bench2drive_111/infractions.json
=== [Agent] -- Wallclock = 2026-09-01 19:26:11.445 -- System time = 29.221 -- Game time = 7.350 -- Ratio = 0.252x
2026-09-01 19:26:11 [INFO] [/home/vcdc/disk2t/lead/lead/inference/sensor_agent_bridgedrive.py:270] [SensorAgent] Saved 6 infractions to outputs/local_evaluation/bench2drive_111/infractions.json
=== [Agent] -- Wallclock = 2026-09-01 19:26:11.679 -- System time = 29.455 -- Game time = 7.400 -- Ratio = 0.251x
2026-09-01 19:26:11 [INFO] [/home/vcdc/disk2t/lead/lead/inference/sensor_agent_bridgedrive.py:270] [SensorAgent] Saved 6 infractions to outputs/local_evaluation/bench2drive_111/infractions.json
=== [Agent] -- Wallclock = 2026-09-01 19:26:11.879 -- System time = 29.656 -- Game time = 7.450 -- Ratio = 0.251x
2026-09-01 19:26:12 [INFO] [/home/vcdc/disk2t/lead/lead/inference/sensor_agent_bridgedrive.py:245] [SensorAgent] Infraction detected at step 148: MinSpeedTest
2026-09-01 19:26:12 [INFO] [/home/vcdc/disk2t/lead/lead/inference/sensor_agent_bridgedrive.py:270] [SensorAgent] Saved 7 infractions to outputs/local_evaluation/bench2drive_111/infractions.json
=== [Agent] -- Wallclock = 2026-09-01 19:26:12.108 -- System time = 29.884 -- Game time = 7.500 -- Ratio = 0.251x
2026-09-01 19:26:12 [INFO] [/home/vcdc/disk2t/lead/lead/inference/sensor_agent_bridgedrive.py:270] [SensorAgent] Saved 7 infractions to outputs/local_evaluation/bench2drive_111/infractions.json
=== [Agent] -- Wallclock = 2026-09-01 19:26:12.262 -- System time = 30.038 -- Game time = 7.550 -- Ratio = 0.251x
2026-09-01 19:26:12 [INFO] [/home/vcdc/disk2t/lead/lead/inference/sensor_agent_bridgedrive.py:270] [SensorAgent] Saved 7 infractions to outputs/local_evaluation/bench2drive_111/infractions.json
=== [Agent] -- Wallclock = 2026-09-01 19:26:12.489 -- System time = 30.265 -- Game time = 7.600 -- Ratio = 0.251x
2026-09-01 19:26:12 [INFO] [/home/vcdc/disk2t/lead/lead/inference/sensor_agent_bridgedrive.py:270] [SensorAgent] Saved 7 infractions to outputs/local_evaluation/bench2drive_111/infractions.json
=== [Agent] -- Wallclock = 2026-09-01 19:26:12.651 -- System time = 30.427 -- Game time = 7.650 -- Ratio = 0.251x
2026-09-01 19:26:12 [INFO] [/home/vcdc/disk2t/lead/lead/inference/sensor_agent_bridgedrive.py:270] [SensorAgent] Saved 7 infractions to outputs/local_evaluation/bench2drive_111/infractions.json
=== [Agent] -- Wallclock = 2026-09-01 19:26:12.876 -- System time = 30.652 -- Game time = 7.700 -- Ratio = 0.251x
2026-09-01 19:26:13 [INFO] [/home/vcdc/disk2t/lead/lead/inference/sensor_agent_bridgedrive.py:270] [SensorAgent] Saved 7 infractions to outputs/local_evaluation/bench2drive_111/infractions.json
=== [Agent] -- Wallclock = 2026-09-01 19:26:13.047 -- System time = 30.823 -- Game time = 7.750 -- Ratio = 0.251x
2026-09-01 19:26:13 [INFO] [/home/vcdc/disk2t/lead/lead/inference/sensor_agent_bridgedrive.py:270] [SensorAgent] Saved 7 infractions to outputs/local_evaluation/bench2drive_111/infractions.json
=== [Agent] -- Wallclock = 2026-09-01 19:26:13.285 -- System time = 31.061 -- Game time = 7.800 -- Ratio = 0.251x
2026-09-01 19:26:13 [INFO] [/home/vcdc/disk2t/lead/lead/inference/sensor_agent_bridgedrive.py:270] [SensorAgent] Saved 7 infractions to outputs/local_evaluation/bench2drive_111/infractions.json
=== [Agent] -- Wallclock = 2026-09-01 19:26:13.471 -- System time = 31.247 -- Game time = 7.850 -- Ratio = 0.251x
2026-09-01 19:26:13 [INFO] [/home/vcdc/disk2t/lead/lead/inference/sensor_agent_bridgedrive.py:270] [SensorAgent] Saved 7 infractions to outputs/local_evaluation/bench2drive_111/infractions.json
=== [Agent] -- Wallclock = 2026-09-01 19:26:13.704 -- System time = 31.480 -- Game time = 7.900 -- Ratio = 0.251x
2026-09-01 19:26:13 [INFO] [/home/vcdc/disk2t/lead/lead/inference/sensor_agent_bridgedrive.py:270] [SensorAgent] Saved 7 infractions to outputs/local_evaluation/bench2drive_111/infractions.json
=== [Agent] -- Wallclock = 2026-09-01 19:26:13.868 -- System time = 31.644 -- Game time = 7.950 -- Ratio = 0.251x
2026-09-01 19:26:14 [INFO] [/home/vcdc/disk2t/lead/lead/inference/sensor_agent_bridgedrive.py:270] [SensorAgent] Saved 7 infractions to outputs/local_evaluation/bench2drive_111/infractions.json
=== [Agent] -- Wallclock = 2026-09-01 19:26:14.100 -- System time = 31.877 -- Game time = 8.000 -- Ratio = 0.251x
2026-09-01 19:26:14 [INFO] [/home/vcdc/disk2t/lead/lead/inference/sensor_agent_bridgedrive.py:270] [SensorAgent] Saved 7 infractions to outputs/local_evaluation/bench2drive_111/infractions.json
=== [Agent] -- Wallclock = 2026-09-01 19:26:14.266 -- System time = 32.042 -- Game time = 8.050 -- Ratio = 0.251x
2026-09-01 19:26:14 [INFO] [/home/vcdc/disk2t/lead/lead/inference/sensor_agent_bridgedrive.py:270] [SensorAgent] Saved 7 infractions to outputs/local_evaluation/bench2drive_111/infractions.json
=== [Agent] -- Wallclock = 2026-09-01 19:26:14.501 -- System time = 32.278 -- Game time = 8.100 -- Ratio = 0.251x
2026-09-01 19:26:14 [INFO] [/home/vcdc/disk2t/lead/lead/inference/sensor_agent_bridgedrive.py:270] [SensorAgent] Saved 7 infractions to outputs/local_evaluation/bench2drive_111/infractions.json
=== [Agent] -- Wallclock = 2026-09-01 19:26:14.677 -- System time = 32.453 -- Game time = 8.150 -- Ratio = 0.251x
2026-09-01 19:26:14 [INFO] [/home/vcdc/disk2t/lead/lead/inference/sensor_agent_bridgedrive.py:270] [SensorAgent] Saved 7 infractions to outputs/local_evaluation/bench2drive_111/infractions.json
=== [Agent] -- Wallclock = 2026-09-01 19:26:14.909 -- System time = 32.685 -- Game time = 8.200 -- Ratio = 0.251x
2026-09-01 19:26:15 [INFO] [/home/vcdc/disk2t/lead/lead/inference/sensor_agent_bridgedrive.py:270] [SensorAgent] Saved 7 infractions to outputs/local_evaluation/bench2drive_111/infractions.json
=== [Agent] -- Wallclock = 2026-09-01 19:26:15.076 -- System time = 32.852 -- Game time = 8.250 -- Ratio = 0.251x
2026-09-01 19:26:15 [INFO] [/home/vcdc/disk2t/lead/lead/inference/sensor_agent_bridgedrive.py:270] [SensorAgent] Saved 7 infractions to outputs/local_evaluation/bench2drive_111/infractions.json
=== [Agent] -- Wallclock = 2026-09-01 19:26:15.309 -- System time = 33.085 -- Game time = 8.300 -- Ratio = 0.251x
2026-09-01 19:26:15 [INFO] [/home/vcdc/disk2t/lead/lead/inference/sensor_agent_bridgedrive.py:270] [SensorAgent] Saved 7 infractions to outputs/local_evaluation/bench2drive_111/infractions.json
=== [Agent] -- Wallclock = 2026-09-01 19:26:15.497 -- System time = 33.273 -- Game time = 8.350 -- Ratio = 0.251x
2026-09-01 19:26:15 [INFO] [/home/vcdc/disk2t/lead/lead/inference/sensor_agent_bridgedrive.py:270] [SensorAgent] Saved 7 infractions to outputs/local_evaluation/bench2drive_111/infractions.json
=== [Agent] -- Wallclock = 2026-09-01 19:26:15.745 -- System time = 33.521 -- Game time = 8.400 -- Ratio = 0.251x
2026-09-01 19:26:15 [INFO] [/home/vcdc/disk2t/lead/lead/inference/sensor_agent_bridgedrive.py:270] [SensorAgent] Saved 7 infractions to outputs/local_evaluation/bench2drive_111/infractions.json
=== [Agent] -- Wallclock = 2026-09-01 19:26:15.902 -- System time = 33.679 -- Game time = 8.450 -- Ratio = 0.251x
2026-09-01 19:26:16 [INFO] [/home/vcdc/disk2t/lead/lead/inference/sensor_agent_bridgedrive.py:270] [SensorAgent] Saved 7 infractions to outputs/local_evaluation/bench2drive_111/infractions.json
=== [Agent] -- Wallclock = 2026-09-01 19:26:16.123 -- System time = 33.900 -- Game time = 8.500 -- Ratio = 0.251x
2026-09-01 19:26:16 [INFO] [/home/vcdc/disk2t/lead/lead/inference/sensor_agent_bridgedrive.py:270] [SensorAgent] Saved 7 infractions to outputs/local_evaluation/bench2drive_111/infractions.json
=== [Agent] -- Wallclock = 2026-09-01 19:26:16.299 -- System time = 34.075 -- Game time = 8.550 -- Ratio = 0.251x
2026-09-01 19:26:16 [INFO] [/home/vcdc/disk2t/lead/lead/inference/sensor_agent_bridgedrive.py:270] [SensorAgent] Saved 7 infractions to outputs/local_evaluation/bench2drive_111/infractions.json
=== [Agent] -- Wallclock = 2026-09-01 19:26:16.573 -- System time = 34.349 -- Game time = 8.600 -- Ratio = 0.250x
2026-09-01 19:26:16 [INFO] [/home/vcdc/disk2t/lead/lead/inference/sensor_agent_bridgedrive.py:270] [SensorAgent] Saved 7 infractions to outputs/local_evaluation/bench2drive_111/infractions.json
=== [Agent] -- Wallclock = 2026-09-01 19:26:16.742 -- System time = 34.519 -- Game time = 8.650 -- Ratio = 0.251x
2026-09-01 19:26:16 [INFO] [/home/vcdc/disk2t/lead/lead/inference/sensor_agent_bridgedrive.py:270] [SensorAgent] Saved 7 infractions to outputs/local_evaluation/bench2drive_111/infractions.json
=== [Agent] -- Wallclock = 2026-09-01 19:26:16.969 -- System time = 34.745 -- Game time = 8.700 -- Ratio = 0.250x
2026-09-01 19:26:17 [INFO] [/home/vcdc/disk2t/lead/lead/inference/sensor_agent_bridgedrive.py:270] [SensorAgent] Saved 7 infractions to outputs/local_evaluation/bench2drive_111/infractions.json
=== [Agent] -- Wallclock = 2026-09-01 19:26:17.160 -- System time = 34.937 -- Game time = 8.750 -- Ratio = 0.250x
2026-09-01 19:26:17 [INFO] [/home/vcdc/disk2t/lead/lead/inference/sensor_agent_bridgedrive.py:270] [SensorAgent] Saved 7 infractions to outputs/local_evaluation/bench2drive_111/infractions.json
=== [Agent] -- Wallclock = 2026-09-01 19:26:17.397 -- System time = 35.173 -- Game time = 8.800 -- Ratio = 0.250x
2026-09-01 19:26:17 [INFO] [/home/vcdc/disk2t/lead/lead/inference/sensor_agent_bridgedrive.py:270] [SensorAgent] Saved 7 infractions to outputs/local_evaluation/bench2drive_111/infractions.json
=== [Agent] -- Wallclock = 2026-09-01 19:26:17.574 -- System time = 35.350 -- Game time = 8.850 -- Ratio = 0.250x
2026-09-01 19:26:17 [INFO] [/home/vcdc/disk2t/lead/lead/inference/sensor_agent_bridgedrive.py:270] [SensorAgent] Saved 7 infractions to outputs/local_evaluation/bench2drive_111/infractions.json
=== [Agent] -- Wallclock = 2026-09-01 19:26:17.803 -- System time = 35.579 -- Game time = 8.900 -- Ratio = 0.250x
2026-09-01 19:26:17 [INFO] [/home/vcdc/disk2t/lead/lead/inference/sensor_agent_bridgedrive.py:270] [SensorAgent] Saved 7 infractions to outputs/local_evaluation/bench2drive_111/infractions.json
=== [Agent] -- Wallclock = 2026-09-01 19:26:17.961 -- System time = 35.737 -- Game time = 8.950 -- Ratio = 0.250x
2026-09-01 19:26:18 [INFO] [/home/vcdc/disk2t/lead/lead/inference/sensor_agent_bridgedrive.py:270] [SensorAgent] Saved 7 infractions to outputs/local_evaluation/bench2drive_111/infractions.json
=== [Agent] -- Wallclock = 2026-09-01 19:26:18.190 -- System time = 35.966 -- Game time = 9.000 -- Ratio = 0.250x
2026-09-01 19:26:18 [INFO] [/home/vcdc/disk2t/lead/lead/inference/sensor_agent_bridgedrive.py:270] [SensorAgent] Saved 7 infractions to outputs/local_evaluation/bench2drive_111/infractions.json
=== [Agent] -- Wallclock = 2026-09-01 19:26:18.355 -- System time = 36.132 -- Game time = 9.050 -- Ratio = 0.250x
2026-09-01 19:26:18 [INFO] [/home/vcdc/disk2t/lead/lead/inference/sensor_agent_bridgedrive.py:270] [SensorAgent] Saved 7 infractions to outputs/local_evaluation/bench2drive_111/infractions.json
=== [Agent] -- Wallclock = 2026-09-01 19:26:18.589 -- System time = 36.365 -- Game time = 9.100 -- Ratio = 0.250x
2026-09-01 19:26:18 [INFO] [/home/vcdc/disk2t/lead/lead/inference/sensor_agent_bridgedrive.py:270] [SensorAgent] Saved 7 infractions to outputs/local_evaluation/bench2drive_111/infractions.json
=== [Agent] -- Wallclock = 2026-09-01 19:26:18.745 -- System time = 36.521 -- Game time = 9.150 -- Ratio = 0.251x
2026-09-01 19:26:18 [INFO] [/home/vcdc/disk2t/lead/lead/inference/sensor_agent_bridgedrive.py:270] [SensorAgent] Saved 7 infractions to outputs/local_evaluation/bench2drive_111/infractions.json
=== [Agent] -- Wallclock = 2026-09-01 19:26:18.984 -- System time = 36.760 -- Game time = 9.200 -- Ratio = 0.250x
2026-09-01 19:26:19 [INFO] [/home/vcdc/disk2t/lead/lead/inference/sensor_agent_bridgedrive.py:270] [SensorAgent] Saved 7 infractions to outputs/local_evaluation/bench2drive_111/infractions.json
=== [Agent] -- Wallclock = 2026-09-01 19:26:19.140 -- System time = 36.916 -- Game time = 9.250 -- Ratio = 0.251x
2026-09-01 19:26:19 [INFO] [/home/vcdc/disk2t/lead/lead/inference/sensor_agent_bridgedrive.py:270] [SensorAgent] Saved 7 infractions to outputs/local_evaluation/bench2drive_111/infractions.json
=== [Agent] -- Wallclock = 2026-09-01 19:26:19.389 -- System time = 37.165 -- Game time = 9.300 -- Ratio = 0.250x
2026-09-01 19:26:19 [INFO] [/home/vcdc/disk2t/lead/lead/inference/sensor_agent_bridgedrive.py:270] [SensorAgent] Saved 7 infractions to outputs/local_evaluation/bench2drive_111/infractions.json
=== [Agent] -- Wallclock = 2026-09-01 19:26:19.565 -- System time = 37.341 -- Game time = 9.350 -- Ratio = 0.250x
2026-09-01 19:26:19 [INFO] [/home/vcdc/disk2t/lead/lead/inference/sensor_agent_bridgedrive.py:270] [SensorAgent] Saved 7 infractions to outputs/local_evaluation/bench2drive_111/infractions.json
=== [Agent] -- Wallclock = 2026-09-01 19:26:19.833 -- System time = 37.609 -- Game time = 9.400 -- Ratio = 0.250x
2026-09-01 19:26:20 [INFO] [/home/vcdc/disk2t/lead/lead/inference/sensor_agent_bridgedrive.py:270] [SensorAgent] Saved 7 infractions to outputs/local_evaluation/bench2drive_111/infractions.json
=== [Agent] -- Wallclock = 2026-09-01 19:26:20.024 -- System time = 37.800 -- Game time = 9.450 -- Ratio = 0.250x
2026-09-01 19:26:20 [INFO] [/home/vcdc/disk2t/lead/lead/inference/sensor_agent_bridgedrive.py:270] [SensorAgent] Saved 7 infractions to outputs/local_evaluation/bench2drive_111/infractions.json
=== [Agent] -- Wallclock = 2026-09-01 19:26:20.259 -- System time = 38.035 -- Game time = 9.500 -- Ratio = 0.250x
2026-09-01 19:26:20 [INFO] [/home/vcdc/disk2t/lead/lead/inference/sensor_agent_bridgedrive.py:270] [SensorAgent] Saved 7 infractions to outputs/local_evaluation/bench2drive_111/infractions.json
=== [Agent] -- Wallclock = 2026-09-01 19:26:20.424 -- System time = 38.200 -- Game time = 9.550 -- Ratio = 0.250x
2026-09-01 19:26:20 [INFO] [/home/vcdc/disk2t/lead/lead/inference/sensor_agent_bridgedrive.py:270] [SensorAgent] Saved 7 infractions to outputs/local_evaluation/bench2drive_111/infractions.json
=== [Agent] -- Wallclock = 2026-09-01 19:26:20.658 -- System time = 38.434 -- Game time = 9.600 -- Ratio = 0.250x
2026-09-01 19:26:20 [INFO] [/home/vcdc/disk2t/lead/lead/inference/sensor_agent_bridgedrive.py:270] [SensorAgent] Saved 7 infractions to outputs/local_evaluation/bench2drive_111/infractions.json
=== [Agent] -- Wallclock = 2026-09-01 19:26:20.838 -- System time = 38.615 -- Game time = 9.650 -- Ratio = 0.250x
2026-09-01 19:26:20 [INFO] [/home/vcdc/disk2t/lead/lead/inference/sensor_agent_bridgedrive.py:270] [SensorAgent] Saved 7 infractions to outputs/local_evaluation/bench2drive_111/infractions.json
=== [Agent] -- Wallclock = 2026-09-01 19:26:21.061 -- System time = 38.837 -- Game time = 9.700 -- Ratio = 0.250x
2026-09-01 19:26:21 [INFO] [/home/vcdc/disk2t/lead/lead/inference/sensor_agent_bridgedrive.py:270] [SensorAgent] Saved 7 infractions to outputs/local_evaluation/bench2drive_111/infractions.json
=== [Agent] -- Wallclock = 2026-09-01 19:26:21.221 -- System time = 38.997 -- Game time = 9.750 -- Ratio = 0.250x
2026-09-01 19:26:21 [INFO] [/home/vcdc/disk2t/lead/lead/inference/sensor_agent_bridgedrive.py:270] [SensorAgent] Saved 7 infractions to outputs/local_evaluation/bench2drive_111/infractions.json
=== [Agent] -- Wallclock = 2026-09-01 19:26:21.444 -- System time = 39.220 -- Game time = 9.800 -- Ratio = 0.250x
2026-09-01 19:26:21 [INFO] [/home/vcdc/disk2t/lead/lead/inference/sensor_agent_bridgedrive.py:270] [SensorAgent] Saved 7 infractions to outputs/local_evaluation/bench2drive_111/infractions.json
=== [Agent] -- Wallclock = 2026-09-01 19:26:21.601 -- System time = 39.377 -- Game time = 9.850 -- Ratio = 0.250x
2026-09-01 19:26:21 [INFO] [/home/vcdc/disk2t/lead/lead/inference/sensor_agent_bridgedrive.py:270] [SensorAgent] Saved 7 infractions to outputs/local_evaluation/bench2drive_111/infractions.json
=== [Agent] -- Wallclock = 2026-09-01 19:26:21.833 -- System time = 39.610 -- Game time = 9.900 -- Ratio = 0.250x
2026-09-01 19:26:21 [INFO] [/home/vcdc/disk2t/lead/lead/inference/sensor_agent_bridgedrive.py:270] [SensorAgent] Saved 7 infractions to outputs/local_evaluation/bench2drive_111/infractions.json
=== [Agent] -- Wallclock = 2026-09-01 19:26:21.992 -- System time = 39.768 -- Game time = 9.950 -- Ratio = 0.250x
2026-09-01 19:26:22 [INFO] [/home/vcdc/disk2t/lead/lead/inference/sensor_agent_bridgedrive.py:270] [SensorAgent] Saved 7 infractions to outputs/local_evaluation/bench2drive_111/infractions.json
=== [Agent] -- Wallclock = 2026-09-01 19:26:22.212 -- System time = 39.989 -- Game time = 10.000 -- Ratio = 0.250x
2026-09-01 19:26:22 [INFO] [/home/vcdc/disk2t/lead/lead/inference/sensor_agent_bridgedrive.py:270] [SensorAgent] Saved 7 infractions to outputs/local_evaluation/bench2drive_111/infractions.json
=== [Agent] -- Wallclock = 2026-09-01 19:26:22.398 -- System time = 40.175 -- Game time = 10.050 -- Ratio = 0.250x
2026-09-01 19:26:22 [INFO] [/home/vcdc/disk2t/lead/lead/inference/sensor_agent_bridgedrive.py:270] [SensorAgent] Saved 7 infractions to outputs/local_evaluation/bench2drive_111/infractions.json
=== [Agent] -- Wallclock = 2026-09-01 19:26:22.625 -- System time = 40.401 -- Game time = 10.100 -- Ratio = 0.250x
2026-09-01 19:26:22 [INFO] [/home/vcdc/disk2t/lead/lead/inference/sensor_agent_bridgedrive.py:270] [SensorAgent] Saved 7 infractions to outputs/local_evaluation/bench2drive_111/infractions.json
=== [Agent] -- Wallclock = 2026-09-01 19:26:22.801 -- System time = 40.577 -- Game time = 10.150 -- Ratio = 0.250x
2026-09-01 19:26:22 [INFO] [/home/vcdc/disk2t/lead/lead/inference/sensor_agent_bridgedrive.py:270] [SensorAgent] Saved 7 infractions to outputs/local_evaluation/bench2drive_111/infractions.json
=== [Agent] -- Wallclock = 2026-09-01 19:26:23.046 -- System time = 40.822 -- Game time = 10.200 -- Ratio = 0.250x
2026-09-01 19:26:23 [INFO] [/home/vcdc/disk2t/lead/lead/inference/sensor_agent_bridgedrive.py:270] [SensorAgent] Saved 7 infractions to outputs/local_evaluation/bench2drive_111/infractions.json
=== [Agent] -- Wallclock = 2026-09-01 19:26:23.220 -- System time = 40.996 -- Game time = 10.250 -- Ratio = 0.250x
2026-09-01 19:26:23 [INFO] [/home/vcdc/disk2t/lead/lead/inference/sensor_agent_bridgedrive.py:270] [SensorAgent] Saved 7 infractions to outputs/local_evaluation/bench2drive_111/infractions.json
=== [Agent] -- Wallclock = 2026-09-01 19:26:23.478 -- System time = 41.254 -- Game time = 10.300 -- Ratio = 0.250x
2026-09-01 19:26:23 [INFO] [/home/vcdc/disk2t/lead/lead/inference/sensor_agent_bridgedrive.py:270] [SensorAgent] Saved 7 infractions to outputs/local_evaluation/bench2drive_111/infractions.json
=== [Agent] -- Wallclock = 2026-09-01 19:26:23.648 -- System time = 41.424 -- Game time = 10.350 -- Ratio = 0.250x
2026-09-01 19:26:23 [INFO] [/home/vcdc/disk2t/lead/lead/inference/sensor_agent_bridgedrive.py:270] [SensorAgent] Saved 7 infractions to outputs/local_evaluation/bench2drive_111/infractions.json
=== [Agent] -- Wallclock = 2026-09-01 19:26:23.895 -- System time = 41.672 -- Game time = 10.400 -- Ratio = 0.250x
2026-09-01 19:26:24 [INFO] [/home/vcdc/disk2t/lead/lead/inference/sensor_agent_bridgedrive.py:270] [SensorAgent] Saved 7 infractions to outputs/local_evaluation/bench2drive_111/infractions.json
=== [Agent] -- Wallclock = 2026-09-01 19:26:24.086 -- System time = 41.862 -- Game time = 10.450 -- Ratio = 0.250x
2026-09-01 19:26:24 [INFO] [/home/vcdc/disk2t/lead/lead/inference/sensor_agent_bridgedrive.py:270] [SensorAgent] Saved 7 infractions to outputs/local_evaluation/bench2drive_111/infractions.json
=== [Agent] -- Wallclock = 2026-09-01 19:26:24.325 -- System time = 42.101 -- Game time = 10.500 -- Ratio = 0.249x
2026-09-01 19:26:24 [INFO] [/home/vcdc/disk2t/lead/lead/inference/sensor_agent_bridgedrive.py:270] [SensorAgent] Saved 7 infractions to outputs/local_evaluation/bench2drive_111/infractions.json
=== [Agent] -- Wallclock = 2026-09-01 19:26:24.499 -- System time = 42.275 -- Game time = 10.550 -- Ratio = 0.250x
2026-09-01 19:26:24 [INFO] [/home/vcdc/disk2t/lead/lead/inference/sensor_agent_bridgedrive.py:270] [SensorAgent] Saved 7 infractions to outputs/local_evaluation/bench2drive_111/infractions.json
=== [Agent] -- Wallclock = 2026-09-01 19:26:24.733 -- System time = 42.509 -- Game time = 10.600 -- Ratio = 0.249x
2026-09-01 19:26:24 [INFO] [/home/vcdc/disk2t/lead/lead/inference/sensor_agent_bridgedrive.py:270] [SensorAgent] Saved 7 infractions to outputs/local_evaluation/bench2drive_111/infractions.json
=== [Agent] -- Wallclock = 2026-09-01 19:26:24.894 -- System time = 42.670 -- Game time = 10.650 -- Ratio = 0.250x
2026-09-01 19:26:25 [INFO] [/home/vcdc/disk2t/lead/lead/inference/sensor_agent_bridgedrive.py:270] [SensorAgent] Saved 7 infractions to outputs/local_evaluation/bench2drive_111/infractions.json
=== [Agent] -- Wallclock = 2026-09-01 19:26:25.114 -- System time = 42.890 -- Game time = 10.700 -- Ratio = 0.249x
2026-09-01 19:26:25 [INFO] [/home/vcdc/disk2t/lead/lead/inference/sensor_agent_bridgedrive.py:270] [SensorAgent] Saved 7 infractions to outputs/local_evaluation/bench2drive_111/infractions.json
=== [Agent] -- Wallclock = 2026-09-01 19:26:25.282 -- System time = 43.058 -- Game time = 10.750 -- Ratio = 0.250x
2026-09-01 19:26:25 [INFO] [/home/vcdc/disk2t/lead/lead/inference/sensor_agent_bridgedrive.py:270] [SensorAgent] Saved 7 infractions to outputs/local_evaluation/bench2drive_111/infractions.json
=== [Agent] -- Wallclock = 2026-09-01 19:26:25.506 -- System time = 43.282 -- Game time = 10.800 -- Ratio = 0.250x
2026-09-01 19:26:25 [INFO] [/home/vcdc/disk2t/lead/lead/inference/sensor_agent_bridgedrive.py:270] [SensorAgent] Saved 7 infractions to outputs/local_evaluation/bench2drive_111/infractions.json
=== [Agent] -- Wallclock = 2026-09-01 19:26:25.661 -- System time = 43.437 -- Game time = 10.850 -- Ratio = 0.250x
2026-09-01 19:26:25 [INFO] [/home/vcdc/disk2t/lead/lead/inference/sensor_agent_bridgedrive.py:270] [SensorAgent] Saved 7 infractions to outputs/local_evaluation/bench2drive_111/infractions.json
=== [Agent] -- Wallclock = 2026-09-01 19:26:25.889 -- System time = 43.665 -- Game time = 10.900 -- Ratio = 0.250x
2026-09-01 19:26:26 [INFO] [/home/vcdc/disk2t/lead/lead/inference/sensor_agent_bridgedrive.py:270] [SensorAgent] Saved 7 infractions to outputs/local_evaluation/bench2drive_111/infractions.json
=== [Agent] -- Wallclock = 2026-09-01 19:26:26.055 -- System time = 43.832 -- Game time = 10.950 -- Ratio = 0.250x
2026-09-01 19:26:26 [INFO] [/home/vcdc/disk2t/lead/lead/inference/sensor_agent_bridgedrive.py:270] [SensorAgent] Saved 7 infractions to outputs/local_evaluation/bench2drive_111/infractions.json
=== [Agent] -- Wallclock = 2026-09-01 19:26:26.284 -- System time = 44.061 -- Game time = 11.000 -- Ratio = 0.250x
2026-09-01 19:26:26 [INFO] [/home/vcdc/disk2t/lead/lead/inference/sensor_agent_bridgedrive.py:270] [SensorAgent] Saved 7 infractions to outputs/local_evaluation/bench2drive_111/infractions.json
=== [Agent] -- Wallclock = 2026-09-01 19:26:26.476 -- System time = 44.252 -- Game time = 11.050 -- Ratio = 0.250x
2026-09-01 19:26:26 [INFO] [/home/vcdc/disk2t/lead/lead/inference/sensor_agent_bridgedrive.py:270] [SensorAgent] Saved 7 infractions to outputs/local_evaluation/bench2drive_111/infractions.json
=== [Agent] -- Wallclock = 2026-09-01 19:26:26.722 -- System time = 44.498 -- Game time = 11.100 -- Ratio = 0.249x
2026-09-01 19:26:26 [INFO] [/home/vcdc/disk2t/lead/lead/inference/sensor_agent_bridgedrive.py:270] [SensorAgent] Saved 7 infractions to outputs/local_evaluation/bench2drive_111/infractions.json
=== [Agent] -- Wallclock = 2026-09-01 19:26:26.906 -- System time = 44.682 -- Game time = 11.150 -- Ratio = 0.250x
2026-09-01 19:26:27 [INFO] [/home/vcdc/disk2t/lead/lead/inference/sensor_agent_bridgedrive.py:270] [SensorAgent] Saved 7 infractions to outputs/local_evaluation/bench2drive_111/infractions.json
=== [Agent] -- Wallclock = 2026-09-01 19:26:27.143 -- System time = 44.919 -- Game time = 11.200 -- Ratio = 0.249x
2026-09-01 19:26:27 [INFO] [/home/vcdc/disk2t/lead/lead/inference/sensor_agent_bridgedrive.py:270] [SensorAgent] Saved 7 infractions to outputs/local_evaluation/bench2drive_111/infractions.json
=== [Agent] -- Wallclock = 2026-09-01 19:26:27.310 -- System time = 45.086 -- Game time = 11.250 -- Ratio = 0.250x
2026-09-01 19:26:27 [INFO] [/home/vcdc/disk2t/lead/lead/inference/sensor_agent_bridgedrive.py:270] [SensorAgent] Saved 7 infractions to outputs/local_evaluation/bench2drive_111/infractions.json
=== [Agent] -- Wallclock = 2026-09-01 19:26:27.557 -- System time = 45.333 -- Game time = 11.300 -- Ratio = 0.249x
2026-09-01 19:26:27 [INFO] [/home/vcdc/disk2t/lead/lead/inference/sensor_agent_bridgedrive.py:270] [SensorAgent] Saved 7 infractions to outputs/local_evaluation/bench2drive_111/infractions.json
=== [Agent] -- Wallclock = 2026-09-01 19:26:27.723 -- System time = 45.500 -- Game time = 11.350 -- Ratio = 0.249x
2026-09-01 19:26:27 [INFO] [/home/vcdc/disk2t/lead/lead/inference/sensor_agent_bridgedrive.py:270] [SensorAgent] Saved 7 infractions to outputs/local_evaluation/bench2drive_111/infractions.json
=== [Agent] -- Wallclock = 2026-09-01 19:26:27.955 -- System time = 45.732 -- Game time = 11.400 -- Ratio = 0.249x
2026-09-01 19:26:28 [INFO] [/home/vcdc/disk2t/lead/lead/inference/sensor_agent_bridgedrive.py:270] [SensorAgent] Saved 7 infractions to outputs/local_evaluation/bench2drive_111/infractions.json
=== [Agent] -- Wallclock = 2026-09-01 19:26:28.131 -- System time = 45.907 -- Game time = 11.450 -- Ratio = 0.249x
2026-09-01 19:26:28 [INFO] [/home/vcdc/disk2t/lead/lead/inference/sensor_agent_bridgedrive.py:270] [SensorAgent] Saved 7 infractions to outputs/local_evaluation/bench2drive_111/infractions.json
=== [Agent] -- Wallclock = 2026-09-01 19:26:28.365 -- System time = 46.141 -- Game time = 11.500 -- Ratio = 0.249x
2026-09-01 19:26:28 [INFO] [/home/vcdc/disk2t/lead/lead/inference/sensor_agent_bridgedrive.py:270] [SensorAgent] Saved 7 infractions to outputs/local_evaluation/bench2drive_111/infractions.json
=== [Agent] -- Wallclock = 2026-09-01 19:26:28.528 -- System time = 46.304 -- Game time = 11.550 -- Ratio = 0.249x
2026-09-01 19:26:28 [INFO] [/home/vcdc/disk2t/lead/lead/inference/sensor_agent_bridgedrive.py:270] [SensorAgent] Saved 7 infractions to outputs/local_evaluation/bench2drive_111/infractions.json
=== [Agent] -- Wallclock = 2026-09-01 19:26:28.756 -- System time = 46.533 -- Game time = 11.600 -- Ratio = 0.249x
2026-09-01 19:26:28 [INFO] [/home/vcdc/disk2t/lead/lead/inference/sensor_agent_bridgedrive.py:270] [SensorAgent] Saved 7 infractions to outputs/local_evaluation/bench2drive_111/infractions.json
=== [Agent] -- Wallclock = 2026-09-01 19:26:28.927 -- System time = 46.704 -- Game time = 11.650 -- Ratio = 0.249x
2026-09-01 19:26:29 [INFO] [/home/vcdc/disk2t/lead/lead/inference/sensor_agent_bridgedrive.py:270] [SensorAgent] Saved 7 infractions to outputs/local_evaluation/bench2drive_111/infractions.json
=== [Agent] -- Wallclock = 2026-09-01 19:26:29.153 -- System time = 46.929 -- Game time = 11.700 -- Ratio = 0.249x
2026-09-01 19:26:29 [INFO] [/home/vcdc/disk2t/lead/lead/inference/sensor_agent_bridgedrive.py:270] [SensorAgent] Saved 7 infractions to outputs/local_evaluation/bench2drive_111/infractions.json
=== [Agent] -- Wallclock = 2026-09-01 19:26:29.307 -- System time = 47.084 -- Game time = 11.750 -- Ratio = 0.250x
2026-09-01 19:26:29 [INFO] [/home/vcdc/disk2t/lead/lead/inference/sensor_agent_bridgedrive.py:270] [SensorAgent] Saved 7 infractions to outputs/local_evaluation/bench2drive_111/infractions.json
=== [Agent] -- Wallclock = 2026-09-01 19:26:29.543 -- System time = 47.319 -- Game time = 11.800 -- Ratio = 0.249x
2026-09-01 19:26:29 [INFO] [/home/vcdc/disk2t/lead/lead/inference/sensor_agent_bridgedrive.py:270] [SensorAgent] Saved 7 infractions to outputs/local_evaluation/bench2drive_111/infractions.json
=== [Agent] -- Wallclock = 2026-09-01 19:26:29.700 -- System time = 47.476 -- Game time = 11.850 -- Ratio = 0.250x
2026-09-01 19:26:29 [INFO] [/home/vcdc/disk2t/lead/lead/inference/sensor_agent_bridgedrive.py:270] [SensorAgent] Saved 7 infractions to outputs/local_evaluation/bench2drive_111/infractions.json
=== [Agent] -- Wallclock = 2026-09-01 19:26:29.935 -- System time = 47.712 -- Game time = 11.900 -- Ratio = 0.249x
2026-09-01 19:26:30 [INFO] [/home/vcdc/disk2t/lead/lead/inference/sensor_agent_bridgedrive.py:270] [SensorAgent] Saved 7 infractions to outputs/local_evaluation/bench2drive_111/infractions.json
=== [Agent] -- Wallclock = 2026-09-01 19:26:30.105 -- System time = 47.881 -- Game time = 11.950 -- Ratio = 0.250x
2026-09-01 19:26:30 [INFO] [/home/vcdc/disk2t/lead/lead/inference/sensor_agent_bridgedrive.py:270] [SensorAgent] Saved 7 infractions to outputs/local_evaluation/bench2drive_111/infractions.json
=== [Agent] -- Wallclock = 2026-09-01 19:26:30.353 -- System time = 48.129 -- Game time = 12.000 -- Ratio = 0.249x
2026-09-01 19:26:30 [INFO] [/home/vcdc/disk2t/lead/lead/inference/sensor_agent_bridgedrive.py:270] [SensorAgent] Saved 7 infractions to outputs/local_evaluation/bench2drive_111/infractions.json
=== [Agent] -- Wallclock = 2026-09-01 19:26:30.522 -- System time = 48.298 -- Game time = 12.050 -- Ratio = 0.249x
2026-09-01 19:26:30 [INFO] [/home/vcdc/disk2t/lead/lead/inference/sensor_agent_bridgedrive.py:270] [SensorAgent] Saved 7 infractions to outputs/local_evaluation/bench2drive_111/infractions.json
=== [Agent] -- Wallclock = 2026-09-01 19:26:30.769 -- System time = 48.545 -- Game time = 12.100 -- Ratio = 0.249x
2026-09-01 19:26:30 [INFO] [/home/vcdc/disk2t/lead/lead/inference/sensor_agent_bridgedrive.py:270] [SensorAgent] Saved 7 infractions to outputs/local_evaluation/bench2drive_111/infractions.json
=== [Agent] -- Wallclock = 2026-09-01 19:26:30.930 -- System time = 48.706 -- Game time = 12.150 -- Ratio = 0.249x
2026-09-01 19:26:31 [INFO] [/home/vcdc/disk2t/lead/lead/inference/sensor_agent_bridgedrive.py:270] [SensorAgent] Saved 7 infractions to outputs/local_evaluation/bench2drive_111/infractions.json
=== [Agent] -- Wallclock = 2026-09-01 19:26:31.159 -- System time = 48.935 -- Game time = 12.200 -- Ratio = 0.249x
2026-09-01 19:26:31 [INFO] [/home/vcdc/disk2t/lead/lead/inference/sensor_agent_bridgedrive.py:270] [SensorAgent] Saved 7 infractions to outputs/local_evaluation/bench2drive_111/infractions.json
=== [Agent] -- Wallclock = 2026-09-01 19:26:31.329 -- System time = 49.106 -- Game time = 12.250 -- Ratio = 0.249x
2026-09-01 19:26:31 [INFO] [/home/vcdc/disk2t/lead/lead/inference/sensor_agent_bridgedrive.py:270] [SensorAgent] Saved 7 infractions to outputs/local_evaluation/bench2drive_111/infractions.json
=== [Agent] -- Wallclock = 2026-09-01 19:26:31.566 -- System time = 49.342 -- Game time = 12.300 -- Ratio = 0.249x
2026-09-01 19:26:31 [INFO] [/home/vcdc/disk2t/lead/lead/inference/sensor_agent_bridgedrive.py:270] [SensorAgent] Saved 7 infractions to outputs/local_evaluation/bench2drive_111/infractions.json
=== [Agent] -- Wallclock = 2026-09-01 19:26:31.725 -- System time = 49.501 -- Game time = 12.350 -- Ratio = 0.249x
2026-09-01 19:26:31 [INFO] [/home/vcdc/disk2t/lead/lead/inference/sensor_agent_bridgedrive.py:270] [SensorAgent] Saved 7 infractions to outputs/local_evaluation/bench2drive_111/infractions.json
=== [Agent] -- Wallclock = 2026-09-01 19:26:31.966 -- System time = 49.742 -- Game time = 12.400 -- Ratio = 0.249x
2026-09-01 19:26:32 [INFO] [/home/vcdc/disk2t/lead/lead/inference/sensor_agent_bridgedrive.py:270] [SensorAgent] Saved 7 infractions to outputs/local_evaluation/bench2drive_111/infractions.json
=== [Agent] -- Wallclock = 2026-09-01 19:26:32.132 -- System time = 49.908 -- Game time = 12.450 -- Ratio = 0.249x
2026-09-01 19:26:32 [INFO] [/home/vcdc/disk2t/lead/lead/inference/sensor_agent_bridgedrive.py:270] [SensorAgent] Saved 7 infractions to outputs/local_evaluation/bench2drive_111/infractions.json
=== [Agent] -- Wallclock = 2026-09-01 19:26:32.370 -- System time = 50.147 -- Game time = 12.500 -- Ratio = 0.249x
2026-09-01 19:26:32 [INFO] [/home/vcdc/disk2t/lead/lead/inference/sensor_agent_bridgedrive.py:270] [SensorAgent] Saved 7 infractions to outputs/local_evaluation/bench2drive_111/infractions.json
=== [Agent] -- Wallclock = 2026-09-01 19:26:32.536 -- System time = 50.312 -- Game time = 12.550 -- Ratio = 0.249x
2026-09-01 19:26:32 [INFO] [/home/vcdc/disk2t/lead/lead/inference/sensor_agent_bridgedrive.py:270] [SensorAgent] Saved 7 infractions to outputs/local_evaluation/bench2drive_111/infractions.json
=== [Agent] -- Wallclock = 2026-09-01 19:26:32.758 -- System time = 50.535 -- Game time = 12.600 -- Ratio = 0.249x
2026-09-01 19:26:32 [INFO] [/home/vcdc/disk2t/lead/lead/inference/sensor_agent_bridgedrive.py:270] [SensorAgent] Saved 7 infractions to outputs/local_evaluation/bench2drive_111/infractions.json
=== [Agent] -- Wallclock = 2026-09-01 19:26:32.965 -- System time = 50.741 -- Game time = 12.650 -- Ratio = 0.249x
2026-09-01 19:26:33 [INFO] [/home/vcdc/disk2t/lead/lead/inference/sensor_agent_bridgedrive.py:270] [SensorAgent] Saved 7 infractions to outputs/local_evaluation/bench2drive_111/infractions.json
=== [Agent] -- Wallclock = 2026-09-01 19:26:33.198 -- System time = 50.974 -- Game time = 12.700 -- Ratio = 0.249x
2026-09-01 19:26:33 [INFO] [/home/vcdc/disk2t/lead/lead/inference/sensor_agent_bridgedrive.py:270] [SensorAgent] Saved 7 infractions to outputs/local_evaluation/bench2drive_111/infractions.json
=== [Agent] -- Wallclock = 2026-09-01 19:26:33.359 -- System time = 51.136 -- Game time = 12.750 -- Ratio = 0.249x
2026-09-01 19:26:33 [INFO] [/home/vcdc/disk2t/lead/lead/inference/sensor_agent_bridgedrive.py:270] [SensorAgent] Saved 7 infractions to outputs/local_evaluation/bench2drive_111/infractions.json
=== [Agent] -- Wallclock = 2026-09-01 19:26:33.605 -- System time = 51.382 -- Game time = 12.800 -- Ratio = 0.249x
2026-09-01 19:26:33 [INFO] [/home/vcdc/disk2t/lead/lead/inference/sensor_agent_bridgedrive.py:270] [SensorAgent] Saved 7 infractions to outputs/local_evaluation/bench2drive_111/infractions.json
=== [Agent] -- Wallclock = 2026-09-01 19:26:33.764 -- System time = 51.540 -- Game time = 12.850 -- Ratio = 0.249x
2026-09-01 19:26:33 [INFO] [/home/vcdc/disk2t/lead/lead/inference/sensor_agent_bridgedrive.py:270] [SensorAgent] Saved 7 infractions to outputs/local_evaluation/bench2drive_111/infractions.json
=== [Agent] -- Wallclock = 2026-09-01 19:26:33.991 -- System time = 51.767 -- Game time = 12.900 -- Ratio = 0.249x
2026-09-01 19:26:34 [INFO] [/home/vcdc/disk2t/lead/lead/inference/sensor_agent_bridgedrive.py:270] [SensorAgent] Saved 7 infractions to outputs/local_evaluation/bench2drive_111/infractions.json
=== [Agent] -- Wallclock = 2026-09-01 19:26:34.168 -- System time = 51.945 -- Game time = 12.950 -- Ratio = 0.249x
2026-09-01 19:26:34 [INFO] [/home/vcdc/disk2t/lead/lead/inference/sensor_agent_bridgedrive.py:270] [SensorAgent] Saved 7 infractions to outputs/local_evaluation/bench2drive_111/infractions.json
=== [Agent] -- Wallclock = 2026-09-01 19:26:34.394 -- System time = 52.170 -- Game time = 13.000 -- Ratio = 0.249x
2026-09-01 19:26:34 [INFO] [/home/vcdc/disk2t/lead/lead/inference/sensor_agent_bridgedrive.py:270] [SensorAgent] Saved 7 infractions to outputs/local_evaluation/bench2drive_111/infractions.json
=== [Agent] -- Wallclock = 2026-09-01 19:26:34.559 -- System time = 52.336 -- Game time = 13.050 -- Ratio = 0.249x
2026-09-01 19:26:34 [INFO] [/home/vcdc/disk2t/lead/lead/inference/sensor_agent_bridgedrive.py:270] [SensorAgent] Saved 7 infractions to outputs/local_evaluation/bench2drive_111/infractions.json
=== [Agent] -- Wallclock = 2026-09-01 19:26:34.801 -- System time = 52.577 -- Game time = 13.100 -- Ratio = 0.249x
2026-09-01 19:26:34 [INFO] [/home/vcdc/disk2t/lead/lead/inference/sensor_agent_bridgedrive.py:270] [SensorAgent] Saved 7 infractions to outputs/local_evaluation/bench2drive_111/infractions.json
=== [Agent] -- Wallclock = 2026-09-01 19:26:34.986 -- System time = 52.762 -- Game time = 13.150 -- Ratio = 0.249x
2026-09-01 19:26:35 [INFO] [/home/vcdc/disk2t/lead/lead/inference/sensor_agent_bridgedrive.py:270] [SensorAgent] Saved 7 infractions to outputs/local_evaluation/bench2drive_111/infractions.json
=== [Agent] -- Wallclock = 2026-09-01 19:26:35.227 -- System time = 53.003 -- Game time = 13.200 -- Ratio = 0.249x
2026-09-01 19:26:35 [INFO] [/home/vcdc/disk2t/lead/lead/inference/sensor_agent_bridgedrive.py:270] [SensorAgent] Saved 7 infractions to outputs/local_evaluation/bench2drive_111/infractions.json
=== [Agent] -- Wallclock = 2026-09-01 19:26:35.402 -- System time = 53.178 -- Game time = 13.250 -- Ratio = 0.249x
2026-09-01 19:26:35 [INFO] [/home/vcdc/disk2t/lead/lead/inference/sensor_agent_bridgedrive.py:270] [SensorAgent] Saved 7 infractions to outputs/local_evaluation/bench2drive_111/infractions.json
=== [Agent] -- Wallclock = 2026-09-01 19:26:35.650 -- System time = 53.426 -- Game time = 13.300 -- Ratio = 0.249x
2026-09-01 19:26:35 [INFO] [/home/vcdc/disk2t/lead/lead/inference/sensor_agent_bridgedrive.py:270] [SensorAgent] Saved 7 infractions to outputs/local_evaluation/bench2drive_111/infractions.json
=== [Agent] -- Wallclock = 2026-09-01 19:26:35.822 -- System time = 53.598 -- Game time = 13.350 -- Ratio = 0.249x
2026-09-01 19:26:35 [INFO] [/home/vcdc/disk2t/lead/lead/inference/sensor_agent_bridgedrive.py:270] [SensorAgent] Saved 7 infractions to outputs/local_evaluation/bench2drive_111/infractions.json
=== [Agent] -- Wallclock = 2026-09-01 19:26:36.075 -- System time = 53.851 -- Game time = 13.400 -- Ratio = 0.249x
2026-09-01 19:26:36 [INFO] [/home/vcdc/disk2t/lead/lead/inference/sensor_agent_bridgedrive.py:270] [SensorAgent] Saved 7 infractions to outputs/local_evaluation/bench2drive_111/infractions.json
=== [Agent] -- Wallclock = 2026-09-01 19:26:36.248 -- System time = 54.024 -- Game time = 13.450 -- Ratio = 0.249x
2026-09-01 19:26:36 [INFO] [/home/vcdc/disk2t/lead/lead/inference/sensor_agent_bridgedrive.py:270] [SensorAgent] Saved 7 infractions to outputs/local_evaluation/bench2drive_111/infractions.json
=== [Agent] -- Wallclock = 2026-09-01 19:26:36.491 -- System time = 54.267 -- Game time = 13.500 -- Ratio = 0.249x
2026-09-01 19:26:36 [INFO] [/home/vcdc/disk2t/lead/lead/inference/sensor_agent_bridgedrive.py:270] [SensorAgent] Saved 7 infractions to outputs/local_evaluation/bench2drive_111/infractions.json
=== [Agent] -- Wallclock = 2026-09-01 19:26:36.663 -- System time = 54.440 -- Game time = 13.550 -- Ratio = 0.249x
2026-09-01 19:26:36 [INFO] [/home/vcdc/disk2t/lead/lead/inference/sensor_agent_bridgedrive.py:270] [SensorAgent] Saved 7 infractions to outputs/local_evaluation/bench2drive_111/infractions.json
=== [Agent] -- Wallclock = 2026-09-01 19:26:36.908 -- System time = 54.684 -- Game time = 13.600 -- Ratio = 0.249x
2026-09-01 19:26:37 [INFO] [/home/vcdc/disk2t/lead/lead/inference/sensor_agent_bridgedrive.py:270] [SensorAgent] Saved 7 infractions to outputs/local_evaluation/bench2drive_111/infractions.json
=== [Agent] -- Wallclock = 2026-09-01 19:26:37.073 -- System time = 54.849 -- Game time = 13.650 -- Ratio = 0.249x
2026-09-01 19:26:37 [INFO] [/home/vcdc/disk2t/lead/lead/inference/sensor_agent_bridgedrive.py:270] [SensorAgent] Saved 7 infractions to outputs/local_evaluation/bench2drive_111/infractions.json
=== [Agent] -- Wallclock = 2026-09-01 19:26:37.311 -- System time = 55.087 -- Game time = 13.700 -- Ratio = 0.249x
2026-09-01 19:26:37 [INFO] [/home/vcdc/disk2t/lead/lead/inference/sensor_agent_bridgedrive.py:270] [SensorAgent] Saved 7 infractions to outputs/local_evaluation/bench2drive_111/infractions.json
=== [Agent] -- Wallclock = 2026-09-01 19:26:37.482 -- System time = 55.258 -- Game time = 13.750 -- Ratio = 0.249x
2026-09-01 19:26:37 [INFO] [/home/vcdc/disk2t/lead/lead/inference/sensor_agent_bridgedrive.py:270] [SensorAgent] Saved 7 infractions to outputs/local_evaluation/bench2drive_111/infractions.json
=== [Agent] -- Wallclock = 2026-09-01 19:26:37.717 -- System time = 55.493 -- Game time = 13.800 -- Ratio = 0.249x
2026-09-01 19:26:37 [INFO] [/home/vcdc/disk2t/lead/lead/inference/sensor_agent_bridgedrive.py:270] [SensorAgent] Saved 7 infractions to outputs/local_evaluation/bench2drive_111/infractions.json
=== [Agent] -- Wallclock = 2026-09-01 19:26:37.883 -- System time = 55.659 -- Game time = 13.850 -- Ratio = 0.249x
2026-09-01 19:26:38 [INFO] [/home/vcdc/disk2t/lead/lead/inference/sensor_agent_bridgedrive.py:270] [SensorAgent] Saved 7 infractions to outputs/local_evaluation/bench2drive_111/infractions.json
=== [Agent] -- Wallclock = 2026-09-01 19:26:38.114 -- System time = 55.890 -- Game time = 13.900 -- Ratio = 0.249x
2026-09-01 19:26:38 [INFO] [/home/vcdc/disk2t/lead/lead/inference/sensor_agent_bridgedrive.py:270] [SensorAgent] Saved 7 infractions to outputs/local_evaluation/bench2drive_111/infractions.json
=== [Agent] -- Wallclock = 2026-09-01 19:26:38.274 -- System time = 56.050 -- Game time = 13.950 -- Ratio = 0.249x
2026-09-01 19:26:38 [INFO] [/home/vcdc/disk2t/lead/lead/inference/sensor_agent_bridgedrive.py:270] [SensorAgent] Saved 7 infractions to outputs/local_evaluation/bench2drive_111/infractions.json
=== [Agent] -- Wallclock = 2026-09-01 19:26:38.512 -- System time = 56.288 -- Game time = 14.000 -- Ratio = 0.249x
2026-09-01 19:26:38 [INFO] [/home/vcdc/disk2t/lead/lead/inference/sensor_agent_bridgedrive.py:270] [SensorAgent] Saved 7 infractions to outputs/local_evaluation/bench2drive_111/infractions.json
=== [Agent] -- Wallclock = 2026-09-01 19:26:38.687 -- System time = 56.464 -- Game time = 14.050 -- Ratio = 0.249x
2026-09-01 19:26:38 [INFO] [/home/vcdc/disk2t/lead/lead/inference/sensor_agent_bridgedrive.py:270] [SensorAgent] Saved 7 infractions to outputs/local_evaluation/bench2drive_111/infractions.json
=== [Agent] -- Wallclock = 2026-09-01 19:26:38.924 -- System time = 56.700 -- Game time = 14.100 -- Ratio = 0.249x
2026-09-01 19:26:39 [INFO] [/home/vcdc/disk2t/lead/lead/inference/sensor_agent_bridgedrive.py:270] [SensorAgent] Saved 7 infractions to outputs/local_evaluation/bench2drive_111/infractions.json
=== [Agent] -- Wallclock = 2026-09-01 19:26:39.090 -- System time = 56.866 -- Game time = 14.150 -- Ratio = 0.249x
2026-09-01 19:26:39 [INFO] [/home/vcdc/disk2t/lead/lead/inference/sensor_agent_bridgedrive.py:270] [SensorAgent] Saved 7 infractions to outputs/local_evaluation/bench2drive_111/infractions.json
=== [Agent] -- Wallclock = 2026-09-01 19:26:39.326 -- System time = 57.102 -- Game time = 14.200 -- Ratio = 0.249x
2026-09-01 19:26:39 [INFO] [/home/vcdc/disk2t/lead/lead/inference/sensor_agent_bridgedrive.py:270] [SensorAgent] Saved 7 infractions to outputs/local_evaluation/bench2drive_111/infractions.json
=== [Agent] -- Wallclock = 2026-09-01 19:26:39.496 -- System time = 57.272 -- Game time = 14.250 -- Ratio = 0.249x
2026-09-01 19:26:39 [INFO] [/home/vcdc/disk2t/lead/lead/inference/sensor_agent_bridgedrive.py:270] [SensorAgent] Saved 7 infractions to outputs/local_evaluation/bench2drive_111/infractions.json
=== [Agent] -- Wallclock = 2026-09-01 19:26:39.726 -- System time = 57.502 -- Game time = 14.300 -- Ratio = 0.249x
2026-09-01 19:26:39 [INFO] [/home/vcdc/disk2t/lead/lead/inference/sensor_agent_bridgedrive.py:270] [SensorAgent] Saved 7 infractions to outputs/local_evaluation/bench2drive_111/infractions.json
=== [Agent] -- Wallclock = 2026-09-01 19:26:39.888 -- System time = 57.664 -- Game time = 14.350 -- Ratio = 0.249x
2026-09-01 19:26:40 [INFO] [/home/vcdc/disk2t/lead/lead/inference/sensor_agent_bridgedrive.py:270] [SensorAgent] Saved 7 infractions to outputs/local_evaluation/bench2drive_111/infractions.json
=== [Agent] -- Wallclock = 2026-09-01 19:26:40.128 -- System time = 57.904 -- Game time = 14.400 -- Ratio = 0.249x
2026-09-01 19:26:40 [INFO] [/home/vcdc/disk2t/lead/lead/inference/sensor_agent_bridgedrive.py:270] [SensorAgent] Saved 7 infractions to outputs/local_evaluation/bench2drive_111/infractions.json
=== [Agent] -- Wallclock = 2026-09-01 19:26:40.299 -- System time = 58.075 -- Game time = 14.450 -- Ratio = 0.249x
2026-09-01 19:26:40 [INFO] [/home/vcdc/disk2t/lead/lead/inference/sensor_agent_bridgedrive.py:270] [SensorAgent] Saved 7 infractions to outputs/local_evaluation/bench2drive_111/infractions.json
=== [Agent] -- Wallclock = 2026-09-01 19:26:40.553 -- System time = 58.329 -- Game time = 14.500 -- Ratio = 0.249x
2026-09-01 19:26:40 [INFO] [/home/vcdc/disk2t/lead/lead/inference/sensor_agent_bridgedrive.py:270] [SensorAgent] Saved 7 infractions to outputs/local_evaluation/bench2drive_111/infractions.json
=== [Agent] -- Wallclock = 2026-09-01 19:26:40.716 -- System time = 58.493 -- Game time = 14.550 -- Ratio = 0.249x
2026-09-01 19:26:40 [INFO] [/home/vcdc/disk2t/lead/lead/inference/sensor_agent_bridgedrive.py:270] [SensorAgent] Saved 7 infractions to outputs/local_evaluation/bench2drive_111/infractions.json
=== [Agent] -- Wallclock = 2026-09-01 19:26:40.951 -- System time = 58.727 -- Game time = 14.600 -- Ratio = 0.249x
2026-09-01 19:26:41 [INFO] [/home/vcdc/disk2t/lead/lead/inference/sensor_agent_bridgedrive.py:270] [SensorAgent] Saved 7 infractions to outputs/local_evaluation/bench2drive_111/infractions.json
=== [Agent] -- Wallclock = 2026-09-01 19:26:41.120 -- System time = 58.897 -- Game time = 14.650 -- Ratio = 0.249x
2026-09-01 19:26:41 [INFO] [/home/vcdc/disk2t/lead/lead/inference/sensor_agent_bridgedrive.py:270] [SensorAgent] Saved 7 infractions to outputs/local_evaluation/bench2drive_111/infractions.json
=== [Agent] -- Wallclock = 2026-09-01 19:26:41.352 -- System time = 59.128 -- Game time = 14.700 -- Ratio = 0.249x
2026-09-01 19:26:41 [INFO] [/home/vcdc/disk2t/lead/lead/inference/sensor_agent_bridgedrive.py:270] [SensorAgent] Saved 7 infractions to outputs/local_evaluation/bench2drive_111/infractions.json
=== [Agent] -- Wallclock = 2026-09-01 19:26:41.534 -- System time = 59.310 -- Game time = 14.750 -- Ratio = 0.249x
2026-09-01 19:26:41 [INFO] [/home/vcdc/disk2t/lead/lead/inference/sensor_agent_bridgedrive.py:270] [SensorAgent] Saved 7 infractions to outputs/local_evaluation/bench2drive_111/infractions.json
=== [Agent] -- Wallclock = 2026-09-01 19:26:41.765 -- System time = 59.541 -- Game time = 14.800 -- Ratio = 0.249x
2026-09-01 19:26:41 [INFO] [/home/vcdc/disk2t/lead/lead/inference/sensor_agent_bridgedrive.py:270] [SensorAgent] Saved 7 infractions to outputs/local_evaluation/bench2drive_111/infractions.json
=== [Agent] -- Wallclock = 2026-09-01 19:26:41.934 -- System time = 59.710 -- Game time = 14.850 -- Ratio = 0.249x
2026-09-01 19:26:42 [INFO] [/home/vcdc/disk2t/lead/lead/inference/sensor_agent_bridgedrive.py:270] [SensorAgent] Saved 7 infractions to outputs/local_evaluation/bench2drive_111/infractions.json
=== [Agent] -- Wallclock = 2026-09-01 19:26:42.163 -- System time = 59.939 -- Game time = 14.900 -- Ratio = 0.249x
2026-09-01 19:26:42 [INFO] [/home/vcdc/disk2t/lead/lead/inference/sensor_agent_bridgedrive.py:270] [SensorAgent] Saved 7 infractions to outputs/local_evaluation/bench2drive_111/infractions.json
=== [Agent] -- Wallclock = 2026-09-01 19:26:42.335 -- System time = 60.111 -- Game time = 14.950 -- Ratio = 0.249x
2026-09-01 19:26:42 [INFO] [/home/vcdc/disk2t/lead/lead/inference/sensor_agent_bridgedrive.py:270] [SensorAgent] Saved 7 infractions to outputs/local_evaluation/bench2drive_111/infractions.json
=== [Agent] -- Wallclock = 2026-09-01 19:26:42.595 -- System time = 60.372 -- Game time = 15.000 -- Ratio = 0.248x
2026-09-01 19:26:42 [INFO] [/home/vcdc/disk2t/lead/lead/inference/sensor_agent_bridgedrive.py:270] [SensorAgent] Saved 7 infractions to outputs/local_evaluation/bench2drive_111/infractions.json
=== [Agent] -- Wallclock = 2026-09-01 19:26:42.762 -- System time = 60.538 -- Game time = 15.050 -- Ratio = 0.249x
2026-09-01 19:26:42 [INFO] [/home/vcdc/disk2t/lead/lead/inference/sensor_agent_bridgedrive.py:270] [SensorAgent] Saved 7 infractions to outputs/local_evaluation/bench2drive_111/infractions.json
=== [Agent] -- Wallclock = 2026-09-01 19:26:43.006 -- System time = 60.782 -- Game time = 15.100 -- Ratio = 0.248x
2026-09-01 19:26:43 [INFO] [/home/vcdc/disk2t/lead/lead/inference/sensor_agent_bridgedrive.py:270] [SensorAgent] Saved 7 infractions to outputs/local_evaluation/bench2drive_111/infractions.json
=== [Agent] -- Wallclock = 2026-09-01 19:26:43.185 -- System time = 60.961 -- Game time = 15.150 -- Ratio = 0.249x
2026-09-01 19:26:43 [INFO] [/home/vcdc/disk2t/lead/lead/inference/sensor_agent_bridgedrive.py:270] [SensorAgent] Saved 7 infractions to outputs/local_evaluation/bench2drive_111/infractions.json
=== [Agent] -- Wallclock = 2026-09-01 19:26:43.420 -- System time = 61.196 -- Game time = 15.200 -- Ratio = 0.248x
2026-09-01 19:26:43 [INFO] [/home/vcdc/disk2t/lead/lead/inference/sensor_agent_bridgedrive.py:270] [SensorAgent] Saved 7 infractions to outputs/local_evaluation/bench2drive_111/infractions.json
=== [Agent] -- Wallclock = 2026-09-01 19:26:43.580 -- System time = 61.356 -- Game time = 15.250 -- Ratio = 0.249x
2026-09-01 19:26:43 [INFO] [/home/vcdc/disk2t/lead/lead/inference/sensor_agent_bridgedrive.py:270] [SensorAgent] Saved 7 infractions to outputs/local_evaluation/bench2drive_111/infractions.json
=== [Agent] -- Wallclock = 2026-09-01 19:26:43.810 -- System time = 61.586 -- Game time = 15.300 -- Ratio = 0.248x
2026-09-01 19:26:43 [INFO] [/home/vcdc/disk2t/lead/lead/inference/sensor_agent_bridgedrive.py:270] [SensorAgent] Saved 7 infractions to outputs/local_evaluation/bench2drive_111/infractions.json
=== [Agent] -- Wallclock = 2026-09-01 19:26:43.977 -- System time = 61.753 -- Game time = 15.350 -- Ratio = 0.249x
2026-09-01 19:26:44 [INFO] [/home/vcdc/disk2t/lead/lead/inference/sensor_agent_bridgedrive.py:270] [SensorAgent] Saved 7 infractions to outputs/local_evaluation/bench2drive_111/infractions.json
=== [Agent] -- Wallclock = 2026-09-01 19:26:44.210 -- System time = 61.986 -- Game time = 15.400 -- Ratio = 0.248x
2026-09-01 19:26:44 [INFO] [/home/vcdc/disk2t/lead/lead/inference/sensor_agent_bridgedrive.py:270] [SensorAgent] Saved 7 infractions to outputs/local_evaluation/bench2drive_111/infractions.json
=== [Agent] -- Wallclock = 2026-09-01 19:26:44.375 -- System time = 62.151 -- Game time = 15.450 -- Ratio = 0.249x
2026-09-01 19:26:44 [INFO] [/home/vcdc/disk2t/lead/lead/inference/sensor_agent_bridgedrive.py:270] [SensorAgent] Saved 7 infractions to outputs/local_evaluation/bench2drive_111/infractions.json
=== [Agent] -- Wallclock = 2026-09-01 19:26:44.607 -- System time = 62.384 -- Game time = 15.500 -- Ratio = 0.248x
2026-09-01 19:26:44 [INFO] [/home/vcdc/disk2t/lead/lead/inference/sensor_agent_bridgedrive.py:270] [SensorAgent] Saved 7 infractions to outputs/local_evaluation/bench2drive_111/infractions.json
=== [Agent] -- Wallclock = 2026-09-01 19:26:44.770 -- System time = 62.546 -- Game time = 15.550 -- Ratio = 0.249x
2026-09-01 19:26:44 [INFO] [/home/vcdc/disk2t/lead/lead/inference/sensor_agent_bridgedrive.py:270] [SensorAgent] Saved 7 infractions to outputs/local_evaluation/bench2drive_111/infractions.json
=== [Agent] -- Wallclock = 2026-09-01 19:26:45.015 -- System time = 62.791 -- Game time = 15.600 -- Ratio = 0.248x
2026-09-01 19:26:45 [INFO] [/home/vcdc/disk2t/lead/lead/inference/sensor_agent_bridgedrive.py:270] [SensorAgent] Saved 7 infractions to outputs/local_evaluation/bench2drive_111/infractions.json
=== [Agent] -- Wallclock = 2026-09-01 19:26:45.184 -- System time = 62.960 -- Game time = 15.650 -- Ratio = 0.249x
2026-09-01 19:26:45 [INFO] [/home/vcdc/disk2t/lead/lead/inference/sensor_agent_bridgedrive.py:270] [SensorAgent] Saved 7 infractions to outputs/local_evaluation/bench2drive_111/infractions.json
=== [Agent] -- Wallclock = 2026-09-01 19:26:45.420 -- System time = 63.196 -- Game time = 15.700 -- Ratio = 0.248x
2026-09-01 19:26:45 [INFO] [/home/vcdc/disk2t/lead/lead/inference/sensor_agent_bridgedrive.py:270] [SensorAgent] Saved 7 infractions to outputs/local_evaluation/bench2drive_111/infractions.json
=== [Agent] -- Wallclock = 2026-09-01 19:26:45.589 -- System time = 63.365 -- Game time = 15.750 -- Ratio = 0.249x
2026-09-01 19:26:45 [INFO] [/home/vcdc/disk2t/lead/lead/inference/sensor_agent_bridgedrive.py:270] [SensorAgent] Saved 7 infractions to outputs/local_evaluation/bench2drive_111/infractions.json
=== [Agent] -- Wallclock = 2026-09-01 19:26:45.839 -- System time = 63.615 -- Game time = 15.800 -- Ratio = 0.248x
2026-09-01 19:26:45 [INFO] [/home/vcdc/disk2t/lead/lead/inference/sensor_agent_bridgedrive.py:270] [SensorAgent] Saved 7 infractions to outputs/local_evaluation/bench2drive_111/infractions.json
=== [Agent] -- Wallclock = 2026-09-01 19:26:46.008 -- System time = 63.785 -- Game time = 15.850 -- Ratio = 0.248x
2026-09-01 19:26:46 [INFO] [/home/vcdc/disk2t/lead/lead/inference/sensor_agent_bridgedrive.py:270] [SensorAgent] Saved 7 infractions to outputs/local_evaluation/bench2drive_111/infractions.json
=== [Agent] -- Wallclock = 2026-09-01 19:26:46.272 -- System time = 64.048 -- Game time = 15.900 -- Ratio = 0.248x
2026-09-01 19:26:46 [INFO] [/home/vcdc/disk2t/lead/lead/inference/sensor_agent_bridgedrive.py:270] [SensorAgent] Saved 7 infractions to outputs/local_evaluation/bench2drive_111/infractions.json
=== [Agent] -- Wallclock = 2026-09-01 19:26:46.437 -- System time = 64.214 -- Game time = 15.950 -- Ratio = 0.248x
2026-09-01 19:26:46 [INFO] [/home/vcdc/disk2t/lead/lead/inference/sensor_agent_bridgedrive.py:270] [SensorAgent] Saved 7 infractions to outputs/local_evaluation/bench2drive_111/infractions.json
=== [Agent] -- Wallclock = 2026-09-01 19:26:46.677 -- System time = 64.453 -- Game time = 16.000 -- Ratio = 0.248x
2026-09-01 19:26:46 [INFO] [/home/vcdc/disk2t/lead/lead/inference/sensor_agent_bridgedrive.py:270] [SensorAgent] Saved 7 infractions to outputs/local_evaluation/bench2drive_111/infractions.json
=== [Agent] -- Wallclock = 2026-09-01 19:26:46.843 -- System time = 64.619 -- Game time = 16.050 -- Ratio = 0.248x
2026-09-01 19:26:46 [INFO] [/home/vcdc/disk2t/lead/lead/inference/sensor_agent_bridgedrive.py:270] [SensorAgent] Saved 7 infractions to outputs/local_evaluation/bench2drive_111/infractions.json
=== [Agent] -- Wallclock = 2026-09-01 19:26:47.074 -- System time = 64.850 -- Game time = 16.100 -- Ratio = 0.248x
2026-09-01 19:26:47 [INFO] [/home/vcdc/disk2t/lead/lead/inference/sensor_agent_bridgedrive.py:270] [SensorAgent] Saved 7 infractions to outputs/local_evaluation/bench2drive_111/infractions.json
=== [Agent] -- Wallclock = 2026-09-01 19:26:47.243 -- System time = 65.020 -- Game time = 16.150 -- Ratio = 0.248x
2026-09-01 19:26:47 [INFO] [/home/vcdc/disk2t/lead/lead/inference/sensor_agent_bridgedrive.py:270] [SensorAgent] Saved 7 infractions to outputs/local_evaluation/bench2drive_111/infractions.json
=== [Agent] -- Wallclock = 2026-09-01 19:26:47.469 -- System time = 65.245 -- Game time = 16.200 -- Ratio = 0.248x
2026-09-01 19:26:47 [INFO] [/home/vcdc/disk2t/lead/lead/inference/sensor_agent_bridgedrive.py:270] [SensorAgent] Saved 7 infractions to outputs/local_evaluation/bench2drive_111/infractions.json
=== [Agent] -- Wallclock = 2026-09-01 19:26:47.628 -- System time = 65.404 -- Game time = 16.250 -- Ratio = 0.248x
2026-09-01 19:26:47 [INFO] [/home/vcdc/disk2t/lead/lead/inference/sensor_agent_bridgedrive.py:270] [SensorAgent] Saved 7 infractions to outputs/local_evaluation/bench2drive_111/infractions.json
=== [Agent] -- Wallclock = 2026-09-01 19:26:47.873 -- System time = 65.649 -- Game time = 16.300 -- Ratio = 0.248x
2026-09-01 19:26:48 [INFO] [/home/vcdc/disk2t/lead/lead/inference/sensor_agent_bridgedrive.py:270] [SensorAgent] Saved 7 infractions to outputs/local_evaluation/bench2drive_111/infractions.json
=== [Agent] -- Wallclock = 2026-09-01 19:26:48.054 -- System time = 65.830 -- Game time = 16.350 -- Ratio = 0.248x
2026-09-01 19:26:48 [INFO] [/home/vcdc/disk2t/lead/lead/inference/sensor_agent_bridgedrive.py:270] [SensorAgent] Saved 7 infractions to outputs/local_evaluation/bench2drive_111/infractions.json
=== [Agent] -- Wallclock = 2026-09-01 19:26:48.289 -- System time = 66.065 -- Game time = 16.400 -- Ratio = 0.248x
2026-09-01 19:26:48 [INFO] [/home/vcdc/disk2t/lead/lead/inference/sensor_agent_bridgedrive.py:270] [SensorAgent] Saved 7 infractions to outputs/local_evaluation/bench2drive_111/infractions.json
=== [Agent] -- Wallclock = 2026-09-01 19:26:48.450 -- System time = 66.226 -- Game time = 16.450 -- Ratio = 0.248x
2026-09-01 19:26:48 [INFO] [/home/vcdc/disk2t/lead/lead/inference/sensor_agent_bridgedrive.py:270] [SensorAgent] Saved 7 infractions to outputs/local_evaluation/bench2drive_111/infractions.json
=== [Agent] -- Wallclock = 2026-09-01 19:26:48.673 -- System time = 66.449 -- Game time = 16.500 -- Ratio = 0.248x
2026-09-01 19:26:48 [INFO] [/home/vcdc/disk2t/lead/lead/inference/sensor_agent_bridgedrive.py:270] [SensorAgent] Saved 7 infractions to outputs/local_evaluation/bench2drive_111/infractions.json
=== [Agent] -- Wallclock = 2026-09-01 19:26:48.870 -- System time = 66.647 -- Game time = 16.550 -- Ratio = 0.248x
2026-09-01 19:26:49 [INFO] [/home/vcdc/disk2t/lead/lead/inference/sensor_agent_bridgedrive.py:270] [SensorAgent] Saved 7 infractions to outputs/local_evaluation/bench2drive_111/infractions.json
=== [Agent] -- Wallclock = 2026-09-01 19:26:49.137 -- System time = 66.913 -- Game time = 16.600 -- Ratio = 0.248x
2026-09-01 19:26:49 [INFO] [/home/vcdc/disk2t/lead/lead/inference/sensor_agent_bridgedrive.py:270] [SensorAgent] Saved 7 infractions to outputs/local_evaluation/bench2drive_111/infractions.json
=== [Agent] -- Wallclock = 2026-09-01 19:26:49.291 -- System time = 67.068 -- Game time = 16.650 -- Ratio = 0.248x
2026-09-01 19:26:49 [INFO] [/home/vcdc/disk2t/lead/lead/inference/sensor_agent_bridgedrive.py:270] [SensorAgent] Saved 7 infractions to outputs/local_evaluation/bench2drive_111/infractions.json
=== [Agent] -- Wallclock = 2026-09-01 19:26:49.525 -- System time = 67.301 -- Game time = 16.700 -- Ratio = 0.248x
2026-09-01 19:26:49 [INFO] [/home/vcdc/disk2t/lead/lead/inference/sensor_agent_bridgedrive.py:270] [SensorAgent] Saved 7 infractions to outputs/local_evaluation/bench2drive_111/infractions.json
=== [Agent] -- Wallclock = 2026-09-01 19:26:49.701 -- System time = 67.477 -- Game time = 16.750 -- Ratio = 0.248x
2026-09-01 19:26:49 [INFO] [/home/vcdc/disk2t/lead/lead/inference/sensor_agent_bridgedrive.py:270] [SensorAgent] Saved 7 infractions to outputs/local_evaluation/bench2drive_111/infractions.json
=== [Agent] -- Wallclock = 2026-09-01 19:26:49.941 -- System time = 67.718 -- Game time = 16.800 -- Ratio = 0.248x
2026-09-01 19:26:50 [INFO] [/home/vcdc/disk2t/lead/lead/inference/sensor_agent_bridgedrive.py:270] [SensorAgent] Saved 7 infractions to outputs/local_evaluation/bench2drive_111/infractions.json
=== [Agent] -- Wallclock = 2026-09-01 19:26:50.133 -- System time = 67.909 -- Game time = 16.850 -- Ratio = 0.248x
2026-09-01 19:26:50 [INFO] [/home/vcdc/disk2t/lead/lead/inference/sensor_agent_bridgedrive.py:270] [SensorAgent] Saved 7 infractions to outputs/local_evaluation/bench2drive_111/infractions.json
=== [Agent] -- Wallclock = 2026-09-01 19:26:50.364 -- System time = 68.140 -- Game time = 16.900 -- Ratio = 0.248x
2026-09-01 19:26:50 [INFO] [/home/vcdc/disk2t/lead/lead/inference/sensor_agent_bridgedrive.py:270] [SensorAgent] Saved 7 infractions to outputs/local_evaluation/bench2drive_111/infractions.json
=== [Agent] -- Wallclock = 2026-09-01 19:26:50.540 -- System time = 68.316 -- Game time = 16.950 -- Ratio = 0.248x
2026-09-01 19:26:50 [INFO] [/home/vcdc/disk2t/lead/lead/inference/sensor_agent_bridgedrive.py:270] [SensorAgent] Saved 7 infractions to outputs/local_evaluation/bench2drive_111/infractions.json
=== [Agent] -- Wallclock = 2026-09-01 19:26:50.774 -- System time = 68.550 -- Game time = 17.000 -- Ratio = 0.248x
2026-09-01 19:26:50 [INFO] [/home/vcdc/disk2t/lead/lead/inference/sensor_agent_bridgedrive.py:270] [SensorAgent] Saved 7 infractions to outputs/local_evaluation/bench2drive_111/infractions.json
=== [Agent] -- Wallclock = 2026-09-01 19:26:50.935 -- System time = 68.711 -- Game time = 17.050 -- Ratio = 0.248x
2026-09-01 19:26:51 [INFO] [/home/vcdc/disk2t/lead/lead/inference/sensor_agent_bridgedrive.py:270] [SensorAgent] Saved 7 infractions to outputs/local_evaluation/bench2drive_111/infractions.json
=== [Agent] -- Wallclock = 2026-09-01 19:26:51.160 -- System time = 68.936 -- Game time = 17.100 -- Ratio = 0.248x
2026-09-01 19:26:51 [INFO] [/home/vcdc/disk2t/lead/lead/inference/sensor_agent_bridgedrive.py:270] [SensorAgent] Saved 7 infractions to outputs/local_evaluation/bench2drive_111/infractions.json
=== [Agent] -- Wallclock = 2026-09-01 19:26:51.326 -- System time = 69.102 -- Game time = 17.150 -- Ratio = 0.248x
2026-09-01 19:26:51 [INFO] [/home/vcdc/disk2t/lead/lead/inference/sensor_agent_bridgedrive.py:270] [SensorAgent] Saved 7 infractions to outputs/local_evaluation/bench2drive_111/infractions.json
=== [Agent] -- Wallclock = 2026-09-01 19:26:51.569 -- System time = 69.346 -- Game time = 17.200 -- Ratio = 0.248x
2026-09-01 19:26:51 [INFO] [/home/vcdc/disk2t/lead/lead/inference/sensor_agent_bridgedrive.py:270] [SensorAgent] Saved 7 infractions to outputs/local_evaluation/bench2drive_111/infractions.json
=== [Agent] -- Wallclock = 2026-09-01 19:26:51.729 -- System time = 69.505 -- Game time = 17.250 -- Ratio = 0.248x
2026-09-01 19:26:51 [INFO] [/home/vcdc/disk2t/lead/lead/inference/sensor_agent_bridgedrive.py:270] [SensorAgent] Saved 7 infractions to outputs/local_evaluation/bench2drive_111/infractions.json
=== [Agent] -- Wallclock = 2026-09-01 19:26:51.958 -- System time = 69.734 -- Game time = 17.300 -- Ratio = 0.248x
2026-09-01 19:26:52 [INFO] [/home/vcdc/disk2t/lead/lead/inference/sensor_agent_bridgedrive.py:270] [SensorAgent] Saved 7 infractions to outputs/local_evaluation/bench2drive_111/infractions.json
=== [Agent] -- Wallclock = 2026-09-01 19:26:52.134 -- System time = 69.910 -- Game time = 17.350 -- Ratio = 0.248x
2026-09-01 19:26:52 [INFO] [/home/vcdc/disk2t/lead/lead/inference/sensor_agent_bridgedrive.py:270] [SensorAgent] Saved 7 infractions to outputs/local_evaluation/bench2drive_111/infractions.json
=== [Agent] -- Wallclock = 2026-09-01 19:26:52.362 -- System time = 70.138 -- Game time = 17.400 -- Ratio = 0.248x
2026-09-01 19:26:52 [INFO] [/home/vcdc/disk2t/lead/lead/inference/sensor_agent_bridgedrive.py:270] [SensorAgent] Saved 7 infractions to outputs/local_evaluation/bench2drive_111/infractions.json
=== [Agent] -- Wallclock = 2026-09-01 19:26:52.530 -- System time = 70.306 -- Game time = 17.450 -- Ratio = 0.248x
2026-09-01 19:26:52 [INFO] [/home/vcdc/disk2t/lead/lead/inference/sensor_agent_bridgedrive.py:270] [SensorAgent] Saved 7 infractions to outputs/local_evaluation/bench2drive_111/infractions.json
=== [Agent] -- Wallclock = 2026-09-01 19:26:52.760 -- System time = 70.536 -- Game time = 17.500 -- Ratio = 0.248x
2026-09-01 19:26:52 [INFO] [/home/vcdc/disk2t/lead/lead/inference/sensor_agent_bridgedrive.py:270] [SensorAgent] Saved 7 infractions to outputs/local_evaluation/bench2drive_111/infractions.json
=== [Agent] -- Wallclock = 2026-09-01 19:26:52.922 -- System time = 70.698 -- Game time = 17.550 -- Ratio = 0.248x
2026-09-01 19:26:53 [INFO] [/home/vcdc/disk2t/lead/lead/inference/sensor_agent_bridgedrive.py:270] [SensorAgent] Saved 7 infractions to outputs/local_evaluation/bench2drive_111/infractions.json
=== [Agent] -- Wallclock = 2026-09-01 19:26:53.146 -- System time = 70.922 -- Game time = 17.600 -- Ratio = 0.248x
2026-09-01 19:26:53 [INFO] [/home/vcdc/disk2t/lead/lead/inference/sensor_agent_bridgedrive.py:270] [SensorAgent] Saved 7 infractions to outputs/local_evaluation/bench2drive_111/infractions.json
=== [Agent] -- Wallclock = 2026-09-01 19:26:53.303 -- System time = 71.079 -- Game time = 17.650 -- Ratio = 0.248x
2026-09-01 19:26:53 [INFO] [/home/vcdc/disk2t/lead/lead/inference/sensor_agent_bridgedrive.py:270] [SensorAgent] Saved 7 infractions to outputs/local_evaluation/bench2drive_111/infractions.json
=== [Agent] -- Wallclock = 2026-09-01 19:26:53.547 -- System time = 71.323 -- Game time = 17.700 -- Ratio = 0.248x
2026-09-01 19:26:53 [INFO] [/home/vcdc/disk2t/lead/lead/inference/sensor_agent_bridgedrive.py:270] [SensorAgent] Saved 7 infractions to outputs/local_evaluation/bench2drive_111/infractions.json
=== [Agent] -- Wallclock = 2026-09-01 19:26:53.722 -- System time = 71.498 -- Game time = 17.750 -- Ratio = 0.248x
2026-09-01 19:26:53 [INFO] [/home/vcdc/disk2t/lead/lead/inference/sensor_agent_bridgedrive.py:270] [SensorAgent] Saved 7 infractions to outputs/local_evaluation/bench2drive_111/infractions.json
=== [Agent] -- Wallclock = 2026-09-01 19:26:53.962 -- System time = 71.738 -- Game time = 17.800 -- Ratio = 0.248x
2026-09-01 19:26:54 [INFO] [/home/vcdc/disk2t/lead/lead/inference/sensor_agent_bridgedrive.py:270] [SensorAgent] Saved 7 infractions to outputs/local_evaluation/bench2drive_111/infractions.json
=== [Agent] -- Wallclock = 2026-09-01 19:26:54.170 -- System time = 71.946 -- Game time = 17.850 -- Ratio = 0.248x
2026-09-01 19:26:54 [INFO] [/home/vcdc/disk2t/lead/lead/inference/sensor_agent_bridgedrive.py:270] [SensorAgent] Saved 7 infractions to outputs/local_evaluation/bench2drive_111/infractions.json
=== [Agent] -- Wallclock = 2026-09-01 19:26:54.417 -- System time = 72.193 -- Game time = 17.900 -- Ratio = 0.248x
2026-09-01 19:26:54 [INFO] [/home/vcdc/disk2t/lead/lead/inference/sensor_agent_bridgedrive.py:270] [SensorAgent] Saved 7 infractions to outputs/local_evaluation/bench2drive_111/infractions.json
=== [Agent] -- Wallclock = 2026-09-01 19:26:54.578 -- System time = 72.354 -- Game time = 17.950 -- Ratio = 0.248x
2026-09-01 19:26:54 [INFO] [/home/vcdc/disk2t/lead/lead/inference/sensor_agent_bridgedrive.py:270] [SensorAgent] Saved 7 infractions to outputs/local_evaluation/bench2drive_111/infractions.json
=== [Agent] -- Wallclock = 2026-09-01 19:26:54.803 -- System time = 72.579 -- Game time = 18.000 -- Ratio = 0.248x
2026-09-01 19:26:54 [INFO] [/home/vcdc/disk2t/lead/lead/inference/sensor_agent_bridgedrive.py:270] [SensorAgent] Saved 7 infractions to outputs/local_evaluation/bench2drive_111/infractions.json
=== [Agent] -- Wallclock = 2026-09-01 19:26:54.964 -- System time = 72.741 -- Game time = 18.050 -- Ratio = 0.248x
2026-09-01 19:26:55 [INFO] [/home/vcdc/disk2t/lead/lead/inference/sensor_agent_bridgedrive.py:270] [SensorAgent] Saved 7 infractions to outputs/local_evaluation/bench2drive_111/infractions.json
=== [Agent] -- Wallclock = 2026-09-01 19:26:55.217 -- System time = 72.993 -- Game time = 18.100 -- Ratio = 0.248x
2026-09-01 19:26:55 [INFO] [/home/vcdc/disk2t/lead/lead/inference/sensor_agent_bridgedrive.py:270] [SensorAgent] Saved 7 infractions to outputs/local_evaluation/bench2drive_111/infractions.json
=== [Agent] -- Wallclock = 2026-09-01 19:26:55.387 -- System time = 73.163 -- Game time = 18.150 -- Ratio = 0.248x
2026-09-01 19:26:55 [INFO] [/home/vcdc/disk2t/lead/lead/inference/sensor_agent_bridgedrive.py:270] [SensorAgent] Saved 7 infractions to outputs/local_evaluation/bench2drive_111/infractions.json
=== [Agent] -- Wallclock = 2026-09-01 19:26:55.638 -- System time = 73.415 -- Game time = 18.200 -- Ratio = 0.248x
2026-09-01 19:26:55 [INFO] [/home/vcdc/disk2t/lead/lead/inference/sensor_agent_bridgedrive.py:270] [SensorAgent] Saved 7 infractions to outputs/local_evaluation/bench2drive_111/infractions.json
=== [Agent] -- Wallclock = 2026-09-01 19:26:55.795 -- System time = 73.571 -- Game time = 18.250 -- Ratio = 0.248x
2026-09-01 19:26:55 [INFO] [/home/vcdc/disk2t/lead/lead/inference/sensor_agent_bridgedrive.py:270] [SensorAgent] Saved 7 infractions to outputs/local_evaluation/bench2drive_111/infractions.json
=== [Agent] -- Wallclock = 2026-09-01 19:26:56.025 -- System time = 73.801 -- Game time = 18.300 -- Ratio = 0.248x
2026-09-01 19:26:56 [INFO] [/home/vcdc/disk2t/lead/lead/inference/sensor_agent_bridgedrive.py:270] [SensorAgent] Saved 7 infractions to outputs/local_evaluation/bench2drive_111/infractions.json
=== [Agent] -- Wallclock = 2026-09-01 19:26:56.186 -- System time = 73.963 -- Game time = 18.350 -- Ratio = 0.248x
2026-09-01 19:26:56 [INFO] [/home/vcdc/disk2t/lead/lead/inference/sensor_agent_bridgedrive.py:270] [SensorAgent] Saved 7 infractions to outputs/local_evaluation/bench2drive_111/infractions.json
=== [Agent] -- Wallclock = 2026-09-01 19:26:56.423 -- System time = 74.200 -- Game time = 18.400 -- Ratio = 0.248x
2026-09-01 19:26:56 [INFO] [/home/vcdc/disk2t/lead/lead/inference/sensor_agent_bridgedrive.py:270] [SensorAgent] Saved 7 infractions to outputs/local_evaluation/bench2drive_111/infractions.json
=== [Agent] -- Wallclock = 2026-09-01 19:26:56.587 -- System time = 74.363 -- Game time = 18.450 -- Ratio = 0.248x
2026-09-01 19:26:56 [INFO] [/home/vcdc/disk2t/lead/lead/inference/sensor_agent_bridgedrive.py:270] [SensorAgent] Saved 7 infractions to outputs/local_evaluation/bench2drive_111/infractions.json
=== [Agent] -- Wallclock = 2026-09-01 19:26:56.819 -- System time = 74.595 -- Game time = 18.500 -- Ratio = 0.248x
2026-09-01 19:26:56 [INFO] [/home/vcdc/disk2t/lead/lead/inference/sensor_agent_bridgedrive.py:270] [SensorAgent] Saved 7 infractions to outputs/local_evaluation/bench2drive_111/infractions.json
=== [Agent] -- Wallclock = 2026-09-01 19:26:56.980 -- System time = 74.756 -- Game time = 18.550 -- Ratio = 0.248x
2026-09-01 19:26:57 [INFO] [/home/vcdc/disk2t/lead/lead/inference/sensor_agent_bridgedrive.py:270] [SensorAgent] Saved 7 infractions to outputs/local_evaluation/bench2drive_111/infractions.json
=== [Agent] -- Wallclock = 2026-09-01 19:26:57.209 -- System time = 74.985 -- Game time = 18.600 -- Ratio = 0.248x
2026-09-01 19:26:57 [INFO] [/home/vcdc/disk2t/lead/lead/inference/sensor_agent_bridgedrive.py:270] [SensorAgent] Saved 7 infractions to outputs/local_evaluation/bench2drive_111/infractions.json
=== [Agent] -- Wallclock = 2026-09-01 19:26:57.370 -- System time = 75.146 -- Game time = 18.650 -- Ratio = 0.248x
2026-09-01 19:26:57 [INFO] [/home/vcdc/disk2t/lead/lead/inference/sensor_agent_bridgedrive.py:270] [SensorAgent] Saved 7 infractions to outputs/local_evaluation/bench2drive_111/infractions.json
=== [Agent] -- Wallclock = 2026-09-01 19:26:57.613 -- System time = 75.390 -- Game time = 18.700 -- Ratio = 0.248x
2026-09-01 19:26:57 [INFO] [/home/vcdc/disk2t/lead/lead/inference/sensor_agent_bridgedrive.py:270] [SensorAgent] Saved 7 infractions to outputs/local_evaluation/bench2drive_111/infractions.json
=== [Agent] -- Wallclock = 2026-09-01 19:26:57.773 -- System time = 75.549 -- Game time = 18.750 -- Ratio = 0.248x
2026-09-01 19:26:57 [INFO] [/home/vcdc/disk2t/lead/lead/inference/sensor_agent_bridgedrive.py:270] [SensorAgent] Saved 7 infractions to outputs/local_evaluation/bench2drive_111/infractions.json
=== [Agent] -- Wallclock = 2026-09-01 19:26:58.003 -- System time = 75.780 -- Game time = 18.800 -- Ratio = 0.248x
2026-09-01 19:26:58 [INFO] [/home/vcdc/disk2t/lead/lead/inference/sensor_agent_bridgedrive.py:270] [SensorAgent] Saved 7 infractions to outputs/local_evaluation/bench2drive_111/infractions.json
=== [Agent] -- Wallclock = 2026-09-01 19:26:58.157 -- System time = 75.933 -- Game time = 18.850 -- Ratio = 0.248x
2026-09-01 19:26:58 [INFO] [/home/vcdc/disk2t/lead/lead/inference/sensor_agent_bridgedrive.py:270] [SensorAgent] Saved 7 infractions to outputs/local_evaluation/bench2drive_111/infractions.json
=== [Agent] -- Wallclock = 2026-09-01 19:26:58.393 -- System time = 76.169 -- Game time = 18.900 -- Ratio = 0.248x
2026-09-01 19:26:58 [INFO] [/home/vcdc/disk2t/lead/lead/inference/sensor_agent_bridgedrive.py:270] [SensorAgent] Saved 7 infractions to outputs/local_evaluation/bench2drive_111/infractions.json
=== [Agent] -- Wallclock = 2026-09-01 19:26:58.566 -- System time = 76.343 -- Game time = 18.950 -- Ratio = 0.248x
2026-09-01 19:26:58 [INFO] [/home/vcdc/disk2t/lead/lead/inference/sensor_agent_bridgedrive.py:270] [SensorAgent] Saved 7 infractions to outputs/local_evaluation/bench2drive_111/infractions.json
=== [Agent] -- Wallclock = 2026-09-01 19:26:58.800 -- System time = 76.576 -- Game time = 19.000 -- Ratio = 0.248x
2026-09-01 19:26:58 [INFO] [/home/vcdc/disk2t/lead/lead/inference/sensor_agent_bridgedrive.py:270] [SensorAgent] Saved 7 infractions to outputs/local_evaluation/bench2drive_111/infractions.json
=== [Agent] -- Wallclock = 2026-09-01 19:26:58.991 -- System time = 76.767 -- Game time = 19.050 -- Ratio = 0.248x
2026-09-01 19:26:59 [INFO] [/home/vcdc/disk2t/lead/lead/inference/sensor_agent_bridgedrive.py:270] [SensorAgent] Saved 7 infractions to outputs/local_evaluation/bench2drive_111/infractions.json
=== [Agent] -- Wallclock = 2026-09-01 19:26:59.217 -- System time = 76.994 -- Game time = 19.100 -- Ratio = 0.248x
2026-09-01 19:26:59 [INFO] [/home/vcdc/disk2t/lead/lead/inference/sensor_agent_bridgedrive.py:270] [SensorAgent] Saved 7 infractions to outputs/local_evaluation/bench2drive_111/infractions.json
=== [Agent] -- Wallclock = 2026-09-01 19:26:59.413 -- System time = 77.189 -- Game time = 19.150 -- Ratio = 0.248x
2026-09-01 19:26:59 [INFO] [/home/vcdc/disk2t/lead/lead/inference/sensor_agent_bridgedrive.py:270] [SensorAgent] Saved 7 infractions to outputs/local_evaluation/bench2drive_111/infractions.json
=== [Agent] -- Wallclock = 2026-09-01 19:26:59.639 -- System time = 77.415 -- Game time = 19.200 -- Ratio = 0.248x
2026-09-01 19:26:59 [INFO] [/home/vcdc/disk2t/lead/lead/inference/sensor_agent_bridgedrive.py:270] [SensorAgent] Saved 7 infractions to outputs/local_evaluation/bench2drive_111/infractions.json
=== [Agent] -- Wallclock = 2026-09-01 19:26:59.807 -- System time = 77.583 -- Game time = 19.250 -- Ratio = 0.248x
2026-09-01 19:26:59 [INFO] [/home/vcdc/disk2t/lead/lead/inference/sensor_agent_bridgedrive.py:270] [SensorAgent] Saved 7 infractions to outputs/local_evaluation/bench2drive_111/infractions.json
=== [Agent] -- Wallclock = 2026-09-01 19:27:00.050 -- System time = 77.826 -- Game time = 19.300 -- Ratio = 0.248x
2026-09-01 19:27:00 [INFO] [/home/vcdc/disk2t/lead/lead/inference/sensor_agent_bridgedrive.py:270] [SensorAgent] Saved 7 infractions to outputs/local_evaluation/bench2drive_111/infractions.json
=== [Agent] -- Wallclock = 2026-09-01 19:27:00.221 -- System time = 77.997 -- Game time = 19.350 -- Ratio = 0.248x
2026-09-01 19:27:00 [INFO] [/home/vcdc/disk2t/lead/lead/inference/sensor_agent_bridgedrive.py:270] [SensorAgent] Saved 7 infractions to outputs/local_evaluation/bench2drive_111/infractions.json
=== [Agent] -- Wallclock = 2026-09-01 19:27:00.467 -- System time = 78.244 -- Game time = 19.400 -- Ratio = 0.248x
2026-09-01 19:27:00 [INFO] [/home/vcdc/disk2t/lead/lead/inference/sensor_agent_bridgedrive.py:270] [SensorAgent] Saved 7 infractions to outputs/local_evaluation/bench2drive_111/infractions.json
=== [Agent] -- Wallclock = 2026-09-01 19:27:00.647 -- System time = 78.423 -- Game time = 19.450 -- Ratio = 0.248x
2026-09-01 19:27:00 [INFO] [/home/vcdc/disk2t/lead/lead/inference/sensor_agent_bridgedrive.py:270] [SensorAgent] Saved 7 infractions to outputs/local_evaluation/bench2drive_111/infractions.json
=== [Agent] -- Wallclock = 2026-09-01 19:27:00.873 -- System time = 78.649 -- Game time = 19.500 -- Ratio = 0.248x
2026-09-01 19:27:01 [INFO] [/home/vcdc/disk2t/lead/lead/inference/sensor_agent_bridgedrive.py:270] [SensorAgent] Saved 7 infractions to outputs/local_evaluation/bench2drive_111/infractions.json
=== [Agent] -- Wallclock = 2026-09-01 19:27:01.046 -- System time = 78.822 -- Game time = 19.550 -- Ratio = 0.248x
2026-09-01 19:27:01 [INFO] [/home/vcdc/disk2t/lead/lead/inference/sensor_agent_bridgedrive.py:270] [SensorAgent] Saved 7 infractions to outputs/local_evaluation/bench2drive_111/infractions.json
=== [Agent] -- Wallclock = 2026-09-01 19:27:01.300 -- System time = 79.076 -- Game time = 19.600 -- Ratio = 0.248x
2026-09-01 19:27:01 [INFO] [/home/vcdc/disk2t/lead/lead/inference/sensor_agent_bridgedrive.py:270] [SensorAgent] Saved 7 infractions to outputs/local_evaluation/bench2drive_111/infractions.json
=== [Agent] -- Wallclock = 2026-09-01 19:27:01.469 -- System time = 79.245 -- Game time = 19.650 -- Ratio = 0.248x
2026-09-01 19:27:01 [INFO] [/home/vcdc/disk2t/lead/lead/inference/sensor_agent_bridgedrive.py:270] [SensorAgent] Saved 7 infractions to outputs/local_evaluation/bench2drive_111/infractions.json
=== [Agent] -- Wallclock = 2026-09-01 19:27:01.701 -- System time = 79.477 -- Game time = 19.700 -- Ratio = 0.248x
2026-09-01 19:27:01 [INFO] [/home/vcdc/disk2t/lead/lead/inference/sensor_agent_bridgedrive.py:270] [SensorAgent] Saved 7 infractions to outputs/local_evaluation/bench2drive_111/infractions.json
=== [Agent] -- Wallclock = 2026-09-01 19:27:01.864 -- System time = 79.640 -- Game time = 19.750 -- Ratio = 0.248x
2026-09-01 19:27:02 [INFO] [/home/vcdc/disk2t/lead/lead/inference/sensor_agent_bridgedrive.py:270] [SensorAgent] Saved 7 infractions to outputs/local_evaluation/bench2drive_111/infractions.json
=== [Agent] -- Wallclock = 2026-09-01 19:27:02.138 -- System time = 79.915 -- Game time = 19.800 -- Ratio = 0.248x
2026-09-01 19:27:02 [INFO] [/home/vcdc/disk2t/lead/lead/inference/sensor_agent_bridgedrive.py:270] [SensorAgent] Saved 7 infractions to outputs/local_evaluation/bench2drive_111/infractions.json
=== [Agent] -- Wallclock = 2026-09-01 19:27:02.306 -- System time = 80.082 -- Game time = 19.850 -- Ratio = 0.248x
2026-09-01 19:27:02 [INFO] [/home/vcdc/disk2t/lead/lead/inference/sensor_agent_bridgedrive.py:270] [SensorAgent] Saved 7 infractions to outputs/local_evaluation/bench2drive_111/infractions.json
=== [Agent] -- Wallclock = 2026-09-01 19:27:02.531 -- System time = 80.307 -- Game time = 19.900 -- Ratio = 0.248x
2026-09-01 19:27:02 [INFO] [/home/vcdc/disk2t/lead/lead/inference/sensor_agent_bridgedrive.py:270] [SensorAgent] Saved 7 infractions to outputs/local_evaluation/bench2drive_111/infractions.json
=== [Agent] -- Wallclock = 2026-09-01 19:27:02.688 -- System time = 80.464 -- Game time = 19.950 -- Ratio = 0.248x
2026-09-01 19:27:02 [INFO] [/home/vcdc/disk2t/lead/lead/inference/sensor_agent_bridgedrive.py:270] [SensorAgent] Saved 7 infractions to outputs/local_evaluation/bench2drive_111/infractions.json
=== [Agent] -- Wallclock = 2026-09-01 19:27:02.919 -- System time = 80.695 -- Game time = 20.000 -- Ratio = 0.248x
2026-09-01 19:27:03 [INFO] [/home/vcdc/disk2t/lead/lead/inference/sensor_agent_bridgedrive.py:270] [SensorAgent] Saved 7 infractions to outputs/local_evaluation/bench2drive_111/infractions.json
=== [Agent] -- Wallclock = 2026-09-01 19:27:03.088 -- System time = 80.864 -- Game time = 20.050 -- Ratio = 0.248x
2026-09-01 19:27:03 [INFO] [/home/vcdc/disk2t/lead/lead/inference/sensor_agent_bridgedrive.py:270] [SensorAgent] Saved 7 infractions to outputs/local_evaluation/bench2drive_111/infractions.json
=== [Agent] -- Wallclock = 2026-09-01 19:27:03.323 -- System time = 81.099 -- Game time = 20.100 -- Ratio = 0.248x
2026-09-01 19:27:03 [INFO] [/home/vcdc/disk2t/lead/lead/inference/sensor_agent_bridgedrive.py:270] [SensorAgent] Saved 7 infractions to outputs/local_evaluation/bench2drive_111/infractions.json
=== [Agent] -- Wallclock = 2026-09-01 19:27:03.490 -- System time = 81.266 -- Game time = 20.150 -- Ratio = 0.248x
2026-09-01 19:27:03 [INFO] [/home/vcdc/disk2t/lead/lead/inference/sensor_agent_bridgedrive.py:270] [SensorAgent] Saved 7 infractions to outputs/local_evaluation/bench2drive_111/infractions.json
=== [Agent] -- Wallclock = 2026-09-01 19:27:03.713 -- System time = 81.489 -- Game time = 20.200 -- Ratio = 0.248x
2026-09-01 19:27:03 [INFO] [/home/vcdc/disk2t/lead/lead/inference/sensor_agent_bridgedrive.py:270] [SensorAgent] Saved 7 infractions to outputs/local_evaluation/bench2drive_111/infractions.json
=== [Agent] -- Wallclock = 2026-09-01 19:27:03.889 -- System time = 81.666 -- Game time = 20.250 -- Ratio = 0.248x
2026-09-01 19:27:04 [INFO] [/home/vcdc/disk2t/lead/lead/inference/sensor_agent_bridgedrive.py:270] [SensorAgent] Saved 7 infractions to outputs/local_evaluation/bench2drive_111/infractions.json
=== [Agent] -- Wallclock = 2026-09-01 19:27:04.125 -- System time = 81.901 -- Game time = 20.300 -- Ratio = 0.248x
2026-09-01 19:27:04 [INFO] [/home/vcdc/disk2t/lead/lead/inference/sensor_agent_bridgedrive.py:270] [SensorAgent] Saved 7 infractions to outputs/local_evaluation/bench2drive_111/infractions.json
=== [Agent] -- Wallclock = 2026-09-01 19:27:04.290 -- System time = 82.066 -- Game time = 20.350 -- Ratio = 0.248x
2026-09-01 19:27:04 [INFO] [/home/vcdc/disk2t/lead/lead/inference/sensor_agent_bridgedrive.py:270] [SensorAgent] Saved 7 infractions to outputs/local_evaluation/bench2drive_111/infractions.json
=== [Agent] -- Wallclock = 2026-09-01 19:27:04.531 -- System time = 82.307 -- Game time = 20.400 -- Ratio = 0.248x
2026-09-01 19:27:04 [INFO] [/home/vcdc/disk2t/lead/lead/inference/sensor_agent_bridgedrive.py:270] [SensorAgent] Saved 7 infractions to outputs/local_evaluation/bench2drive_111/infractions.json
=== [Agent] -- Wallclock = 2026-09-01 19:27:04.689 -- System time = 82.466 -- Game time = 20.450 -- Ratio = 0.248x
2026-09-01 19:27:04 [INFO] [/home/vcdc/disk2t/lead/lead/inference/sensor_agent_bridgedrive.py:270] [SensorAgent] Saved 7 infractions to outputs/local_evaluation/bench2drive_111/infractions.json
=== [Agent] -- Wallclock = 2026-09-01 19:27:04.919 -- System time = 82.695 -- Game time = 20.500 -- Ratio = 0.248x
2026-09-01 19:27:05 [INFO] [/home/vcdc/disk2t/lead/lead/inference/sensor_agent_bridgedrive.py:270] [SensorAgent] Saved 7 infractions to outputs/local_evaluation/bench2drive_111/infractions.json
=== [Agent] -- Wallclock = 2026-09-01 19:27:05.073 -- System time = 82.849 -- Game time = 20.550 -- Ratio = 0.248x
2026-09-01 19:27:05 [INFO] [/home/vcdc/disk2t/lead/lead/inference/sensor_agent_bridgedrive.py:270] [SensorAgent] Saved 7 infractions to outputs/local_evaluation/bench2drive_111/infractions.json
=== [Agent] -- Wallclock = 2026-09-01 19:27:05.302 -- System time = 83.078 -- Game time = 20.600 -- Ratio = 0.248x
2026-09-01 19:27:05 [INFO] [/home/vcdc/disk2t/lead/lead/inference/sensor_agent_bridgedrive.py:270] [SensorAgent] Saved 7 infractions to outputs/local_evaluation/bench2drive_111/infractions.json
=== [Agent] -- Wallclock = 2026-09-01 19:27:05.467 -- System time = 83.244 -- Game time = 20.650 -- Ratio = 0.248x
2026-09-01 19:27:05 [INFO] [/home/vcdc/disk2t/lead/lead/inference/sensor_agent_bridgedrive.py:270] [SensorAgent] Saved 7 infractions to outputs/local_evaluation/bench2drive_111/infractions.json
=== [Agent] -- Wallclock = 2026-09-01 19:27:05.701 -- System time = 83.478 -- Game time = 20.700 -- Ratio = 0.248x
2026-09-01 19:27:05 [INFO] [/home/vcdc/disk2t/lead/lead/inference/sensor_agent_bridgedrive.py:270] [SensorAgent] Saved 7 infractions to outputs/local_evaluation/bench2drive_111/infractions.json
=== [Agent] -- Wallclock = 2026-09-01 19:27:05.861 -- System time = 83.637 -- Game time = 20.750 -- Ratio = 0.248x
2026-09-01 19:27:06 [INFO] [/home/vcdc/disk2t/lead/lead/inference/sensor_agent_bridgedrive.py:270] [SensorAgent] Saved 7 infractions to outputs/local_evaluation/bench2drive_111/infractions.json
=== [Agent] -- Wallclock = 2026-09-01 19:27:06.090 -- System time = 83.866 -- Game time = 20.800 -- Ratio = 0.248x
2026-09-01 19:27:06 [INFO] [/home/vcdc/disk2t/lead/lead/inference/sensor_agent_bridgedrive.py:270] [SensorAgent] Saved 7 infractions to outputs/local_evaluation/bench2drive_111/infractions.json
=== [Agent] -- Wallclock = 2026-09-01 19:27:06.256 -- System time = 84.033 -- Game time = 20.850 -- Ratio = 0.248x
2026-09-01 19:27:06 [INFO] [/home/vcdc/disk2t/lead/lead/inference/sensor_agent_bridgedrive.py:270] [SensorAgent] Saved 7 infractions to outputs/local_evaluation/bench2drive_111/infractions.json
=== [Agent] -- Wallclock = 2026-09-01 19:27:06.499 -- System time = 84.275 -- Game time = 20.900 -- Ratio = 0.248x
2026-09-01 19:27:06 [INFO] [/home/vcdc/disk2t/lead/lead/inference/sensor_agent_bridgedrive.py:270] [SensorAgent] Saved 7 infractions to outputs/local_evaluation/bench2drive_111/infractions.json
=== [Agent] -- Wallclock = 2026-09-01 19:27:06.664 -- System time = 84.440 -- Game time = 20.950 -- Ratio = 0.248x
2026-09-01 19:27:06 [INFO] [/home/vcdc/disk2t/lead/lead/inference/sensor_agent_bridgedrive.py:270] [SensorAgent] Saved 7 infractions to outputs/local_evaluation/bench2drive_111/infractions.json
=== [Agent] -- Wallclock = 2026-09-01 19:27:06.896 -- System time = 84.673 -- Game time = 21.000 -- Ratio = 0.248x
2026-09-01 19:27:07 [INFO] [/home/vcdc/disk2t/lead/lead/inference/sensor_agent_bridgedrive.py:270] [SensorAgent] Saved 7 infractions to outputs/local_evaluation/bench2drive_111/infractions.json
=== [Agent] -- Wallclock = 2026-09-01 19:27:07.057 -- System time = 84.833 -- Game time = 21.050 -- Ratio = 0.248x
2026-09-01 19:27:07 [INFO] [/home/vcdc/disk2t/lead/lead/inference/sensor_agent_bridgedrive.py:270] [SensorAgent] Saved 7 infractions to outputs/local_evaluation/bench2drive_111/infractions.json
=== [Agent] -- Wallclock = 2026-09-01 19:27:07.301 -- System time = 85.077 -- Game time = 21.100 -- Ratio = 0.248x
2026-09-01 19:27:07 [INFO] [/home/vcdc/disk2t/lead/lead/inference/sensor_agent_bridgedrive.py:270] [SensorAgent] Saved 7 infractions to outputs/local_evaluation/bench2drive_111/infractions.json
=== [Agent] -- Wallclock = 2026-09-01 19:27:07.465 -- System time = 85.241 -- Game time = 21.150 -- Ratio = 0.248x
2026-09-01 19:27:07 [INFO] [/home/vcdc/disk2t/lead/lead/inference/sensor_agent_bridgedrive.py:270] [SensorAgent] Saved 7 infractions to outputs/local_evaluation/bench2drive_111/infractions.json
=== [Agent] -- Wallclock = 2026-09-01 19:27:07.702 -- System time = 85.478 -- Game time = 21.200 -- Ratio = 0.248x
2026-09-01 19:27:07 [INFO] [/home/vcdc/disk2t/lead/lead/inference/sensor_agent_bridgedrive.py:270] [SensorAgent] Saved 7 infractions to outputs/local_evaluation/bench2drive_111/infractions.json
=== [Agent] -- Wallclock = 2026-09-01 19:27:07.886 -- System time = 85.662 -- Game time = 21.250 -- Ratio = 0.248x
2026-09-01 19:27:08 [INFO] [/home/vcdc/disk2t/lead/lead/inference/sensor_agent_bridgedrive.py:270] [SensorAgent] Saved 7 infractions to outputs/local_evaluation/bench2drive_111/infractions.json
=== [Agent] -- Wallclock = 2026-09-01 19:27:08.124 -- System time = 85.900 -- Game time = 21.300 -- Ratio = 0.248x
2026-09-01 19:27:08 [INFO] [/home/vcdc/disk2t/lead/lead/inference/sensor_agent_bridgedrive.py:270] [SensorAgent] Saved 7 infractions to outputs/local_evaluation/bench2drive_111/infractions.json
=== [Agent] -- Wallclock = 2026-09-01 19:27:08.299 -- System time = 86.075 -- Game time = 21.350 -- Ratio = 0.248x
2026-09-01 19:27:08 [INFO] [/home/vcdc/disk2t/lead/lead/inference/sensor_agent_bridgedrive.py:270] [SensorAgent] Saved 7 infractions to outputs/local_evaluation/bench2drive_111/infractions.json
=== [Agent] -- Wallclock = 2026-09-01 19:27:08.554 -- System time = 86.330 -- Game time = 21.400 -- Ratio = 0.248x
2026-09-01 19:27:08 [INFO] [/home/vcdc/disk2t/lead/lead/inference/sensor_agent_bridgedrive.py:270] [SensorAgent] Saved 7 infractions to outputs/local_evaluation/bench2drive_111/infractions.json
=== [Agent] -- Wallclock = 2026-09-01 19:27:08.731 -- System time = 86.507 -- Game time = 21.450 -- Ratio = 0.248x
2026-09-01 19:27:08 [INFO] [/home/vcdc/disk2t/lead/lead/inference/sensor_agent_bridgedrive.py:270] [SensorAgent] Saved 7 infractions to outputs/local_evaluation/bench2drive_111/infractions.json
=== [Agent] -- Wallclock = 2026-09-01 19:27:08.959 -- System time = 86.735 -- Game time = 21.500 -- Ratio = 0.248x
2026-09-01 19:27:09 [INFO] [/home/vcdc/disk2t/lead/lead/inference/sensor_agent_bridgedrive.py:270] [SensorAgent] Saved 7 infractions to outputs/local_evaluation/bench2drive_111/infractions.json
=== [Agent] -- Wallclock = 2026-09-01 19:27:09.123 -- System time = 86.899 -- Game time = 21.550 -- Ratio = 0.248x
2026-09-01 19:27:09 [INFO] [/home/vcdc/disk2t/lead/lead/inference/sensor_agent_bridgedrive.py:270] [SensorAgent] Saved 7 infractions to outputs/local_evaluation/bench2drive_111/infractions.json
=== [Agent] -- Wallclock = 2026-09-01 19:27:09.372 -- System time = 87.148 -- Game time = 21.600 -- Ratio = 0.248x
2026-09-01 19:27:09 [INFO] [/home/vcdc/disk2t/lead/lead/inference/sensor_agent_bridgedrive.py:270] [SensorAgent] Saved 7 infractions to outputs/local_evaluation/bench2drive_111/infractions.json
=== [Agent] -- Wallclock = 2026-09-01 19:27:09.535 -- System time = 87.311 -- Game time = 21.650 -- Ratio = 0.248x
2026-09-01 19:27:09 [INFO] [/home/vcdc/disk2t/lead/lead/inference/sensor_agent_bridgedrive.py:270] [SensorAgent] Saved 7 infractions to outputs/local_evaluation/bench2drive_111/infractions.json
=== [Agent] -- Wallclock = 2026-09-01 19:27:09.768 -- System time = 87.544 -- Game time = 21.700 -- Ratio = 0.248x
2026-09-01 19:27:09 [INFO] [/home/vcdc/disk2t/lead/lead/inference/sensor_agent_bridgedrive.py:270] [SensorAgent] Saved 7 infractions to outputs/local_evaluation/bench2drive_111/infractions.json
=== [Agent] -- Wallclock = 2026-09-01 19:27:09.927 -- System time = 87.704 -- Game time = 21.750 -- Ratio = 0.248x
2026-09-01 19:27:10 [INFO] [/home/vcdc/disk2t/lead/lead/inference/sensor_agent_bridgedrive.py:270] [SensorAgent] Saved 7 infractions to outputs/local_evaluation/bench2drive_111/infractions.json
=== [Agent] -- Wallclock = 2026-09-01 19:27:10.153 -- System time = 87.929 -- Game time = 21.800 -- Ratio = 0.248x
2026-09-01 19:27:10 [INFO] [/home/vcdc/disk2t/lead/lead/inference/sensor_agent_bridgedrive.py:270] [SensorAgent] Saved 7 infractions to outputs/local_evaluation/bench2drive_111/infractions.json
=== [Agent] -- Wallclock = 2026-09-01 19:27:10.313 -- System time = 88.089 -- Game time = 21.850 -- Ratio = 0.248x
2026-09-01 19:27:10 [INFO] [/home/vcdc/disk2t/lead/lead/inference/sensor_agent_bridgedrive.py:270] [SensorAgent] Saved 7 infractions to outputs/local_evaluation/bench2drive_111/infractions.json
=== [Agent] -- Wallclock = 2026-09-01 19:27:10.544 -- System time = 88.320 -- Game time = 21.900 -- Ratio = 0.248x
2026-09-01 19:27:10 [INFO] [/home/vcdc/disk2t/lead/lead/inference/sensor_agent_bridgedrive.py:270] [SensorAgent] Saved 7 infractions to outputs/local_evaluation/bench2drive_111/infractions.json
=== [Agent] -- Wallclock = 2026-09-01 19:27:10.712 -- System time = 88.488 -- Game time = 21.950 -- Ratio = 0.248x
2026-09-01 19:27:10 [INFO] [/home/vcdc/disk2t/lead/lead/inference/sensor_agent_bridgedrive.py:270] [SensorAgent] Saved 7 infractions to outputs/local_evaluation/bench2drive_111/infractions.json
=== [Agent] -- Wallclock = 2026-09-01 19:27:10.936 -- System time = 88.713 -- Game time = 22.000 -- Ratio = 0.248x
2026-09-01 19:27:11 [INFO] [/home/vcdc/disk2t/lead/lead/inference/sensor_agent_bridgedrive.py:270] [SensorAgent] Saved 7 infractions to outputs/local_evaluation/bench2drive_111/infractions.json
=== [Agent] -- Wallclock = 2026-09-01 19:27:11.096 -- System time = 88.872 -- Game time = 22.050 -- Ratio = 0.248x
2026-09-01 19:27:11 [INFO] [/home/vcdc/disk2t/lead/lead/inference/sensor_agent_bridgedrive.py:270] [SensorAgent] Saved 7 infractions to outputs/local_evaluation/bench2drive_111/infractions.json
=== [Agent] -- Wallclock = 2026-09-01 19:27:11.360 -- System time = 89.136 -- Game time = 22.100 -- Ratio = 0.248x
2026-09-01 19:27:11 [INFO] [/home/vcdc/disk2t/lead/lead/inference/sensor_agent_bridgedrive.py:270] [SensorAgent] Saved 7 infractions to outputs/local_evaluation/bench2drive_111/infractions.json
=== [Agent] -- Wallclock = 2026-09-01 19:27:11.525 -- System time = 89.301 -- Game time = 22.150 -- Ratio = 0.248x
2026-09-01 19:27:11 [INFO] [/home/vcdc/disk2t/lead/lead/inference/sensor_agent_bridgedrive.py:270] [SensorAgent] Saved 7 infractions to outputs/local_evaluation/bench2drive_111/infractions.json
=== [Agent] -- Wallclock = 2026-09-01 19:27:11.752 -- System time = 89.529 -- Game time = 22.200 -- Ratio = 0.248x
2026-09-01 19:27:11 [INFO] [/home/vcdc/disk2t/lead/lead/inference/sensor_agent_bridgedrive.py:270] [SensorAgent] Saved 7 infractions to outputs/local_evaluation/bench2drive_111/infractions.json
=== [Agent] -- Wallclock = 2026-09-01 19:27:11.918 -- System time = 89.694 -- Game time = 22.250 -- Ratio = 0.248x
2026-09-01 19:27:12 [INFO] [/home/vcdc/disk2t/lead/lead/inference/sensor_agent_bridgedrive.py:270] [SensorAgent] Saved 7 infractions to outputs/local_evaluation/bench2drive_111/infractions.json
=== [Agent] -- Wallclock = 2026-09-01 19:27:12.153 -- System time = 89.929 -- Game time = 22.300 -- Ratio = 0.248x
2026-09-01 19:27:12 [INFO] [/home/vcdc/disk2t/lead/lead/inference/sensor_agent_bridgedrive.py:270] [SensorAgent] Saved 7 infractions to outputs/local_evaluation/bench2drive_111/infractions.json
=== [Agent] -- Wallclock = 2026-09-01 19:27:12.317 -- System time = 90.093 -- Game time = 22.350 -- Ratio = 0.248x
2026-09-01 19:27:12 [INFO] [/home/vcdc/disk2t/lead/lead/inference/sensor_agent_bridgedrive.py:270] [SensorAgent] Saved 7 infractions to outputs/local_evaluation/bench2drive_111/infractions.json
=== [Agent] -- Wallclock = 2026-09-01 19:27:12.545 -- System time = 90.321 -- Game time = 22.400 -- Ratio = 0.248x
2026-09-01 19:27:12 [INFO] [/home/vcdc/disk2t/lead/lead/inference/sensor_agent_bridgedrive.py:270] [SensorAgent] Saved 7 infractions to outputs/local_evaluation/bench2drive_111/infractions.json
=== [Agent] -- Wallclock = 2026-09-01 19:27:12.726 -- System time = 90.502 -- Game time = 22.450 -- Ratio = 0.248x
2026-09-01 19:27:12 [INFO] [/home/vcdc/disk2t/lead/lead/inference/sensor_agent_bridgedrive.py:270] [SensorAgent] Saved 7 infractions to outputs/local_evaluation/bench2drive_111/infractions.json
=== [Agent] -- Wallclock = 2026-09-01 19:27:12.961 -- System time = 90.738 -- Game time = 22.500 -- Ratio = 0.248x
2026-09-01 19:27:13 [INFO] [/home/vcdc/disk2t/lead/lead/inference/sensor_agent_bridgedrive.py:270] [SensorAgent] Saved 7 infractions to outputs/local_evaluation/bench2drive_111/infractions.json
=== [Agent] -- Wallclock = 2026-09-01 19:27:13.122 -- System time = 90.898 -- Game time = 22.550 -- Ratio = 0.248x
2026-09-01 19:27:13 [INFO] [/home/vcdc/disk2t/lead/lead/inference/sensor_agent_bridgedrive.py:270] [SensorAgent] Saved 7 infractions to outputs/local_evaluation/bench2drive_111/infractions.json
=== [Agent] -- Wallclock = 2026-09-01 19:27:13.361 -- System time = 91.137 -- Game time = 22.600 -- Ratio = 0.248x
2026-09-01 19:27:13 [INFO] [/home/vcdc/disk2t/lead/lead/inference/sensor_agent_bridgedrive.py:270] [SensorAgent] Saved 7 infractions to outputs/local_evaluation/bench2drive_111/infractions.json
=== [Agent] -- Wallclock = 2026-09-01 19:27:13.530 -- System time = 91.306 -- Game time = 22.650 -- Ratio = 0.248x
2026-09-01 19:27:13 [INFO] [/home/vcdc/disk2t/lead/lead/inference/sensor_agent_bridgedrive.py:270] [SensorAgent] Saved 7 infractions to outputs/local_evaluation/bench2drive_111/infractions.json
=== [Agent] -- Wallclock = 2026-09-01 19:27:13.788 -- System time = 91.564 -- Game time = 22.700 -- Ratio = 0.248x
2026-09-01 19:27:13 [INFO] [/home/vcdc/disk2t/lead/lead/inference/sensor_agent_bridgedrive.py:270] [SensorAgent] Saved 7 infractions to outputs/local_evaluation/bench2drive_111/infractions.json
=== [Agent] -- Wallclock = 2026-09-01 19:27:13.984 -- System time = 91.760 -- Game time = 22.750 -- Ratio = 0.248x
2026-09-01 19:27:14 [INFO] [/home/vcdc/disk2t/lead/lead/inference/sensor_agent_bridgedrive.py:270] [SensorAgent] Saved 7 infractions to outputs/local_evaluation/bench2drive_111/infractions.json
=== [Agent] -- Wallclock = 2026-09-01 19:27:14.229 -- System time = 92.005 -- Game time = 22.800 -- Ratio = 0.248x
2026-09-01 19:27:14 [INFO] [/home/vcdc/disk2t/lead/lead/inference/sensor_agent_bridgedrive.py:270] [SensorAgent] Saved 7 infractions to outputs/local_evaluation/bench2drive_111/infractions.json
=== [Agent] -- Wallclock = 2026-09-01 19:27:14.405 -- System time = 92.181 -- Game time = 22.850 -- Ratio = 0.248x
2026-09-01 19:27:14 [INFO] [/home/vcdc/disk2t/lead/lead/inference/sensor_agent_bridgedrive.py:270] [SensorAgent] Saved 7 infractions to outputs/local_evaluation/bench2drive_111/infractions.json
=== [Agent] -- Wallclock = 2026-09-01 19:27:14.646 -- System time = 92.423 -- Game time = 22.900 -- Ratio = 0.248x
2026-09-01 19:27:14 [INFO] [/home/vcdc/disk2t/lead/lead/inference/sensor_agent_bridgedrive.py:270] [SensorAgent] Saved 7 infractions to outputs/local_evaluation/bench2drive_111/infractions.json
=== [Agent] -- Wallclock = 2026-09-01 19:27:14.823 -- System time = 92.599 -- Game time = 22.950 -- Ratio = 0.248x
2026-09-01 19:27:14 [INFO] [/home/vcdc/disk2t/lead/lead/inference/sensor_agent_bridgedrive.py:270] [SensorAgent] Saved 7 infractions to outputs/local_evaluation/bench2drive_111/infractions.json
=== [Agent] -- Wallclock = 2026-09-01 19:27:15.057 -- System time = 92.833 -- Game time = 23.000 -- Ratio = 0.248x
2026-09-01 19:27:15 [INFO] [/home/vcdc/disk2t/lead/lead/inference/sensor_agent_bridgedrive.py:270] [SensorAgent] Saved 7 infractions to outputs/local_evaluation/bench2drive_111/infractions.json
=== [Agent] -- Wallclock = 2026-09-01 19:27:15.219 -- System time = 92.995 -- Game time = 23.050 -- Ratio = 0.248x
2026-09-01 19:27:15 [INFO] [/home/vcdc/disk2t/lead/lead/inference/sensor_agent_bridgedrive.py:270] [SensorAgent] Saved 7 infractions to outputs/local_evaluation/bench2drive_111/infractions.json
=== [Agent] -- Wallclock = 2026-09-01 19:27:15.459 -- System time = 93.235 -- Game time = 23.100 -- Ratio = 0.248x
2026-09-01 19:27:15 [INFO] [/home/vcdc/disk2t/lead/lead/inference/sensor_agent_bridgedrive.py:270] [SensorAgent] Saved 7 infractions to outputs/local_evaluation/bench2drive_111/infractions.json
=== [Agent] -- Wallclock = 2026-09-01 19:27:15.628 -- System time = 93.404 -- Game time = 23.150 -- Ratio = 0.248x
2026-09-01 19:27:15 [INFO] [/home/vcdc/disk2t/lead/lead/inference/sensor_agent_bridgedrive.py:270] [SensorAgent] Saved 7 infractions to outputs/local_evaluation/bench2drive_111/infractions.json
=== [Agent] -- Wallclock = 2026-09-01 19:27:15.871 -- System time = 93.647 -- Game time = 23.200 -- Ratio = 0.248x
2026-09-01 19:27:16 [INFO] [/home/vcdc/disk2t/lead/lead/inference/sensor_agent_bridgedrive.py:270] [SensorAgent] Saved 7 infractions to outputs/local_evaluation/bench2drive_111/infractions.json
=== [Agent] -- Wallclock = 2026-09-01 19:27:16.027 -- System time = 93.803 -- Game time = 23.250 -- Ratio = 0.248x
2026-09-01 19:27:16 [INFO] [/home/vcdc/disk2t/lead/lead/inference/sensor_agent_bridgedrive.py:270] [SensorAgent] Saved 7 infractions to outputs/local_evaluation/bench2drive_111/infractions.json
=== [Agent] -- Wallclock = 2026-09-01 19:27:16.267 -- System time = 94.043 -- Game time = 23.300 -- Ratio = 0.248x
2026-09-01 19:27:16 [INFO] [/home/vcdc/disk2t/lead/lead/inference/sensor_agent_bridgedrive.py:270] [SensorAgent] Saved 7 infractions to outputs/local_evaluation/bench2drive_111/infractions.json
=== [Agent] -- Wallclock = 2026-09-01 19:27:16.426 -- System time = 94.203 -- Game time = 23.350 -- Ratio = 0.248x
2026-09-01 19:27:16 [INFO] [/home/vcdc/disk2t/lead/lead/inference/sensor_agent_bridgedrive.py:270] [SensorAgent] Saved 7 infractions to outputs/local_evaluation/bench2drive_111/infractions.json
=== [Agent] -- Wallclock = 2026-09-01 19:27:16.672 -- System time = 94.448 -- Game time = 23.400 -- Ratio = 0.248x
2026-09-01 19:27:16 [INFO] [/home/vcdc/disk2t/lead/lead/inference/sensor_agent_bridgedrive.py:270] [SensorAgent] Saved 7 infractions to outputs/local_evaluation/bench2drive_111/infractions.json
=== [Agent] -- Wallclock = 2026-09-01 19:27:16.847 -- System time = 94.623 -- Game time = 23.450 -- Ratio = 0.248x
2026-09-01 19:27:16 [INFO] [/home/vcdc/disk2t/lead/lead/inference/sensor_agent_bridgedrive.py:270] [SensorAgent] Saved 7 infractions to outputs/local_evaluation/bench2drive_111/infractions.json
=== [Agent] -- Wallclock = 2026-09-01 19:27:17.076 -- System time = 94.852 -- Game time = 23.500 -- Ratio = 0.248x
2026-09-01 19:27:17 [INFO] [/home/vcdc/disk2t/lead/lead/inference/sensor_agent_bridgedrive.py:270] [SensorAgent] Saved 7 infractions to outputs/local_evaluation/bench2drive_111/infractions.json
=== [Agent] -- Wallclock = 2026-09-01 19:27:17.249 -- System time = 95.025 -- Game time = 23.550 -- Ratio = 0.248x
2026-09-01 19:27:17 [INFO] [/home/vcdc/disk2t/lead/lead/inference/sensor_agent_bridgedrive.py:270] [SensorAgent] Saved 7 infractions to outputs/local_evaluation/bench2drive_111/infractions.json
=== [Agent] -- Wallclock = 2026-09-01 19:27:17.486 -- System time = 95.262 -- Game time = 23.600 -- Ratio = 0.248x
2026-09-01 19:27:17 [INFO] [/home/vcdc/disk2t/lead/lead/inference/sensor_agent_bridgedrive.py:270] [SensorAgent] Saved 7 infractions to outputs/local_evaluation/bench2drive_111/infractions.json
=== [Agent] -- Wallclock = 2026-09-01 19:27:17.667 -- System time = 95.443 -- Game time = 23.650 -- Ratio = 0.248x
2026-09-01 19:27:17 [INFO] [/home/vcdc/disk2t/lead/lead/inference/sensor_agent_bridgedrive.py:270] [SensorAgent] Saved 7 infractions to outputs/local_evaluation/bench2drive_111/infractions.json
=== [Agent] -- Wallclock = 2026-09-01 19:27:17.909 -- System time = 95.685 -- Game time = 23.700 -- Ratio = 0.248x
2026-09-01 19:27:18 [INFO] [/home/vcdc/disk2t/lead/lead/inference/sensor_agent_bridgedrive.py:270] [SensorAgent] Saved 7 infractions to outputs/local_evaluation/bench2drive_111/infractions.json
=== [Agent] -- Wallclock = 2026-09-01 19:27:18.068 -- System time = 95.845 -- Game time = 23.750 -- Ratio = 0.248x
2026-09-01 19:27:18 [INFO] [/home/vcdc/disk2t/lead/lead/inference/sensor_agent_bridgedrive.py:270] [SensorAgent] Saved 7 infractions to outputs/local_evaluation/bench2drive_111/infractions.json
=== [Agent] -- Wallclock = 2026-09-01 19:27:18.303 -- System time = 96.079 -- Game time = 23.800 -- Ratio = 0.248x
2026-09-01 19:27:18 [INFO] [/home/vcdc/disk2t/lead/lead/inference/sensor_agent_bridgedrive.py:270] [SensorAgent] Saved 7 infractions to outputs/local_evaluation/bench2drive_111/infractions.json
=== [Agent] -- Wallclock = 2026-09-01 19:27:18.462 -- System time = 96.238 -- Game time = 23.850 -- Ratio = 0.248x
2026-09-01 19:27:18 [INFO] [/home/vcdc/disk2t/lead/lead/inference/sensor_agent_bridgedrive.py:270] [SensorAgent] Saved 7 infractions to outputs/local_evaluation/bench2drive_111/infractions.json
=== [Agent] -- Wallclock = 2026-09-01 19:27:18.707 -- System time = 96.483 -- Game time = 23.900 -- Ratio = 0.248x
2026-09-01 19:27:18 [INFO] [/home/vcdc/disk2t/lead/lead/inference/sensor_agent_bridgedrive.py:270] [SensorAgent] Saved 7 infractions to outputs/local_evaluation/bench2drive_111/infractions.json
=== [Agent] -- Wallclock = 2026-09-01 19:27:18.876 -- System time = 96.652 -- Game time = 23.950 -- Ratio = 0.248x
2026-09-01 19:27:19 [INFO] [/home/vcdc/disk2t/lead/lead/inference/sensor_agent_bridgedrive.py:270] [SensorAgent] Saved 7 infractions to outputs/local_evaluation/bench2drive_111/infractions.json
=== [Agent] -- Wallclock = 2026-09-01 19:27:19.114 -- System time = 96.890 -- Game time = 24.000 -- Ratio = 0.248x
2026-09-01 19:27:19 [INFO] [/home/vcdc/disk2t/lead/lead/inference/sensor_agent_bridgedrive.py:270] [SensorAgent] Saved 7 infractions to outputs/local_evaluation/bench2drive_111/infractions.json
=== [Agent] -- Wallclock = 2026-09-01 19:27:19.282 -- System time = 97.058 -- Game time = 24.050 -- Ratio = 0.248x
2026-09-01 19:27:19 [INFO] [/home/vcdc/disk2t/lead/lead/inference/sensor_agent_bridgedrive.py:270] [SensorAgent] Saved 7 infractions to outputs/local_evaluation/bench2drive_111/infractions.json
=== [Agent] -- Wallclock = 2026-09-01 19:27:19.520 -- System time = 97.296 -- Game time = 24.100 -- Ratio = 0.248x
2026-09-01 19:27:19 [INFO] [/home/vcdc/disk2t/lead/lead/inference/sensor_agent_bridgedrive.py:270] [SensorAgent] Saved 7 infractions to outputs/local_evaluation/bench2drive_111/infractions.json
=== [Agent] -- Wallclock = 2026-09-01 19:27:19.686 -- System time = 97.462 -- Game time = 24.150 -- Ratio = 0.248x
2026-09-01 19:27:19 [INFO] [/home/vcdc/disk2t/lead/lead/inference/sensor_agent_bridgedrive.py:270] [SensorAgent] Saved 7 infractions to outputs/local_evaluation/bench2drive_111/infractions.json
=== [Agent] -- Wallclock = 2026-09-01 19:27:19.917 -- System time = 97.694 -- Game time = 24.200 -- Ratio = 0.248x
2026-09-01 19:27:20 [INFO] [/home/vcdc/disk2t/lead/lead/inference/sensor_agent_bridgedrive.py:270] [SensorAgent] Saved 7 infractions to outputs/local_evaluation/bench2drive_111/infractions.json
=== [Agent] -- Wallclock = 2026-09-01 19:27:20.098 -- System time = 97.874 -- Game time = 24.250 -- Ratio = 0.248x
2026-09-01 19:27:20 [INFO] [/home/vcdc/disk2t/lead/lead/inference/sensor_agent_bridgedrive.py:270] [SensorAgent] Saved 7 infractions to outputs/local_evaluation/bench2drive_111/infractions.json
=== [Agent] -- Wallclock = 2026-09-01 19:27:20.343 -- System time = 98.120 -- Game time = 24.300 -- Ratio = 0.248x
2026-09-01 19:27:20 [INFO] [/home/vcdc/disk2t/lead/lead/inference/sensor_agent_bridgedrive.py:270] [SensorAgent] Saved 7 infractions to outputs/local_evaluation/bench2drive_111/infractions.json
=== [Agent] -- Wallclock = 2026-09-01 19:27:20.510 -- System time = 98.286 -- Game time = 24.350 -- Ratio = 0.248x
2026-09-01 19:27:20 [INFO] [/home/vcdc/disk2t/lead/lead/inference/sensor_agent_bridgedrive.py:270] [SensorAgent] Saved 7 infractions to outputs/local_evaluation/bench2drive_111/infractions.json
=== [Agent] -- Wallclock = 2026-09-01 19:27:20.755 -- System time = 98.531 -- Game time = 24.400 -- Ratio = 0.248x
2026-09-01 19:27:20 [INFO] [/home/vcdc/disk2t/lead/lead/inference/sensor_agent_bridgedrive.py:270] [SensorAgent] Saved 7 infractions to outputs/local_evaluation/bench2drive_111/infractions.json
=== [Agent] -- Wallclock = 2026-09-01 19:27:20.915 -- System time = 98.691 -- Game time = 24.450 -- Ratio = 0.248x
2026-09-01 19:27:21 [INFO] [/home/vcdc/disk2t/lead/lead/inference/sensor_agent_bridgedrive.py:270] [SensorAgent] Saved 7 infractions to outputs/local_evaluation/bench2drive_111/infractions.json
=== [Agent] -- Wallclock = 2026-09-01 19:27:21.144 -- System time = 98.920 -- Game time = 24.500 -- Ratio = 0.248x
2026-09-01 19:27:21 [INFO] [/home/vcdc/disk2t/lead/lead/inference/sensor_agent_bridgedrive.py:270] [SensorAgent] Saved 7 infractions to outputs/local_evaluation/bench2drive_111/infractions.json
=== [Agent] -- Wallclock = 2026-09-01 19:27:21.312 -- System time = 99.088 -- Game time = 24.550 -- Ratio = 0.248x
2026-09-01 19:27:21 [INFO] [/home/vcdc/disk2t/lead/lead/inference/sensor_agent_bridgedrive.py:270] [SensorAgent] Saved 7 infractions to outputs/local_evaluation/bench2drive_111/infractions.json
=== [Agent] -- Wallclock = 2026-09-01 19:27:21.558 -- System time = 99.334 -- Game time = 24.600 -- Ratio = 0.248x
2026-09-01 19:27:21 [INFO] [/home/vcdc/disk2t/lead/lead/inference/sensor_agent_bridgedrive.py:270] [SensorAgent] Saved 7 infractions to outputs/local_evaluation/bench2drive_111/infractions.json
=== [Agent] -- Wallclock = 2026-09-01 19:27:21.735 -- System time = 99.511 -- Game time = 24.650 -- Ratio = 0.248x
2026-09-01 19:27:21 [INFO] [/home/vcdc/disk2t/lead/lead/inference/sensor_agent_bridgedrive.py:270] [SensorAgent] Saved 7 infractions to outputs/local_evaluation/bench2drive_111/infractions.json
=== [Agent] -- Wallclock = 2026-09-01 19:27:21.967 -- System time = 99.743 -- Game time = 24.700 -- Ratio = 0.248x
2026-09-01 19:27:22 [INFO] [/home/vcdc/disk2t/lead/lead/inference/sensor_agent_bridgedrive.py:270] [SensorAgent] Saved 7 infractions to outputs/local_evaluation/bench2drive_111/infractions.json
=== [Agent] -- Wallclock = 2026-09-01 19:27:22.161 -- System time = 99.937 -- Game time = 24.750 -- Ratio = 0.248x
2026-09-01 19:27:22 [INFO] [/home/vcdc/disk2t/lead/lead/inference/sensor_agent_bridgedrive.py:270] [SensorAgent] Saved 7 infractions to outputs/local_evaluation/bench2drive_111/infractions.json
=== [Agent] -- Wallclock = 2026-09-01 19:27:22.410 -- System time = 100.187 -- Game time = 24.800 -- Ratio = 0.248x
2026-09-01 19:27:22 [INFO] [/home/vcdc/disk2t/lead/lead/inference/sensor_agent_bridgedrive.py:270] [SensorAgent] Saved 7 infractions to outputs/local_evaluation/bench2drive_111/infractions.json
=== [Agent] -- Wallclock = 2026-09-01 19:27:22.589 -- System time = 100.366 -- Game time = 24.850 -- Ratio = 0.248x
2026-09-01 19:27:22 [INFO] [/home/vcdc/disk2t/lead/lead/inference/sensor_agent_bridgedrive.py:270] [SensorAgent] Saved 7 infractions to outputs/local_evaluation/bench2drive_111/infractions.json
=== [Agent] -- Wallclock = 2026-09-01 19:27:22.829 -- System time = 100.605 -- Game time = 24.900 -- Ratio = 0.248x
2026-09-01 19:27:22 [INFO] [/home/vcdc/disk2t/lead/lead/inference/sensor_agent_bridgedrive.py:270] [SensorAgent] Saved 7 infractions to outputs/local_evaluation/bench2drive_111/infractions.json
=== [Agent] -- Wallclock = 2026-09-01 19:27:23.020 -- System time = 100.796 -- Game time = 24.950 -- Ratio = 0.248x
2026-09-01 19:27:23 [INFO] [/home/vcdc/disk2t/lead/lead/inference/sensor_agent_bridgedrive.py:270] [SensorAgent] Saved 7 infractions to outputs/local_evaluation/bench2drive_111/infractions.json
=== [Agent] -- Wallclock = 2026-09-01 19:27:23.252 -- System time = 101.028 -- Game time = 25.000 -- Ratio = 0.247x
2026-09-01 19:27:23 [INFO] [/home/vcdc/disk2t/lead/lead/inference/sensor_agent_bridgedrive.py:270] [SensorAgent] Saved 7 infractions to outputs/local_evaluation/bench2drive_111/infractions.json
=== [Agent] -- Wallclock = 2026-09-01 19:27:23.447 -- System time = 101.223 -- Game time = 25.050 -- Ratio = 0.247x
2026-09-01 19:27:23 [INFO] [/home/vcdc/disk2t/lead/lead/inference/sensor_agent_bridgedrive.py:270] [SensorAgent] Saved 7 infractions to outputs/local_evaluation/bench2drive_111/infractions.json
=== [Agent] -- Wallclock = 2026-09-01 19:27:23.706 -- System time = 101.482 -- Game time = 25.100 -- Ratio = 0.247x
2026-09-01 19:27:23 [INFO] [/home/vcdc/disk2t/lead/lead/inference/sensor_agent_bridgedrive.py:270] [SensorAgent] Saved 7 infractions to outputs/local_evaluation/bench2drive_111/infractions.json
=== [Agent] -- Wallclock = 2026-09-01 19:27:23.871 -- System time = 101.647 -- Game time = 25.150 -- Ratio = 0.247x
2026-09-01 19:27:24 [INFO] [/home/vcdc/disk2t/lead/lead/inference/sensor_agent_bridgedrive.py:270] [SensorAgent] Saved 7 infractions to outputs/local_evaluation/bench2drive_111/infractions.json
=== [Agent] -- Wallclock = 2026-09-01 19:27:24.110 -- System time = 101.886 -- Game time = 25.200 -- Ratio = 0.247x
2026-09-01 19:27:24 [INFO] [/home/vcdc/disk2t/lead/lead/inference/sensor_agent_bridgedrive.py:270] [SensorAgent] Saved 7 infractions to outputs/local_evaluation/bench2drive_111/infractions.json
=== [Agent] -- Wallclock = 2026-09-01 19:27:24.310 -- System time = 102.086 -- Game time = 25.250 -- Ratio = 0.247x
2026-09-01 19:27:24 [INFO] [/home/vcdc/disk2t/lead/lead/inference/sensor_agent_bridgedrive.py:270] [SensorAgent] Saved 7 infractions to outputs/local_evaluation/bench2drive_111/infractions.json
=== [Agent] -- Wallclock = 2026-09-01 19:27:24.542 -- System time = 102.318 -- Game time = 25.300 -- Ratio = 0.247x
2026-09-01 19:27:24 [INFO] [/home/vcdc/disk2t/lead/lead/inference/sensor_agent_bridgedrive.py:270] [SensorAgent] Saved 7 infractions to outputs/local_evaluation/bench2drive_111/infractions.json
=== [Agent] -- Wallclock = 2026-09-01 19:27:24.713 -- System time = 102.489 -- Game time = 25.350 -- Ratio = 0.247x
2026-09-01 19:27:24 [INFO] [/home/vcdc/disk2t/lead/lead/inference/sensor_agent_bridgedrive.py:270] [SensorAgent] Saved 7 infractions to outputs/local_evaluation/bench2drive_111/infractions.json
=== [Agent] -- Wallclock = 2026-09-01 19:27:24.952 -- System time = 102.728 -- Game time = 25.400 -- Ratio = 0.247x
2026-09-01 19:27:25 [INFO] [/home/vcdc/disk2t/lead/lead/inference/sensor_agent_bridgedrive.py:270] [SensorAgent] Saved 7 infractions to outputs/local_evaluation/bench2drive_111/infractions.json
=== [Agent] -- Wallclock = 2026-09-01 19:27:25.120 -- System time = 102.897 -- Game time = 25.450 -- Ratio = 0.247x
2026-09-01 19:27:25 [INFO] [/home/vcdc/disk2t/lead/lead/inference/sensor_agent_bridgedrive.py:270] [SensorAgent] Saved 7 infractions to outputs/local_evaluation/bench2drive_111/infractions.json
=== [Agent] -- Wallclock = 2026-09-01 19:27:25.347 -- System time = 103.123 -- Game time = 25.500 -- Ratio = 0.247x
2026-09-01 19:27:25 [INFO] [/home/vcdc/disk2t/lead/lead/inference/sensor_agent_bridgedrive.py:270] [SensorAgent] Saved 7 infractions to outputs/local_evaluation/bench2drive_111/infractions.json
=== [Agent] -- Wallclock = 2026-09-01 19:27:25.553 -- System time = 103.329 -- Game time = 25.550 -- Ratio = 0.247x
2026-09-01 19:27:25 [INFO] [/home/vcdc/disk2t/lead/lead/inference/sensor_agent_bridgedrive.py:270] [SensorAgent] Saved 7 infractions to outputs/local_evaluation/bench2drive_111/infractions.json
=== [Agent] -- Wallclock = 2026-09-01 19:27:25.786 -- System time = 103.562 -- Game time = 25.600 -- Ratio = 0.247x
2026-09-01 19:27:25 [INFO] [/home/vcdc/disk2t/lead/lead/inference/sensor_agent_bridgedrive.py:270] [SensorAgent] Saved 7 infractions to outputs/local_evaluation/bench2drive_111/infractions.json
=== [Agent] -- Wallclock = 2026-09-01 19:27:25.970 -- System time = 103.746 -- Game time = 25.650 -- Ratio = 0.247x
2026-09-01 19:27:26 [INFO] [/home/vcdc/disk2t/lead/lead/inference/sensor_agent_bridgedrive.py:270] [SensorAgent] Saved 7 infractions to outputs/local_evaluation/bench2drive_111/infractions.json
=== [Agent] -- Wallclock = 2026-09-01 19:27:26.197 -- System time = 103.974 -- Game time = 25.700 -- Ratio = 0.247x
2026-09-01 19:27:26 [INFO] [/home/vcdc/disk2t/lead/lead/inference/sensor_agent_bridgedrive.py:270] [SensorAgent] Saved 7 infractions to outputs/local_evaluation/bench2drive_111/infractions.json
=== [Agent] -- Wallclock = 2026-09-01 19:27:26.387 -- System time = 104.163 -- Game time = 25.750 -- Ratio = 0.247x
2026-09-01 19:27:26 [INFO] [/home/vcdc/disk2t/lead/lead/inference/sensor_agent_bridgedrive.py:270] [SensorAgent] Saved 7 infractions to outputs/local_evaluation/bench2drive_111/infractions.json
=== [Agent] -- Wallclock = 2026-09-01 19:27:26.634 -- System time = 104.410 -- Game time = 25.800 -- Ratio = 0.247x
2026-09-01 19:27:26 [INFO] [/home/vcdc/disk2t/lead/lead/inference/sensor_agent_bridgedrive.py:270] [SensorAgent] Saved 7 infractions to outputs/local_evaluation/bench2drive_111/infractions.json
=== [Agent] -- Wallclock = 2026-09-01 19:27:26.799 -- System time = 104.576 -- Game time = 25.850 -- Ratio = 0.247x
2026-09-01 19:27:26 [INFO] [/home/vcdc/disk2t/lead/lead/inference/sensor_agent_bridgedrive.py:270] [SensorAgent] Saved 7 infractions to outputs/local_evaluation/bench2drive_111/infractions.json
=== [Agent] -- Wallclock = 2026-09-01 19:27:27.033 -- System time = 104.809 -- Game time = 25.900 -- Ratio = 0.247x
2026-09-01 19:27:27 [INFO] [/home/vcdc/disk2t/lead/lead/inference/sensor_agent_bridgedrive.py:270] [SensorAgent] Saved 7 infractions to outputs/local_evaluation/bench2drive_111/infractions.json
=== [Agent] -- Wallclock = 2026-09-01 19:27:27.198 -- System time = 104.974 -- Game time = 25.950 -- Ratio = 0.247x
2026-09-01 19:27:27 [INFO] [/home/vcdc/disk2t/lead/lead/inference/sensor_agent_bridgedrive.py:270] [SensorAgent] Saved 7 infractions to outputs/local_evaluation/bench2drive_111/infractions.json
=== [Agent] -- Wallclock = 2026-09-01 19:27:27.449 -- System time = 105.226 -- Game time = 26.000 -- Ratio = 0.247x
2026-09-01 19:27:27 [INFO] [/home/vcdc/disk2t/lead/lead/inference/sensor_agent_bridgedrive.py:270] [SensorAgent] Saved 7 infractions to outputs/local_evaluation/bench2drive_111/infractions.json
=== [Agent] -- Wallclock = 2026-09-01 19:27:27.610 -- System time = 105.386 -- Game time = 26.050 -- Ratio = 0.247x
2026-09-01 19:27:27 [INFO] [/home/vcdc/disk2t/lead/lead/inference/sensor_agent_bridgedrive.py:270] [SensorAgent] Saved 7 infractions to outputs/local_evaluation/bench2drive_111/infractions.json
=== [Agent] -- Wallclock = 2026-09-01 19:27:27.841 -- System time = 105.617 -- Game time = 26.100 -- Ratio = 0.247x
2026-09-01 19:27:27 [INFO] [/home/vcdc/disk2t/lead/lead/inference/sensor_agent_bridgedrive.py:270] [SensorAgent] Saved 7 infractions to outputs/local_evaluation/bench2drive_111/infractions.json
=== [Agent] -- Wallclock = 2026-09-01 19:27:28.001 -- System time = 105.777 -- Game time = 26.150 -- Ratio = 0.247x
2026-09-01 19:27:28 [INFO] [/home/vcdc/disk2t/lead/lead/inference/sensor_agent_bridgedrive.py:270] [SensorAgent] Saved 7 infractions to outputs/local_evaluation/bench2drive_111/infractions.json
=== [Agent] -- Wallclock = 2026-09-01 19:27:28.234 -- System time = 106.010 -- Game time = 26.200 -- Ratio = 0.247x
2026-09-01 19:27:28 [INFO] [/home/vcdc/disk2t/lead/lead/inference/sensor_agent_bridgedrive.py:270] [SensorAgent] Saved 7 infractions to outputs/local_evaluation/bench2drive_111/infractions.json
=== [Agent] -- Wallclock = 2026-09-01 19:27:28.400 -- System time = 106.176 -- Game time = 26.250 -- Ratio = 0.247x
2026-09-01 19:27:28 [INFO] [/home/vcdc/disk2t/lead/lead/inference/sensor_agent_bridgedrive.py:270] [SensorAgent] Saved 7 infractions to outputs/local_evaluation/bench2drive_111/infractions.json
=== [Agent] -- Wallclock = 2026-09-01 19:27:28.636 -- System time = 106.412 -- Game time = 26.300 -- Ratio = 0.247x
2026-09-01 19:27:28 [INFO] [/home/vcdc/disk2t/lead/lead/inference/sensor_agent_bridgedrive.py:270] [SensorAgent] Saved 7 infractions to outputs/local_evaluation/bench2drive_111/infractions.json
=== [Agent] -- Wallclock = 2026-09-01 19:27:28.806 -- System time = 106.582 -- Game time = 26.350 -- Ratio = 0.247x
2026-09-01 19:27:28 [INFO] [/home/vcdc/disk2t/lead/lead/inference/sensor_agent_bridgedrive.py:270] [SensorAgent] Saved 7 infractions to outputs/local_evaluation/bench2drive_111/infractions.json
=== [Agent] -- Wallclock = 2026-09-01 19:27:29.056 -- System time = 106.832 -- Game time = 26.400 -- Ratio = 0.247x
2026-09-01 19:27:29 [INFO] [/home/vcdc/disk2t/lead/lead/inference/sensor_agent_bridgedrive.py:270] [SensorAgent] Saved 7 infractions to outputs/local_evaluation/bench2drive_111/infractions.json
=== [Agent] -- Wallclock = 2026-09-01 19:27:29.213 -- System time = 106.989 -- Game time = 26.450 -- Ratio = 0.247x
2026-09-01 19:27:29 [INFO] [/home/vcdc/disk2t/lead/lead/inference/sensor_agent_bridgedrive.py:270] [SensorAgent] Saved 7 infractions to outputs/local_evaluation/bench2drive_111/infractions.json
=== [Agent] -- Wallclock = 2026-09-01 19:27:29.450 -- System time = 107.226 -- Game time = 26.500 -- Ratio = 0.247x
2026-09-01 19:27:29 [INFO] [/home/vcdc/disk2t/lead/lead/inference/sensor_agent_bridgedrive.py:270] [SensorAgent] Saved 7 infractions to outputs/local_evaluation/bench2drive_111/infractions.json
=== [Agent] -- Wallclock = 2026-09-01 19:27:29.631 -- System time = 107.407 -- Game time = 26.550 -- Ratio = 0.247x
2026-09-01 19:27:29 [INFO] [/home/vcdc/disk2t/lead/lead/inference/sensor_agent_bridgedrive.py:270] [SensorAgent] Saved 7 infractions to outputs/local_evaluation/bench2drive_111/infractions.json
=== [Agent] -- Wallclock = 2026-09-01 19:27:29.871 -- System time = 107.647 -- Game time = 26.600 -- Ratio = 0.247x
2026-09-01 19:27:30 [INFO] [/home/vcdc/disk2t/lead/lead/inference/sensor_agent_bridgedrive.py:270] [SensorAgent] Saved 7 infractions to outputs/local_evaluation/bench2drive_111/infractions.json
=== [Agent] -- Wallclock = 2026-09-01 19:27:30.057 -- System time = 107.833 -- Game time = 26.650 -- Ratio = 0.247x
2026-09-01 19:27:30 [INFO] [/home/vcdc/disk2t/lead/lead/inference/sensor_agent_bridgedrive.py:270] [SensorAgent] Saved 7 infractions to outputs/local_evaluation/bench2drive_111/infractions.json
=== [Agent] -- Wallclock = 2026-09-01 19:27:30.304 -- System time = 108.080 -- Game time = 26.700 -- Ratio = 0.247x
2026-09-01 19:27:30 [INFO] [/home/vcdc/disk2t/lead/lead/inference/sensor_agent_bridgedrive.py:270] [SensorAgent] Saved 7 infractions to outputs/local_evaluation/bench2drive_111/infractions.json
=== [Agent] -- Wallclock = 2026-09-01 19:27:30.469 -- System time = 108.245 -- Game time = 26.750 -- Ratio = 0.247x
2026-09-01 19:27:30 [INFO] [/home/vcdc/disk2t/lead/lead/inference/sensor_agent_bridgedrive.py:270] [SensorAgent] Saved 7 infractions to outputs/local_evaluation/bench2drive_111/infractions.json
=== [Agent] -- Wallclock = 2026-09-01 19:27:30.704 -- System time = 108.480 -- Game time = 26.800 -- Ratio = 0.247x
2026-09-01 19:27:30 [INFO] [/home/vcdc/disk2t/lead/lead/inference/sensor_agent_bridgedrive.py:270] [SensorAgent] Saved 7 infractions to outputs/local_evaluation/bench2drive_111/infractions.json
=== [Agent] -- Wallclock = 2026-09-01 19:27:30.884 -- System time = 108.661 -- Game time = 26.850 -- Ratio = 0.247x
2026-09-01 19:27:31 [INFO] [/home/vcdc/disk2t/lead/lead/inference/sensor_agent_bridgedrive.py:270] [SensorAgent] Saved 7 infractions to outputs/local_evaluation/bench2drive_111/infractions.json
=== [Agent] -- Wallclock = 2026-09-01 19:27:31.123 -- System time = 108.899 -- Game time = 26.900 -- Ratio = 0.247x
2026-09-01 19:27:31 [INFO] [/home/vcdc/disk2t/lead/lead/inference/sensor_agent_bridgedrive.py:270] [SensorAgent] Saved 7 infractions to outputs/local_evaluation/bench2drive_111/infractions.json
=== [Agent] -- Wallclock = 2026-09-01 19:27:31.301 -- System time = 109.078 -- Game time = 26.950 -- Ratio = 0.247x
2026-09-01 19:27:31 [INFO] [/home/vcdc/disk2t/lead/lead/inference/sensor_agent_bridgedrive.py:270] [SensorAgent] Saved 7 infractions to outputs/local_evaluation/bench2drive_111/infractions.json
=== [Agent] -- Wallclock = 2026-09-01 19:27:31.543 -- System time = 109.320 -- Game time = 27.000 -- Ratio = 0.247x
2026-09-01 19:27:31 [INFO] [/home/vcdc/disk2t/lead/lead/inference/sensor_agent_bridgedrive.py:270] [SensorAgent] Saved 7 infractions to outputs/local_evaluation/bench2drive_111/infractions.json
=== [Agent] -- Wallclock = 2026-09-01 19:27:31.724 -- System time = 109.500 -- Game time = 27.050 -- Ratio = 0.247x
2026-09-01 19:27:31 [INFO] [/home/vcdc/disk2t/lead/lead/inference/sensor_agent_bridgedrive.py:270] [SensorAgent] Saved 7 infractions to outputs/local_evaluation/bench2drive_111/infractions.json
=== [Agent] -- Wallclock = 2026-09-01 19:27:31.952 -- System time = 109.728 -- Game time = 27.100 -- Ratio = 0.247x
2026-09-01 19:27:32 [INFO] [/home/vcdc/disk2t/lead/lead/inference/sensor_agent_bridgedrive.py:270] [SensorAgent] Saved 7 infractions to outputs/local_evaluation/bench2drive_111/infractions.json
=== [Agent] -- Wallclock = 2026-09-01 19:27:32.129 -- System time = 109.905 -- Game time = 27.150 -- Ratio = 0.247x
2026-09-01 19:27:32 [INFO] [/home/vcdc/disk2t/lead/lead/inference/sensor_agent_bridgedrive.py:270] [SensorAgent] Saved 7 infractions to outputs/local_evaluation/bench2drive_111/infractions.json
=== [Agent] -- Wallclock = 2026-09-01 19:27:32.360 -- System time = 110.136 -- Game time = 27.200 -- Ratio = 0.247x
2026-09-01 19:27:32 [INFO] [/home/vcdc/disk2t/lead/lead/inference/sensor_agent_bridgedrive.py:270] [SensorAgent] Saved 7 infractions to outputs/local_evaluation/bench2drive_111/infractions.json
=== [Agent] -- Wallclock = 2026-09-01 19:27:32.522 -- System time = 110.299 -- Game time = 27.250 -- Ratio = 0.247x
2026-09-01 19:27:32 [INFO] [/home/vcdc/disk2t/lead/lead/inference/sensor_agent_bridgedrive.py:270] [SensorAgent] Saved 7 infractions to outputs/local_evaluation/bench2drive_111/infractions.json
=== [Agent] -- Wallclock = 2026-09-01 19:27:32.758 -- System time = 110.534 -- Game time = 27.300 -- Ratio = 0.247x
2026-09-01 19:27:32 [INFO] [/home/vcdc/disk2t/lead/lead/inference/sensor_agent_bridgedrive.py:270] [SensorAgent] Saved 7 infractions to outputs/local_evaluation/bench2drive_111/infractions.json
=== [Agent] -- Wallclock = 2026-09-01 19:27:32.935 -- System time = 110.711 -- Game time = 27.350 -- Ratio = 0.247x
2026-09-01 19:27:33 [INFO] [/home/vcdc/disk2t/lead/lead/inference/sensor_agent_bridgedrive.py:270] [SensorAgent] Saved 7 infractions to outputs/local_evaluation/bench2drive_111/infractions.json
=== [Agent] -- Wallclock = 2026-09-01 19:27:33.182 -- System time = 110.958 -- Game time = 27.400 -- Ratio = 0.247x
2026-09-01 19:27:33 [INFO] [/home/vcdc/disk2t/lead/lead/inference/sensor_agent_bridgedrive.py:270] [SensorAgent] Saved 7 infractions to outputs/local_evaluation/bench2drive_111/infractions.json
=== [Agent] -- Wallclock = 2026-09-01 19:27:33.343 -- System time = 111.119 -- Game time = 27.450 -- Ratio = 0.247x
2026-09-01 19:27:33 [INFO] [/home/vcdc/disk2t/lead/lead/inference/sensor_agent_bridgedrive.py:270] [SensorAgent] Saved 7 infractions to outputs/local_evaluation/bench2drive_111/infractions.json
=== [Agent] -- Wallclock = 2026-09-01 19:27:33.579 -- System time = 111.355 -- Game time = 27.500 -- Ratio = 0.247x
2026-09-01 19:27:33 [INFO] [/home/vcdc/disk2t/lead/lead/inference/sensor_agent_bridgedrive.py:270] [SensorAgent] Saved 7 infractions to outputs/local_evaluation/bench2drive_111/infractions.json
=== [Agent] -- Wallclock = 2026-09-01 19:27:33.749 -- System time = 111.525 -- Game time = 27.550 -- Ratio = 0.247x
2026-09-01 19:27:33 [INFO] [/home/vcdc/disk2t/lead/lead/inference/sensor_agent_bridgedrive.py:270] [SensorAgent] Saved 7 infractions to outputs/local_evaluation/bench2drive_111/infractions.json
=== [Agent] -- Wallclock = 2026-09-01 19:27:33.987 -- System time = 111.764 -- Game time = 27.600 -- Ratio = 0.247x
2026-09-01 19:27:34 [INFO] [/home/vcdc/disk2t/lead/lead/inference/sensor_agent_bridgedrive.py:270] [SensorAgent] Saved 7 infractions to outputs/local_evaluation/bench2drive_111/infractions.json
=== [Agent] -- Wallclock = 2026-09-01 19:27:34.155 -- System time = 111.931 -- Game time = 27.650 -- Ratio = 0.247x
2026-09-01 19:27:34 [INFO] [/home/vcdc/disk2t/lead/lead/inference/sensor_agent_bridgedrive.py:270] [SensorAgent] Saved 7 infractions to outputs/local_evaluation/bench2drive_111/infractions.json
=== [Agent] -- Wallclock = 2026-09-01 19:27:34.382 -- System time = 112.158 -- Game time = 27.700 -- Ratio = 0.247x
2026-09-01 19:27:34 [INFO] [/home/vcdc/disk2t/lead/lead/inference/sensor_agent_bridgedrive.py:270] [SensorAgent] Saved 7 infractions to outputs/local_evaluation/bench2drive_111/infractions.json
=== [Agent] -- Wallclock = 2026-09-01 19:27:34.593 -- System time = 112.369 -- Game time = 27.750 -- Ratio = 0.247x
2026-09-01 19:27:34 [INFO] [/home/vcdc/disk2t/lead/lead/inference/sensor_agent_bridgedrive.py:270] [SensorAgent] Saved 7 infractions to outputs/local_evaluation/bench2drive_111/infractions.json
=== [Agent] -- Wallclock = 2026-09-01 19:27:34.834 -- System time = 112.610 -- Game time = 27.800 -- Ratio = 0.247x
2026-09-01 19:27:34 [INFO] [/home/vcdc/disk2t/lead/lead/inference/sensor_agent_bridgedrive.py:270] [SensorAgent] Saved 7 infractions to outputs/local_evaluation/bench2drive_111/infractions.json
=== [Agent] -- Wallclock = 2026-09-01 19:27:34.996 -- System time = 112.772 -- Game time = 27.850 -- Ratio = 0.247x
2026-09-01 19:27:35 [INFO] [/home/vcdc/disk2t/lead/lead/inference/sensor_agent_bridgedrive.py:270] [SensorAgent] Saved 7 infractions to outputs/local_evaluation/bench2drive_111/infractions.json
=== [Agent] -- Wallclock = 2026-09-01 19:27:35.253 -- System time = 113.029 -- Game time = 27.900 -- Ratio = 0.247x
2026-09-01 19:27:35 [INFO] [/home/vcdc/disk2t/lead/lead/inference/sensor_agent_bridgedrive.py:270] [SensorAgent] Saved 7 infractions to outputs/local_evaluation/bench2drive_111/infractions.json
=== [Agent] -- Wallclock = 2026-09-01 19:27:35.416 -- System time = 113.192 -- Game time = 27.950 -- Ratio = 0.247x
2026-09-01 19:27:35 [INFO] [/home/vcdc/disk2t/lead/lead/inference/sensor_agent_bridgedrive.py:270] [SensorAgent] Saved 7 infractions to outputs/local_evaluation/bench2drive_111/infractions.json
=== [Agent] -- Wallclock = 2026-09-01 19:27:35.661 -- System time = 113.437 -- Game time = 28.000 -- Ratio = 0.247x
2026-09-01 19:27:35 [INFO] [/home/vcdc/disk2t/lead/lead/inference/sensor_agent_bridgedrive.py:270] [SensorAgent] Saved 7 infractions to outputs/local_evaluation/bench2drive_111/infractions.json
=== [Agent] -- Wallclock = 2026-09-01 19:27:35.834 -- System time = 113.610 -- Game time = 28.050 -- Ratio = 0.247x
2026-09-01 19:27:35 [INFO] [/home/vcdc/disk2t/lead/lead/inference/sensor_agent_bridgedrive.py:270] [SensorAgent] Saved 7 infractions to outputs/local_evaluation/bench2drive_111/infractions.json
=== [Agent] -- Wallclock = 2026-09-01 19:27:36.089 -- System time = 113.865 -- Game time = 28.100 -- Ratio = 0.247x
2026-09-01 19:27:36 [INFO] [/home/vcdc/disk2t/lead/lead/inference/sensor_agent_bridgedrive.py:270] [SensorAgent] Saved 7 infractions to outputs/local_evaluation/bench2drive_111/infractions.json
=== [Agent] -- Wallclock = 2026-09-01 19:27:36.264 -- System time = 114.040 -- Game time = 28.150 -- Ratio = 0.247x
2026-09-01 19:27:36 [INFO] [/home/vcdc/disk2t/lead/lead/inference/sensor_agent_bridgedrive.py:270] [SensorAgent] Saved 7 infractions to outputs/local_evaluation/bench2drive_111/infractions.json
=== [Agent] -- Wallclock = 2026-09-01 19:27:36.505 -- System time = 114.281 -- Game time = 28.200 -- Ratio = 0.247x
2026-09-01 19:27:36 [INFO] [/home/vcdc/disk2t/lead/lead/inference/sensor_agent_bridgedrive.py:270] [SensorAgent] Saved 7 infractions to outputs/local_evaluation/bench2drive_111/infractions.json
=== [Agent] -- Wallclock = 2026-09-01 19:27:36.683 -- System time = 114.459 -- Game time = 28.250 -- Ratio = 0.247x
2026-09-01 19:27:36 [INFO] [/home/vcdc/disk2t/lead/lead/inference/sensor_agent_bridgedrive.py:270] [SensorAgent] Saved 7 infractions to outputs/local_evaluation/bench2drive_111/infractions.json
=== [Agent] -- Wallclock = 2026-09-01 19:27:36.925 -- System time = 114.701 -- Game time = 28.300 -- Ratio = 0.247x
2026-09-01 19:27:37 [INFO] [/home/vcdc/disk2t/lead/lead/inference/sensor_agent_bridgedrive.py:270] [SensorAgent] Saved 7 infractions to outputs/local_evaluation/bench2drive_111/infractions.json
=== [Agent] -- Wallclock = 2026-09-01 19:27:37.106 -- System time = 114.883 -- Game time = 28.350 -- Ratio = 0.247x
2026-09-01 19:27:37 [INFO] [/home/vcdc/disk2t/lead/lead/inference/sensor_agent_bridgedrive.py:270] [SensorAgent] Saved 7 infractions to outputs/local_evaluation/bench2drive_111/infractions.json
=== [Agent] -- Wallclock = 2026-09-01 19:27:37.357 -- System time = 115.134 -- Game time = 28.400 -- Ratio = 0.247x
2026-09-01 19:27:37 [INFO] [/home/vcdc/disk2t/lead/lead/inference/sensor_agent_bridgedrive.py:270] [SensorAgent] Saved 7 infractions to outputs/local_evaluation/bench2drive_111/infractions.json
=== [Agent] -- Wallclock = 2026-09-01 19:27:37.532 -- System time = 115.308 -- Game time = 28.450 -- Ratio = 0.247x
2026-09-01 19:27:37 [INFO] [/home/vcdc/disk2t/lead/lead/inference/sensor_agent_bridgedrive.py:270] [SensorAgent] Saved 7 infractions to outputs/local_evaluation/bench2drive_111/infractions.json
=== [Agent] -- Wallclock = 2026-09-01 19:27:37.785 -- System time = 115.561 -- Game time = 28.500 -- Ratio = 0.247x
2026-09-01 19:27:37 [INFO] [/home/vcdc/disk2t/lead/lead/inference/sensor_agent_bridgedrive.py:270] [SensorAgent] Saved 7 infractions to outputs/local_evaluation/bench2drive_111/infractions.json
=== [Agent] -- Wallclock = 2026-09-01 19:27:37.975 -- System time = 115.751 -- Game time = 28.550 -- Ratio = 0.247x
2026-09-01 19:27:38 [INFO] [/home/vcdc/disk2t/lead/lead/inference/sensor_agent_bridgedrive.py:270] [SensorAgent] Saved 7 infractions to outputs/local_evaluation/bench2drive_111/infractions.json
=== [Agent] -- Wallclock = 2026-09-01 19:27:38.214 -- System time = 115.990 -- Game time = 28.600 -- Ratio = 0.247x
2026-09-01 19:27:38 [INFO] [/home/vcdc/disk2t/lead/lead/inference/sensor_agent_bridgedrive.py:270] [SensorAgent] Saved 7 infractions to outputs/local_evaluation/bench2drive_111/infractions.json
=== [Agent] -- Wallclock = 2026-09-01 19:27:38.420 -- System time = 116.196 -- Game time = 28.650 -- Ratio = 0.247x
2026-09-01 19:27:38 [INFO] [/home/vcdc/disk2t/lead/lead/inference/sensor_agent_bridgedrive.py:270] [SensorAgent] Saved 7 infractions to outputs/local_evaluation/bench2drive_111/infractions.json
=== [Agent] -- Wallclock = 2026-09-01 19:27:38.659 -- System time = 116.435 -- Game time = 28.700 -- Ratio = 0.246x
2026-09-01 19:27:38 [INFO] [/home/vcdc/disk2t/lead/lead/inference/sensor_agent_bridgedrive.py:270] [SensorAgent] Saved 7 infractions to outputs/local_evaluation/bench2drive_111/infractions.json
=== [Agent] -- Wallclock = 2026-09-01 19:27:38.835 -- System time = 116.611 -- Game time = 28.750 -- Ratio = 0.247x
2026-09-01 19:27:38 [INFO] [/home/vcdc/disk2t/lead/lead/inference/sensor_agent_bridgedrive.py:270] [SensorAgent] Saved 7 infractions to outputs/local_evaluation/bench2drive_111/infractions.json
=== [Agent] -- Wallclock = 2026-09-01 19:27:39.078 -- System time = 116.854 -- Game time = 28.800 -- Ratio = 0.246x
2026-09-01 19:27:39 [INFO] [/home/vcdc/disk2t/lead/lead/inference/sensor_agent_bridgedrive.py:270] [SensorAgent] Saved 7 infractions to outputs/local_evaluation/bench2drive_111/infractions.json
=== [Agent] -- Wallclock = 2026-09-01 19:27:39.253 -- System time = 117.029 -- Game time = 28.850 -- Ratio = 0.247x
2026-09-01 19:27:39 [INFO] [/home/vcdc/disk2t/lead/lead/inference/sensor_agent_bridgedrive.py:270] [SensorAgent] Saved 7 infractions to outputs/local_evaluation/bench2drive_111/infractions.json
=== [Agent] -- Wallclock = 2026-09-01 19:27:39.501 -- System time = 117.277 -- Game time = 28.900 -- Ratio = 0.246x
2026-09-01 19:27:39 [INFO] [/home/vcdc/disk2t/lead/lead/inference/sensor_agent_bridgedrive.py:270] [SensorAgent] Saved 7 infractions to outputs/local_evaluation/bench2drive_111/infractions.json
=== [Agent] -- Wallclock = 2026-09-01 19:27:39.681 -- System time = 117.458 -- Game time = 28.950 -- Ratio = 0.246x
2026-09-01 19:27:39 [INFO] [/home/vcdc/disk2t/lead/lead/inference/sensor_agent_bridgedrive.py:270] [SensorAgent] Saved 7 infractions to outputs/local_evaluation/bench2drive_111/infractions.json
=== [Agent] -- Wallclock = 2026-09-01 19:27:39.937 -- System time = 117.714 -- Game time = 29.000 -- Ratio = 0.246x
2026-09-01 19:27:40 [INFO] [/home/vcdc/disk2t/lead/lead/inference/sensor_agent_bridgedrive.py:270] [SensorAgent] Saved 7 infractions to outputs/local_evaluation/bench2drive_111/infractions.json
=== [Agent] -- Wallclock = 2026-09-01 19:27:40.123 -- System time = 117.899 -- Game time = 29.050 -- Ratio = 0.246x
2026-09-01 19:27:40 [INFO] [/home/vcdc/disk2t/lead/lead/inference/sensor_agent_bridgedrive.py:270] [SensorAgent] Saved 7 infractions to outputs/local_evaluation/bench2drive_111/infractions.json
=== [Agent] -- Wallclock = 2026-09-01 19:27:40.355 -- System time = 118.131 -- Game time = 29.100 -- Ratio = 0.246x
2026-09-01 19:27:40 [INFO] [/home/vcdc/disk2t/lead/lead/inference/sensor_agent_bridgedrive.py:270] [SensorAgent] Saved 7 infractions to outputs/local_evaluation/bench2drive_111/infractions.json
=== [Agent] -- Wallclock = 2026-09-01 19:27:40.519 -- System time = 118.295 -- Game time = 29.150 -- Ratio = 0.246x
2026-09-01 19:27:40 [INFO] [/home/vcdc/disk2t/lead/lead/inference/sensor_agent_bridgedrive.py:270] [SensorAgent] Saved 7 infractions to outputs/local_evaluation/bench2drive_111/infractions.json
=== [Agent] -- Wallclock = 2026-09-01 19:27:40.761 -- System time = 118.538 -- Game time = 29.200 -- Ratio = 0.246x
2026-09-01 19:27:40 [INFO] [/home/vcdc/disk2t/lead/lead/inference/sensor_agent_bridgedrive.py:270] [SensorAgent] Saved 7 infractions to outputs/local_evaluation/bench2drive_111/infractions.json
=== [Agent] -- Wallclock = 2026-09-01 19:27:40.922 -- System time = 118.698 -- Game time = 29.250 -- Ratio = 0.246x
2026-09-01 19:27:41 [INFO] [/home/vcdc/disk2t/lead/lead/inference/sensor_agent_bridgedrive.py:270] [SensorAgent] Saved 7 infractions to outputs/local_evaluation/bench2drive_111/infractions.json
=== [Agent] -- Wallclock = 2026-09-01 19:27:41.150 -- System time = 118.926 -- Game time = 29.300 -- Ratio = 0.246x
2026-09-01 19:27:41 [INFO] [/home/vcdc/disk2t/lead/lead/inference/sensor_agent_bridgedrive.py:270] [SensorAgent] Saved 7 infractions to outputs/local_evaluation/bench2drive_111/infractions.json
=== [Agent] -- Wallclock = 2026-09-01 19:27:41.313 -- System time = 119.089 -- Game time = 29.350 -- Ratio = 0.246x
2026-09-01 19:27:41 [INFO] [/home/vcdc/disk2t/lead/lead/inference/sensor_agent_bridgedrive.py:270] [SensorAgent] Saved 7 infractions to outputs/local_evaluation/bench2drive_111/infractions.json
=== [Agent] -- Wallclock = 2026-09-01 19:27:41.548 -- System time = 119.324 -- Game time = 29.400 -- Ratio = 0.246x
2026-09-01 19:27:41 [INFO] [/home/vcdc/disk2t/lead/lead/inference/sensor_agent_bridgedrive.py:270] [SensorAgent] Saved 7 infractions to outputs/local_evaluation/bench2drive_111/infractions.json
=== [Agent] -- Wallclock = 2026-09-01 19:27:41.732 -- System time = 119.508 -- Game time = 29.450 -- Ratio = 0.246x
2026-09-01 19:27:41 [INFO] [/home/vcdc/disk2t/lead/lead/inference/sensor_agent_bridgedrive.py:270] [SensorAgent] Saved 7 infractions to outputs/local_evaluation/bench2drive_111/infractions.json
=== [Agent] -- Wallclock = 2026-09-01 19:27:41.989 -- System time = 119.765 -- Game time = 29.500 -- Ratio = 0.246x
2026-09-01 19:27:42 [INFO] [/home/vcdc/disk2t/lead/lead/inference/sensor_agent_bridgedrive.py:270] [SensorAgent] Saved 7 infractions to outputs/local_evaluation/bench2drive_111/infractions.json
=== [Agent] -- Wallclock = 2026-09-01 19:27:42.169 -- System time = 119.946 -- Game time = 29.550 -- Ratio = 0.246x
2026-09-01 19:27:42 [INFO] [/home/vcdc/disk2t/lead/lead/inference/sensor_agent_bridgedrive.py:270] [SensorAgent] Saved 7 infractions to outputs/local_evaluation/bench2drive_111/infractions.json
=== [Agent] -- Wallclock = 2026-09-01 19:27:42.404 -- System time = 120.181 -- Game time = 29.600 -- Ratio = 0.246x
2026-09-01 19:27:42 [INFO] [/home/vcdc/disk2t/lead/lead/inference/sensor_agent_bridgedrive.py:270] [SensorAgent] Saved 7 infractions to outputs/local_evaluation/bench2drive_111/infractions.json
=== [Agent] -- Wallclock = 2026-09-01 19:27:42.587 -- System time = 120.363 -- Game time = 29.650 -- Ratio = 0.246x
2026-09-01 19:27:42 [INFO] [/home/vcdc/disk2t/lead/lead/inference/sensor_agent_bridgedrive.py:270] [SensorAgent] Saved 7 infractions to outputs/local_evaluation/bench2drive_111/infractions.json
=== [Agent] -- Wallclock = 2026-09-01 19:27:42.850 -- System time = 120.626 -- Game time = 29.700 -- Ratio = 0.246x
2026-09-01 19:27:42 [INFO] [/home/vcdc/disk2t/lead/lead/inference/sensor_agent_bridgedrive.py:270] [SensorAgent] Saved 7 infractions to outputs/local_evaluation/bench2drive_111/infractions.json
=== [Agent] -- Wallclock = 2026-09-01 19:27:43.017 -- System time = 120.793 -- Game time = 29.750 -- Ratio = 0.246x
2026-09-01 19:27:43 [INFO] [/home/vcdc/disk2t/lead/lead/inference/sensor_agent_bridgedrive.py:270] [SensorAgent] Saved 7 infractions to outputs/local_evaluation/bench2drive_111/infractions.json
=== [Agent] -- Wallclock = 2026-09-01 19:27:43.272 -- System time = 121.049 -- Game time = 29.800 -- Ratio = 0.246x
2026-09-01 19:27:43 [INFO] [/home/vcdc/disk2t/lead/lead/inference/sensor_agent_bridgedrive.py:270] [SensorAgent] Saved 7 infractions to outputs/local_evaluation/bench2drive_111/infractions.json
=== [Agent] -- Wallclock = 2026-09-01 19:27:43.437 -- System time = 121.213 -- Game time = 29.850 -- Ratio = 0.246x
2026-09-01 19:27:43 [INFO] [/home/vcdc/disk2t/lead/lead/inference/sensor_agent_bridgedrive.py:270] [SensorAgent] Saved 7 infractions to outputs/local_evaluation/bench2drive_111/infractions.json
=== [Agent] -- Wallclock = 2026-09-01 19:27:43.663 -- System time = 121.439 -- Game time = 29.900 -- Ratio = 0.246x
2026-09-01 19:27:43 [INFO] [/home/vcdc/disk2t/lead/lead/inference/sensor_agent_bridgedrive.py:270] [SensorAgent] Saved 7 infractions to outputs/local_evaluation/bench2drive_111/infractions.json
=== [Agent] -- Wallclock = 2026-09-01 19:27:43.822 -- System time = 121.598 -- Game time = 29.950 -- Ratio = 0.246x
2026-09-01 19:27:43 [INFO] [/home/vcdc/disk2t/lead/lead/inference/sensor_agent_bridgedrive.py:270] [SensorAgent] Saved 7 infractions to outputs/local_evaluation/bench2drive_111/infractions.json
=== [Agent] -- Wallclock = 2026-09-01 19:27:44.091 -- System time = 121.868 -- Game time = 30.000 -- Ratio = 0.246x
2026-09-01 19:27:44 [INFO] [/home/vcdc/disk2t/lead/lead/inference/sensor_agent_bridgedrive.py:270] [SensorAgent] Saved 7 infractions to outputs/local_evaluation/bench2drive_111/infractions.json
=== [Agent] -- Wallclock = 2026-09-01 19:27:44.274 -- System time = 122.051 -- Game time = 30.050 -- Ratio = 0.246x
2026-09-01 19:27:44 [INFO] [/home/vcdc/disk2t/lead/lead/inference/sensor_agent_bridgedrive.py:270] [SensorAgent] Saved 7 infractions to outputs/local_evaluation/bench2drive_111/infractions.json
=== [Agent] -- Wallclock = 2026-09-01 19:27:44.512 -- System time = 122.288 -- Game time = 30.100 -- Ratio = 0.246x
2026-09-01 19:27:44 [INFO] [/home/vcdc/disk2t/lead/lead/inference/sensor_agent_bridgedrive.py:270] [SensorAgent] Saved 7 infractions to outputs/local_evaluation/bench2drive_111/infractions.json
=== [Agent] -- Wallclock = 2026-09-01 19:27:44.681 -- System time = 122.457 -- Game time = 30.150 -- Ratio = 0.246x
2026-09-01 19:27:44 [INFO] [/home/vcdc/disk2t/lead/lead/inference/sensor_agent_bridgedrive.py:270] [SensorAgent] Saved 7 infractions to outputs/local_evaluation/bench2drive_111/infractions.json
=== [Agent] -- Wallclock = 2026-09-01 19:27:44.936 -- System time = 122.712 -- Game time = 30.200 -- Ratio = 0.246x
2026-09-01 19:27:45 [INFO] [/home/vcdc/disk2t/lead/lead/inference/sensor_agent_bridgedrive.py:270] [SensorAgent] Saved 7 infractions to outputs/local_evaluation/bench2drive_111/infractions.json
=== [Agent] -- Wallclock = 2026-09-01 19:27:45.108 -- System time = 122.884 -- Game time = 30.250 -- Ratio = 0.246x
2026-09-01 19:27:45 [INFO] [/home/vcdc/disk2t/lead/lead/inference/sensor_agent_bridgedrive.py:270] [SensorAgent] Saved 7 infractions to outputs/local_evaluation/bench2drive_111/infractions.json
=== [Agent] -- Wallclock = 2026-09-01 19:27:45.360 -- System time = 123.136 -- Game time = 30.300 -- Ratio = 0.246x
2026-09-01 19:27:45 [INFO] [/home/vcdc/disk2t/lead/lead/inference/sensor_agent_bridgedrive.py:270] [SensorAgent] Saved 7 infractions to outputs/local_evaluation/bench2drive_111/infractions.json
=== [Agent] -- Wallclock = 2026-09-01 19:27:45.550 -- System time = 123.326 -- Game time = 30.350 -- Ratio = 0.246x
2026-09-01 19:27:45 [INFO] [/home/vcdc/disk2t/lead/lead/inference/sensor_agent_bridgedrive.py:270] [SensorAgent] Saved 7 infractions to outputs/local_evaluation/bench2drive_111/infractions.json
=== [Agent] -- Wallclock = 2026-09-01 19:27:45.792 -- System time = 123.568 -- Game time = 30.400 -- Ratio = 0.246x
2026-09-01 19:27:45 [INFO] [/home/vcdc/disk2t/lead/lead/inference/sensor_agent_bridgedrive.py:270] [SensorAgent] Saved 7 infractions to outputs/local_evaluation/bench2drive_111/infractions.json
=== [Agent] -- Wallclock = 2026-09-01 19:27:45.966 -- System time = 123.742 -- Game time = 30.450 -- Ratio = 0.246x
2026-09-01 19:27:46 [INFO] [/home/vcdc/disk2t/lead/lead/inference/sensor_agent_bridgedrive.py:270] [SensorAgent] Saved 7 infractions to outputs/local_evaluation/bench2drive_111/infractions.json
=== [Agent] -- Wallclock = 2026-09-01 19:27:46.196 -- System time = 123.972 -- Game time = 30.500 -- Ratio = 0.246x
2026-09-01 19:27:46 [INFO] [/home/vcdc/disk2t/lead/lead/inference/sensor_agent_bridgedrive.py:270] [SensorAgent] Saved 7 infractions to outputs/local_evaluation/bench2drive_111/infractions.json
=== [Agent] -- Wallclock = 2026-09-01 19:27:46.362 -- System time = 124.138 -- Game time = 30.550 -- Ratio = 0.246x
2026-09-01 19:27:46 [INFO] [/home/vcdc/disk2t/lead/lead/inference/sensor_agent_bridgedrive.py:270] [SensorAgent] Saved 7 infractions to outputs/local_evaluation/bench2drive_111/infractions.json
=== [Agent] -- Wallclock = 2026-09-01 19:27:46.594 -- System time = 124.370 -- Game time = 30.600 -- Ratio = 0.246x
2026-09-01 19:27:46 [INFO] [/home/vcdc/disk2t/lead/lead/inference/sensor_agent_bridgedrive.py:270] [SensorAgent] Saved 7 infractions to outputs/local_evaluation/bench2drive_111/infractions.json
=== [Agent] -- Wallclock = 2026-09-01 19:27:46.757 -- System time = 124.533 -- Game time = 30.650 -- Ratio = 0.246x
2026-09-01 19:27:46 [INFO] [/home/vcdc/disk2t/lead/lead/inference/sensor_agent_bridgedrive.py:270] [SensorAgent] Saved 7 infractions to outputs/local_evaluation/bench2drive_111/infractions.json
=== [Agent] -- Wallclock = 2026-09-01 19:27:47.013 -- System time = 124.789 -- Game time = 30.700 -- Ratio = 0.246x
2026-09-01 19:27:47 [INFO] [/home/vcdc/disk2t/lead/lead/inference/sensor_agent_bridgedrive.py:270] [SensorAgent] Saved 7 infractions to outputs/local_evaluation/bench2drive_111/infractions.json
=== [Agent] -- Wallclock = 2026-09-01 19:27:47.191 -- System time = 124.967 -- Game time = 30.750 -- Ratio = 0.246x
2026-09-01 19:27:47 [INFO] [/home/vcdc/disk2t/lead/lead/inference/sensor_agent_bridgedrive.py:270] [SensorAgent] Saved 7 infractions to outputs/local_evaluation/bench2drive_111/infractions.json
=== [Agent] -- Wallclock = 2026-09-01 19:27:47.437 -- System time = 125.213 -- Game time = 30.800 -- Ratio = 0.246x
2026-09-01 19:27:47 [INFO] [/home/vcdc/disk2t/lead/lead/inference/sensor_agent_bridgedrive.py:270] [SensorAgent] Saved 7 infractions to outputs/local_evaluation/bench2drive_111/infractions.json
=== [Agent] -- Wallclock = 2026-09-01 19:27:47.609 -- System time = 125.385 -- Game time = 30.850 -- Ratio = 0.246x
2026-09-01 19:27:47 [INFO] [/home/vcdc/disk2t/lead/lead/inference/sensor_agent_bridgedrive.py:270] [SensorAgent] Saved 7 infractions to outputs/local_evaluation/bench2drive_111/infractions.json
=== [Agent] -- Wallclock = 2026-09-01 19:27:47.852 -- System time = 125.628 -- Game time = 30.900 -- Ratio = 0.246x
2026-09-01 19:27:47 [INFO] [/home/vcdc/disk2t/lead/lead/inference/sensor_agent_bridgedrive.py:270] [SensorAgent] Saved 7 infractions to outputs/local_evaluation/bench2drive_111/infractions.json
=== [Agent] -- Wallclock = 2026-09-01 19:27:48.013 -- System time = 125.790 -- Game time = 30.950 -- Ratio = 0.246x
2026-09-01 19:27:48 [INFO] [/home/vcdc/disk2t/lead/lead/inference/sensor_agent_bridgedrive.py:270] [SensorAgent] Saved 7 infractions to outputs/local_evaluation/bench2drive_111/infractions.json
=== [Agent] -- Wallclock = 2026-09-01 19:27:48.258 -- System time = 126.035 -- Game time = 31.000 -- Ratio = 0.246x
2026-09-01 19:27:48 [INFO] [/home/vcdc/disk2t/lead/lead/inference/sensor_agent_bridgedrive.py:270] [SensorAgent] Saved 7 infractions to outputs/local_evaluation/bench2drive_111/infractions.json
=== [Agent] -- Wallclock = 2026-09-01 19:27:48.426 -- System time = 126.202 -- Game time = 31.050 -- Ratio = 0.246x
2026-09-01 19:27:48 [INFO] [/home/vcdc/disk2t/lead/lead/inference/sensor_agent_bridgedrive.py:270] [SensorAgent] Saved 7 infractions to outputs/local_evaluation/bench2drive_111/infractions.json
=== [Agent] -- Wallclock = 2026-09-01 19:27:48.660 -- System time = 126.437 -- Game time = 31.100 -- Ratio = 0.246x
2026-09-01 19:27:48 [INFO] [/home/vcdc/disk2t/lead/lead/inference/sensor_agent_bridgedrive.py:270] [SensorAgent] Saved 7 infractions to outputs/local_evaluation/bench2drive_111/infractions.json
=== [Agent] -- Wallclock = 2026-09-01 19:27:48.840 -- System time = 126.617 -- Game time = 31.150 -- Ratio = 0.246x
2026-09-01 19:27:48 [INFO] [/home/vcdc/disk2t/lead/lead/inference/sensor_agent_bridgedrive.py:245] [SensorAgent] Infraction detected at step 622: MinSpeedTest
2026-09-01 19:27:48 [INFO] [/home/vcdc/disk2t/lead/lead/inference/sensor_agent_bridgedrive.py:270] [SensorAgent] Saved 8 infractions to outputs/local_evaluation/bench2drive_111/infractions.json
=== [Agent] -- Wallclock = 2026-09-01 19:27:49.090 -- System time = 126.867 -- Game time = 31.200 -- Ratio = 0.246x
2026-09-01 19:27:49 [INFO] [/home/vcdc/disk2t/lead/lead/inference/sensor_agent_bridgedrive.py:270] [SensorAgent] Saved 8 infractions to outputs/local_evaluation/bench2drive_111/infractions.json
=== [Agent] -- Wallclock = 2026-09-01 19:27:49.264 -- System time = 127.040 -- Game time = 31.250 -- Ratio = 0.246x
2026-09-01 19:27:49 [INFO] [/home/vcdc/disk2t/lead/lead/inference/sensor_agent_bridgedrive.py:270] [SensorAgent] Saved 8 infractions to outputs/local_evaluation/bench2drive_111/infractions.json
=== [Agent] -- Wallclock = 2026-09-01 19:27:49.510 -- System time = 127.286 -- Game time = 31.300 -- Ratio = 0.246x
2026-09-01 19:27:49 [INFO] [/home/vcdc/disk2t/lead/lead/inference/sensor_agent_bridgedrive.py:270] [SensorAgent] Saved 8 infractions to outputs/local_evaluation/bench2drive_111/infractions.json
=== [Agent] -- Wallclock = 2026-09-01 19:27:49.698 -- System time = 127.474 -- Game time = 31.350 -- Ratio = 0.246x
2026-09-01 19:27:49 [INFO] [/home/vcdc/disk2t/lead/lead/inference/sensor_agent_bridgedrive.py:270] [SensorAgent] Saved 8 infractions to outputs/local_evaluation/bench2drive_111/infractions.json
=== [Agent] -- Wallclock = 2026-09-01 19:27:49.957 -- System time = 127.733 -- Game time = 31.400 -- Ratio = 0.246x
2026-09-01 19:27:50 [INFO] [/home/vcdc/disk2t/lead/lead/inference/sensor_agent_bridgedrive.py:270] [SensorAgent] Saved 8 infractions to outputs/local_evaluation/bench2drive_111/infractions.json
=== [Agent] -- Wallclock = 2026-09-01 19:27:50.129 -- System time = 127.906 -- Game time = 31.450 -- Ratio = 0.246x
2026-09-01 19:27:50 [INFO] [/home/vcdc/disk2t/lead/lead/inference/sensor_agent_bridgedrive.py:270] [SensorAgent] Saved 8 infractions to outputs/local_evaluation/bench2drive_111/infractions.json
=== [Agent] -- Wallclock = 2026-09-01 19:27:50.372 -- System time = 128.148 -- Game time = 31.500 -- Ratio = 0.246x
2026-09-01 19:27:50 [INFO] [/home/vcdc/disk2t/lead/lead/inference/sensor_agent_bridgedrive.py:270] [SensorAgent] Saved 8 infractions to outputs/local_evaluation/bench2drive_111/infractions.json
=== [Agent] -- Wallclock = 2026-09-01 19:27:50.558 -- System time = 128.335 -- Game time = 31.550 -- Ratio = 0.246x
2026-09-01 19:27:50 [INFO] [/home/vcdc/disk2t/lead/lead/inference/sensor_agent_bridgedrive.py:270] [SensorAgent] Saved 8 infractions to outputs/local_evaluation/bench2drive_111/infractions.json
=== [Agent] -- Wallclock = 2026-09-01 19:27:50.806 -- System time = 128.583 -- Game time = 31.600 -- Ratio = 0.246x
2026-09-01 19:27:50 [INFO] [/home/vcdc/disk2t/lead/lead/inference/sensor_agent_bridgedrive.py:270] [SensorAgent] Saved 8 infractions to outputs/local_evaluation/bench2drive_111/infractions.json
=== [Agent] -- Wallclock = 2026-09-01 19:27:50.988 -- System time = 128.764 -- Game time = 31.650 -- Ratio = 0.246x
2026-09-01 19:27:51 [INFO] [/home/vcdc/disk2t/lead/lead/inference/sensor_agent_bridgedrive.py:270] [SensorAgent] Saved 8 infractions to outputs/local_evaluation/bench2drive_111/infractions.json
=== [Agent] -- Wallclock = 2026-09-01 19:27:51.235 -- System time = 129.011 -- Game time = 31.700 -- Ratio = 0.246x
2026-09-01 19:27:51 [INFO] [/home/vcdc/disk2t/lead/lead/inference/sensor_agent_bridgedrive.py:270] [SensorAgent] Saved 8 infractions to outputs/local_evaluation/bench2drive_111/infractions.json
=== [Agent] -- Wallclock = 2026-09-01 19:27:51.427 -- System time = 129.203 -- Game time = 31.750 -- Ratio = 0.246x
2026-09-01 19:27:51 [INFO] [/home/vcdc/disk2t/lead/lead/inference/sensor_agent_bridgedrive.py:270] [SensorAgent] Saved 8 infractions to outputs/local_evaluation/bench2drive_111/infractions.json
=== [Agent] -- Wallclock = 2026-09-01 19:27:51.682 -- System time = 129.458 -- Game time = 31.800 -- Ratio = 0.246x
2026-09-01 19:27:51 [INFO] [/home/vcdc/disk2t/lead/lead/inference/sensor_agent_bridgedrive.py:270] [SensorAgent] Saved 8 infractions to outputs/local_evaluation/bench2drive_111/infractions.json
=== [Agent] -- Wallclock = 2026-09-01 19:27:51.864 -- System time = 129.640 -- Game time = 31.850 -- Ratio = 0.246x
2026-09-01 19:27:52 [INFO] [/home/vcdc/disk2t/lead/lead/inference/sensor_agent_bridgedrive.py:270] [SensorAgent] Saved 8 infractions to outputs/local_evaluation/bench2drive_111/infractions.json
=== [Agent] -- Wallclock = 2026-09-01 19:27:52.094 -- System time = 129.870 -- Game time = 31.900 -- Ratio = 0.246x
2026-09-01 19:27:52 [INFO] [/home/vcdc/disk2t/lead/lead/inference/sensor_agent_bridgedrive.py:270] [SensorAgent] Saved 8 infractions to outputs/local_evaluation/bench2drive_111/infractions.json
=== [Agent] -- Wallclock = 2026-09-01 19:27:52.261 -- System time = 130.037 -- Game time = 31.950 -- Ratio = 0.246x
2026-09-01 19:27:52 [INFO] [/home/vcdc/disk2t/lead/lead/inference/sensor_agent_bridgedrive.py:270] [SensorAgent] Saved 8 infractions to outputs/local_evaluation/bench2drive_111/infractions.json
=== [Agent] -- Wallclock = 2026-09-01 19:27:52.496 -- System time = 130.273 -- Game time = 32.000 -- Ratio = 0.246x
2026-09-01 19:27:52 [INFO] [/home/vcdc/disk2t/lead/lead/inference/sensor_agent_bridgedrive.py:270] [SensorAgent] Saved 8 infractions to outputs/local_evaluation/bench2drive_111/infractions.json
=== [Agent] -- Wallclock = 2026-09-01 19:27:52.669 -- System time = 130.445 -- Game time = 32.050 -- Ratio = 0.246x
2026-09-01 19:27:52 [INFO] [/home/vcdc/disk2t/lead/lead/inference/sensor_agent_bridgedrive.py:270] [SensorAgent] Saved 8 infractions to outputs/local_evaluation/bench2drive_111/infractions.json
=== [Agent] -- Wallclock = 2026-09-01 19:27:52.924 -- System time = 130.701 -- Game time = 32.100 -- Ratio = 0.246x
2026-09-01 19:27:53 [INFO] [/home/vcdc/disk2t/lead/lead/inference/sensor_agent_bridgedrive.py:270] [SensorAgent] Saved 8 infractions to outputs/local_evaluation/bench2drive_111/infractions.json
=== [Agent] -- Wallclock = 2026-09-01 19:27:53.097 -- System time = 130.873 -- Game time = 32.150 -- Ratio = 0.246x
2026-09-01 19:27:53 [INFO] [/home/vcdc/disk2t/lead/lead/inference/sensor_agent_bridgedrive.py:270] [SensorAgent] Saved 8 infractions to outputs/local_evaluation/bench2drive_111/infractions.json
=== [Agent] -- Wallclock = 2026-09-01 19:27:53.344 -- System time = 131.120 -- Game time = 32.200 -- Ratio = 0.246x
2026-09-01 19:27:53 [INFO] [/home/vcdc/disk2t/lead/lead/inference/sensor_agent_bridgedrive.py:270] [SensorAgent] Saved 8 infractions to outputs/local_evaluation/bench2drive_111/infractions.json
=== [Agent] -- Wallclock = 2026-09-01 19:27:53.521 -- System time = 131.297 -- Game time = 32.250 -- Ratio = 0.246x
2026-09-01 19:27:53 [INFO] [/home/vcdc/disk2t/lead/lead/inference/sensor_agent_bridgedrive.py:270] [SensorAgent] Saved 8 infractions to outputs/local_evaluation/bench2drive_111/infractions.json
=== [Agent] -- Wallclock = 2026-09-01 19:27:53.755 -- System time = 131.531 -- Game time = 32.300 -- Ratio = 0.246x
2026-09-01 19:27:53 [INFO] [/home/vcdc/disk2t/lead/lead/inference/sensor_agent_bridgedrive.py:270] [SensorAgent] Saved 8 infractions to outputs/local_evaluation/bench2drive_111/infractions.json
=== [Agent] -- Wallclock = 2026-09-01 19:27:53.926 -- System time = 131.702 -- Game time = 32.350 -- Ratio = 0.246x
2026-09-01 19:27:54 [INFO] [/home/vcdc/disk2t/lead/lead/inference/sensor_agent_bridgedrive.py:270] [SensorAgent] Saved 8 infractions to outputs/local_evaluation/bench2drive_111/infractions.json
=== [Agent] -- Wallclock = 2026-09-01 19:27:54.179 -- System time = 131.955 -- Game time = 32.400 -- Ratio = 0.246x
2026-09-01 19:27:54 [INFO] [/home/vcdc/disk2t/lead/lead/inference/sensor_agent_bridgedrive.py:270] [SensorAgent] Saved 8 infractions to outputs/local_evaluation/bench2drive_111/infractions.json
=== [Agent] -- Wallclock = 2026-09-01 19:27:54.402 -- System time = 132.179 -- Game time = 32.450 -- Ratio = 0.246x
2026-09-01 19:27:54 [INFO] [/home/vcdc/disk2t/lead/lead/inference/sensor_agent_bridgedrive.py:270] [SensorAgent] Saved 8 infractions to outputs/local_evaluation/bench2drive_111/infractions.json
=== [Agent] -- Wallclock = 2026-09-01 19:27:54.646 -- System time = 132.422 -- Game time = 32.500 -- Ratio = 0.245x
2026-09-01 19:27:54 [INFO] [/home/vcdc/disk2t/lead/lead/inference/sensor_agent_bridgedrive.py:270] [SensorAgent] Saved 8 infractions to outputs/local_evaluation/bench2drive_111/infractions.json
=== [Agent] -- Wallclock = 2026-09-01 19:27:54.820 -- System time = 132.596 -- Game time = 32.550 -- Ratio = 0.245x
2026-09-01 19:27:54 [INFO] [/home/vcdc/disk2t/lead/lead/inference/sensor_agent_bridgedrive.py:270] [SensorAgent] Saved 8 infractions to outputs/local_evaluation/bench2drive_111/infractions.json
=== [Agent] -- Wallclock = 2026-09-01 19:27:55.049 -- System time = 132.825 -- Game time = 32.600 -- Ratio = 0.245x
2026-09-01 19:27:55 [INFO] [/home/vcdc/disk2t/lead/lead/inference/sensor_agent_bridgedrive.py:270] [SensorAgent] Saved 8 infractions to outputs/local_evaluation/bench2drive_111/infractions.json
=== [Agent] -- Wallclock = 2026-09-01 19:27:55.214 -- System time = 132.990 -- Game time = 32.650 -- Ratio = 0.246x
2026-09-01 19:27:55 [INFO] [/home/vcdc/disk2t/lead/lead/inference/sensor_agent_bridgedrive.py:270] [SensorAgent] Saved 8 infractions to outputs/local_evaluation/bench2drive_111/infractions.json
=== [Agent] -- Wallclock = 2026-09-01 19:27:55.468 -- System time = 133.244 -- Game time = 32.700 -- Ratio = 0.245x
2026-09-01 19:27:55 [INFO] [/home/vcdc/disk2t/lead/lead/inference/sensor_agent_bridgedrive.py:270] [SensorAgent] Saved 8 infractions to outputs/local_evaluation/bench2drive_111/infractions.json
=== [Agent] -- Wallclock = 2026-09-01 19:27:55.634 -- System time = 133.410 -- Game time = 32.750 -- Ratio = 0.245x
2026-09-01 19:27:55 [INFO] [/home/vcdc/disk2t/lead/lead/inference/sensor_agent_bridgedrive.py:245] [SensorAgent] Infraction detected at step 654: MinSpeedTest
2026-09-01 19:27:55 [INFO] [/home/vcdc/disk2t/lead/lead/inference/sensor_agent_bridgedrive.py:270] [SensorAgent] Saved 9 infractions to outputs/local_evaluation/bench2drive_111/infractions.json
=== [Agent] -- Wallclock = 2026-09-01 19:27:55.899 -- System time = 133.675 -- Game time = 32.800 -- Ratio = 0.245x
2026-09-01 19:27:56 [INFO] [/home/vcdc/disk2t/lead/lead/inference/sensor_agent_bridgedrive.py:270] [SensorAgent] Saved 9 infractions to outputs/local_evaluation/bench2drive_111/infractions.json
=== [Agent] -- Wallclock = 2026-09-01 19:27:56.073 -- System time = 133.849 -- Game time = 32.850 -- Ratio = 0.245x
2026-09-01 19:27:56 [INFO] [/home/vcdc/disk2t/lead/lead/inference/sensor_agent_bridgedrive.py:270] [SensorAgent] Saved 9 infractions to outputs/local_evaluation/bench2drive_111/infractions.json
=== [Agent] -- Wallclock = 2026-09-01 19:27:56.304 -- System time = 134.080 -- Game time = 32.900 -- Ratio = 0.245x
2026-09-01 19:27:56 [INFO] [/home/vcdc/disk2t/lead/lead/inference/sensor_agent_bridgedrive.py:270] [SensorAgent] Saved 9 infractions to outputs/local_evaluation/bench2drive_111/infractions.json
=== [Agent] -- Wallclock = 2026-09-01 19:27:56.486 -- System time = 134.262 -- Game time = 32.950 -- Ratio = 0.245x
2026-09-01 19:27:56 [INFO] [/home/vcdc/disk2t/lead/lead/inference/sensor_agent_bridgedrive.py:270] [SensorAgent] Saved 9 infractions to outputs/local_evaluation/bench2drive_111/infractions.json
=== [Agent] -- Wallclock = 2026-09-01 19:27:56.713 -- System time = 134.489 -- Game time = 33.000 -- Ratio = 0.245x
2026-09-01 19:27:56 [INFO] [/home/vcdc/disk2t/lead/lead/inference/sensor_agent_bridgedrive.py:270] [SensorAgent] Saved 9 infractions to outputs/local_evaluation/bench2drive_111/infractions.json
=== [Agent] -- Wallclock = 2026-09-01 19:27:56.913 -- System time = 134.689 -- Game time = 33.050 -- Ratio = 0.245x
2026-09-01 19:27:57 [INFO] [/home/vcdc/disk2t/lead/lead/inference/sensor_agent_bridgedrive.py:270] [SensorAgent] Saved 9 infractions to outputs/local_evaluation/bench2drive_111/infractions.json
=== [Agent] -- Wallclock = 2026-09-01 19:27:57.145 -- System time = 134.921 -- Game time = 33.100 -- Ratio = 0.245x
2026-09-01 19:27:57 [INFO] [/home/vcdc/disk2t/lead/lead/inference/sensor_agent_bridgedrive.py:270] [SensorAgent] Saved 9 infractions to outputs/local_evaluation/bench2drive_111/infractions.json
=== [Agent] -- Wallclock = 2026-09-01 19:27:57.332 -- System time = 135.108 -- Game time = 33.150 -- Ratio = 0.245x
2026-09-01 19:27:57 [INFO] [/home/vcdc/disk2t/lead/lead/inference/sensor_agent_bridgedrive.py:270] [SensorAgent] Saved 9 infractions to outputs/local_evaluation/bench2drive_111/infractions.json
=== [Agent] -- Wallclock = 2026-09-01 19:27:57.571 -- System time = 135.347 -- Game time = 33.200 -- Ratio = 0.245x
2026-09-01 19:27:57 [INFO] [/home/vcdc/disk2t/lead/lead/inference/sensor_agent_bridgedrive.py:270] [SensorAgent] Saved 9 infractions to outputs/local_evaluation/bench2drive_111/infractions.json
=== [Agent] -- Wallclock = 2026-09-01 19:27:57.738 -- System time = 135.514 -- Game time = 33.250 -- Ratio = 0.245x
2026-09-01 19:27:57 [INFO] [/home/vcdc/disk2t/lead/lead/inference/sensor_agent_bridgedrive.py:270] [SensorAgent] Saved 9 infractions to outputs/local_evaluation/bench2drive_111/infractions.json
=== [Agent] -- Wallclock = 2026-09-01 19:27:57.986 -- System time = 135.762 -- Game time = 33.300 -- Ratio = 0.245x
2026-09-01 19:27:58 [INFO] [/home/vcdc/disk2t/lead/lead/inference/sensor_agent_bridgedrive.py:270] [SensorAgent] Saved 9 infractions to outputs/local_evaluation/bench2drive_111/infractions.json
=== [Agent] -- Wallclock = 2026-09-01 19:27:58.158 -- System time = 135.934 -- Game time = 33.350 -- Ratio = 0.245x
2026-09-01 19:27:58 [INFO] [/home/vcdc/disk2t/lead/lead/inference/sensor_agent_bridgedrive.py:270] [SensorAgent] Saved 9 infractions to outputs/local_evaluation/bench2drive_111/infractions.json
=== [Agent] -- Wallclock = 2026-09-01 19:27:58.394 -- System time = 136.170 -- Game time = 33.400 -- Ratio = 0.245x
2026-09-01 19:27:58 [INFO] [/home/vcdc/disk2t/lead/lead/inference/sensor_agent_bridgedrive.py:270] [SensorAgent] Saved 9 infractions to outputs/local_evaluation/bench2drive_111/infractions.json
=== [Agent] -- Wallclock = 2026-09-01 19:27:58.564 -- System time = 136.340 -- Game time = 33.450 -- Ratio = 0.245x
2026-09-01 19:27:58 [INFO] [/home/vcdc/disk2t/lead/lead/inference/sensor_agent_bridgedrive.py:270] [SensorAgent] Saved 9 infractions to outputs/local_evaluation/bench2drive_111/infractions.json
=== [Agent] -- Wallclock = 2026-09-01 19:27:58.800 -- System time = 136.576 -- Game time = 33.500 -- Ratio = 0.245x
2026-09-01 19:27:58 [INFO] [/home/vcdc/disk2t/lead/lead/inference/sensor_agent_bridgedrive.py:270] [SensorAgent] Saved 9 infractions to outputs/local_evaluation/bench2drive_111/infractions.json
=== [Agent] -- Wallclock = 2026-09-01 19:27:58.972 -- System time = 136.748 -- Game time = 33.550 -- Ratio = 0.245x
2026-09-01 19:27:59 [INFO] [/home/vcdc/disk2t/lead/lead/inference/sensor_agent_bridgedrive.py:270] [SensorAgent] Saved 9 infractions to outputs/local_evaluation/bench2drive_111/infractions.json
=== [Agent] -- Wallclock = 2026-09-01 19:27:59.213 -- System time = 136.989 -- Game time = 33.600 -- Ratio = 0.245x
2026-09-01 19:27:59 [INFO] [/home/vcdc/disk2t/lead/lead/inference/sensor_agent_bridgedrive.py:270] [SensorAgent] Saved 9 infractions to outputs/local_evaluation/bench2drive_111/infractions.json
=== [Agent] -- Wallclock = 2026-09-01 19:27:59.379 -- System time = 137.155 -- Game time = 33.650 -- Ratio = 0.245x
2026-09-01 19:27:59 [INFO] [/home/vcdc/disk2t/lead/lead/inference/sensor_agent_bridgedrive.py:270] [SensorAgent] Saved 9 infractions to outputs/local_evaluation/bench2drive_111/infractions.json
=== [Agent] -- Wallclock = 2026-09-01 19:27:59.619 -- System time = 137.396 -- Game time = 33.700 -- Ratio = 0.245x
2026-09-01 19:27:59 [INFO] [/home/vcdc/disk2t/lead/lead/inference/sensor_agent_bridgedrive.py:270] [SensorAgent] Saved 9 infractions to outputs/local_evaluation/bench2drive_111/infractions.json
=== [Agent] -- Wallclock = 2026-09-01 19:27:59.791 -- System time = 137.567 -- Game time = 33.750 -- Ratio = 0.245x
2026-09-01 19:27:59 [INFO] [/home/vcdc/disk2t/lead/lead/inference/sensor_agent_bridgedrive.py:270] [SensorAgent] Saved 9 infractions to outputs/local_evaluation/bench2drive_111/infractions.json
=== [Agent] -- Wallclock = 2026-09-01 19:28:00.029 -- System time = 137.805 -- Game time = 33.800 -- Ratio = 0.245x
2026-09-01 19:28:00 [INFO] [/home/vcdc/disk2t/lead/lead/inference/sensor_agent_bridgedrive.py:270] [SensorAgent] Saved 9 infractions to outputs/local_evaluation/bench2drive_111/infractions.json
=== [Agent] -- Wallclock = 2026-09-01 19:28:00.202 -- System time = 137.978 -- Game time = 33.850 -- Ratio = 0.245x
2026-09-01 19:28:00 [INFO] [/home/vcdc/disk2t/lead/lead/inference/sensor_agent_bridgedrive.py:270] [SensorAgent] Saved 9 infractions to outputs/local_evaluation/bench2drive_111/infractions.json
=== [Agent] -- Wallclock = 2026-09-01 19:28:00.467 -- System time = 138.243 -- Game time = 33.900 -- Ratio = 0.245x
2026-09-01 19:28:00 [INFO] [/home/vcdc/disk2t/lead/lead/inference/sensor_agent_bridgedrive.py:270] [SensorAgent] Saved 9 infractions to outputs/local_evaluation/bench2drive_111/infractions.json
=== [Agent] -- Wallclock = 2026-09-01 19:28:00.644 -- System time = 138.421 -- Game time = 33.950 -- Ratio = 0.245x
2026-09-01 19:28:00 [INFO] [/home/vcdc/disk2t/lead/lead/inference/sensor_agent_bridgedrive.py:270] [SensorAgent] Saved 9 infractions to outputs/local_evaluation/bench2drive_111/infractions.json
=== [Agent] -- Wallclock = 2026-09-01 19:28:00.875 -- System time = 138.651 -- Game time = 34.000 -- Ratio = 0.245x
2026-09-01 19:28:01 [INFO] [/home/vcdc/disk2t/lead/lead/inference/sensor_agent_bridgedrive.py:270] [SensorAgent] Saved 9 infractions to outputs/local_evaluation/bench2drive_111/infractions.json
=== [Agent] -- Wallclock = 2026-09-01 19:28:01.045 -- System time = 138.821 -- Game time = 34.050 -- Ratio = 0.245x
2026-09-01 19:28:01 [INFO] [/home/vcdc/disk2t/lead/lead/inference/sensor_agent_bridgedrive.py:270] [SensorAgent] Saved 9 infractions to outputs/local_evaluation/bench2drive_111/infractions.json
=== [Agent] -- Wallclock = 2026-09-01 19:28:01.273 -- System time = 139.049 -- Game time = 34.100 -- Ratio = 0.245x
2026-09-01 19:28:01 [INFO] [/home/vcdc/disk2t/lead/lead/inference/sensor_agent_bridgedrive.py:270] [SensorAgent] Saved 9 infractions to outputs/local_evaluation/bench2drive_111/infractions.json
=== [Agent] -- Wallclock = 2026-09-01 19:28:01.441 -- System time = 139.217 -- Game time = 34.150 -- Ratio = 0.245x
2026-09-01 19:28:01 [INFO] [/home/vcdc/disk2t/lead/lead/inference/sensor_agent_bridgedrive.py:270] [SensorAgent] Saved 9 infractions to outputs/local_evaluation/bench2drive_111/infractions.json
=== [Agent] -- Wallclock = 2026-09-01 19:28:01.702 -- System time = 139.478 -- Game time = 34.200 -- Ratio = 0.245x
2026-09-01 19:28:01 [INFO] [/home/vcdc/disk2t/lead/lead/inference/sensor_agent_bridgedrive.py:270] [SensorAgent] Saved 9 infractions to outputs/local_evaluation/bench2drive_111/infractions.json
=== [Agent] -- Wallclock = 2026-09-01 19:28:01.916 -- System time = 139.692 -- Game time = 34.250 -- Ratio = 0.245x
2026-09-01 19:28:02 [INFO] [/home/vcdc/disk2t/lead/lead/inference/sensor_agent_bridgedrive.py:270] [SensorAgent] Saved 9 infractions to outputs/local_evaluation/bench2drive_111/infractions.json
=== [Agent] -- Wallclock = 2026-09-01 19:28:02.160 -- System time = 139.936 -- Game time = 34.300 -- Ratio = 0.245x
2026-09-01 19:28:02 [INFO] [/home/vcdc/disk2t/lead/lead/inference/sensor_agent_bridgedrive.py:270] [SensorAgent] Saved 9 infractions to outputs/local_evaluation/bench2drive_111/infractions.json
=== [Agent] -- Wallclock = 2026-09-01 19:28:02.330 -- System time = 140.107 -- Game time = 34.350 -- Ratio = 0.245x
2026-09-01 19:28:02 [INFO] [/home/vcdc/disk2t/lead/lead/inference/sensor_agent_bridgedrive.py:270] [SensorAgent] Saved 9 infractions to outputs/local_evaluation/bench2drive_111/infractions.json
=== [Agent] -- Wallclock = 2026-09-01 19:28:02.567 -- System time = 140.344 -- Game time = 34.400 -- Ratio = 0.245x
2026-09-01 19:28:02 [INFO] [/home/vcdc/disk2t/lead/lead/inference/sensor_agent_bridgedrive.py:270] [SensorAgent] Saved 9 infractions to outputs/local_evaluation/bench2drive_111/infractions.json
=== [Agent] -- Wallclock = 2026-09-01 19:28:02.736 -- System time = 140.512 -- Game time = 34.450 -- Ratio = 0.245x
2026-09-01 19:28:02 [INFO] [/home/vcdc/disk2t/lead/lead/inference/sensor_agent_bridgedrive.py:270] [SensorAgent] Saved 9 infractions to outputs/local_evaluation/bench2drive_111/infractions.json
=== [Agent] -- Wallclock = 2026-09-01 19:28:02.972 -- System time = 140.748 -- Game time = 34.500 -- Ratio = 0.245x
2026-09-01 19:28:03 [INFO] [/home/vcdc/disk2t/lead/lead/inference/sensor_agent_bridgedrive.py:270] [SensorAgent] Saved 9 infractions to outputs/local_evaluation/bench2drive_111/infractions.json
=== [Agent] -- Wallclock = 2026-09-01 19:28:03.141 -- System time = 140.917 -- Game time = 34.550 -- Ratio = 0.245x
2026-09-01 19:28:03 [INFO] [/home/vcdc/disk2t/lead/lead/inference/sensor_agent_bridgedrive.py:270] [SensorAgent] Saved 9 infractions to outputs/local_evaluation/bench2drive_111/infractions.json
=== [Agent] -- Wallclock = 2026-09-01 19:28:03.382 -- System time = 141.158 -- Game time = 34.600 -- Ratio = 0.245x
2026-09-01 19:28:03 [INFO] [/home/vcdc/disk2t/lead/lead/inference/sensor_agent_bridgedrive.py:270] [SensorAgent] Saved 9 infractions to outputs/local_evaluation/bench2drive_111/infractions.json
=== [Agent] -- Wallclock = 2026-09-01 19:28:03.587 -- System time = 141.363 -- Game time = 34.650 -- Ratio = 0.245x
2026-09-01 19:28:03 [INFO] [/home/vcdc/disk2t/lead/lead/inference/sensor_agent_bridgedrive.py:270] [SensorAgent] Saved 9 infractions to outputs/local_evaluation/bench2drive_111/infractions.json
=== [Agent] -- Wallclock = 2026-09-01 19:28:03.824 -- System time = 141.600 -- Game time = 34.700 -- Ratio = 0.245x
2026-09-01 19:28:03 [INFO] [/home/vcdc/disk2t/lead/lead/inference/sensor_agent_bridgedrive.py:270] [SensorAgent] Saved 9 infractions to outputs/local_evaluation/bench2drive_111/infractions.json
=== [Agent] -- Wallclock = 2026-09-01 19:28:03.994 -- System time = 141.770 -- Game time = 34.750 -- Ratio = 0.245x
2026-09-01 19:28:04 [INFO] [/home/vcdc/disk2t/lead/lead/inference/sensor_agent_bridgedrive.py:270] [SensorAgent] Saved 9 infractions to outputs/local_evaluation/bench2drive_111/infractions.json
=== [Agent] -- Wallclock = 2026-09-01 19:28:04.232 -- System time = 142.008 -- Game time = 34.800 -- Ratio = 0.245x
2026-09-01 19:28:04 [INFO] [/home/vcdc/disk2t/lead/lead/inference/sensor_agent_bridgedrive.py:270] [SensorAgent] Saved 9 infractions to outputs/local_evaluation/bench2drive_111/infractions.json
=== [Agent] -- Wallclock = 2026-09-01 19:28:04.405 -- System time = 142.181 -- Game time = 34.850 -- Ratio = 0.245x
2026-09-01 19:28:04 [INFO] [/home/vcdc/disk2t/lead/lead/inference/sensor_agent_bridgedrive.py:270] [SensorAgent] Saved 9 infractions to outputs/local_evaluation/bench2drive_111/infractions.json
=== [Agent] -- Wallclock = 2026-09-01 19:28:04.657 -- System time = 142.433 -- Game time = 34.900 -- Ratio = 0.245x
2026-09-01 19:28:04 [INFO] [/home/vcdc/disk2t/lead/lead/inference/sensor_agent_bridgedrive.py:270] [SensorAgent] Saved 9 infractions to outputs/local_evaluation/bench2drive_111/infractions.json
=== [Agent] -- Wallclock = 2026-09-01 19:28:04.825 -- System time = 142.601 -- Game time = 34.950 -- Ratio = 0.245x
2026-09-01 19:28:04 [INFO] [/home/vcdc/disk2t/lead/lead/inference/sensor_agent_bridgedrive.py:270] [SensorAgent] Saved 9 infractions to outputs/local_evaluation/bench2drive_111/infractions.json
=== [Agent] -- Wallclock = 2026-09-01 19:28:05.059 -- System time = 142.835 -- Game time = 35.000 -- Ratio = 0.245x
2026-09-01 19:28:05 [INFO] [/home/vcdc/disk2t/lead/lead/inference/sensor_agent_bridgedrive.py:270] [SensorAgent] Saved 9 infractions to outputs/local_evaluation/bench2drive_111/infractions.json
=== [Agent] -- Wallclock = 2026-09-01 19:28:05.225 -- System time = 143.001 -- Game time = 35.050 -- Ratio = 0.245x
2026-09-01 19:28:05 [INFO] [/home/vcdc/disk2t/lead/lead/inference/sensor_agent_bridgedrive.py:270] [SensorAgent] Saved 9 infractions to outputs/local_evaluation/bench2drive_111/infractions.json
=== [Agent] -- Wallclock = 2026-09-01 19:28:05.449 -- System time = 143.225 -- Game time = 35.100 -- Ratio = 0.245x
2026-09-01 19:28:05 [INFO] [/home/vcdc/disk2t/lead/lead/inference/sensor_agent_bridgedrive.py:270] [SensorAgent] Saved 9 infractions to outputs/local_evaluation/bench2drive_111/infractions.json
=== [Agent] -- Wallclock = 2026-09-01 19:28:05.629 -- System time = 143.406 -- Game time = 35.150 -- Ratio = 0.245x
2026-09-01 19:28:05 [INFO] [/home/vcdc/disk2t/lead/lead/inference/sensor_agent_bridgedrive.py:270] [SensorAgent] Saved 9 infractions to outputs/local_evaluation/bench2drive_111/infractions.json
=== [Agent] -- Wallclock = 2026-09-01 19:28:05.880 -- System time = 143.656 -- Game time = 35.200 -- Ratio = 0.245x
2026-09-01 19:28:06 [INFO] [/home/vcdc/disk2t/lead/lead/inference/sensor_agent_bridgedrive.py:270] [SensorAgent] Saved 9 infractions to outputs/local_evaluation/bench2drive_111/infractions.json
=== [Agent] -- Wallclock = 2026-09-01 19:28:06.040 -- System time = 143.817 -- Game time = 35.250 -- Ratio = 0.245x
2026-09-01 19:28:06 [INFO] [/home/vcdc/disk2t/lead/lead/inference/sensor_agent_bridgedrive.py:270] [SensorAgent] Saved 9 infractions to outputs/local_evaluation/bench2drive_111/infractions.json
=== [Agent] -- Wallclock = 2026-09-01 19:28:06.273 -- System time = 144.049 -- Game time = 35.300 -- Ratio = 0.245x
2026-09-01 19:28:06 [INFO] [/home/vcdc/disk2t/lead/lead/inference/sensor_agent_bridgedrive.py:270] [SensorAgent] Saved 9 infractions to outputs/local_evaluation/bench2drive_111/infractions.json
=== [Agent] -- Wallclock = 2026-09-01 19:28:06.446 -- System time = 144.222 -- Game time = 35.350 -- Ratio = 0.245x
2026-09-01 19:28:06 [INFO] [/home/vcdc/disk2t/lead/lead/inference/sensor_agent_bridgedrive.py:270] [SensorAgent] Saved 9 infractions to outputs/local_evaluation/bench2drive_111/infractions.json
=== [Agent] -- Wallclock = 2026-09-01 19:28:06.688 -- System time = 144.465 -- Game time = 35.400 -- Ratio = 0.245x
2026-09-01 19:28:06 [INFO] [/home/vcdc/disk2t/lead/lead/inference/sensor_agent_bridgedrive.py:270] [SensorAgent] Saved 9 infractions to outputs/local_evaluation/bench2drive_111/infractions.json
=== [Agent] -- Wallclock = 2026-09-01 19:28:06.862 -- System time = 144.638 -- Game time = 35.450 -- Ratio = 0.245x
2026-09-01 19:28:07 [INFO] [/home/vcdc/disk2t/lead/lead/inference/sensor_agent_bridgedrive.py:270] [SensorAgent] Saved 9 infractions to outputs/local_evaluation/bench2drive_111/infractions.json
=== [Agent] -- Wallclock = 2026-09-01 19:28:07.096 -- System time = 144.872 -- Game time = 35.500 -- Ratio = 0.245x
2026-09-01 19:28:07 [INFO] [/home/vcdc/disk2t/lead/lead/inference/sensor_agent_bridgedrive.py:270] [SensorAgent] Saved 9 infractions to outputs/local_evaluation/bench2drive_111/infractions.json
=== [Agent] -- Wallclock = 2026-09-01 19:28:07.268 -- System time = 145.044 -- Game time = 35.550 -- Ratio = 0.245x
2026-09-01 19:28:07 [INFO] [/home/vcdc/disk2t/lead/lead/inference/sensor_agent_bridgedrive.py:270] [SensorAgent] Saved 9 infractions to outputs/local_evaluation/bench2drive_111/infractions.json
=== [Agent] -- Wallclock = 2026-09-01 19:28:07.501 -- System time = 145.277 -- Game time = 35.600 -- Ratio = 0.245x
2026-09-01 19:28:07 [INFO] [/home/vcdc/disk2t/lead/lead/inference/sensor_agent_bridgedrive.py:270] [SensorAgent] Saved 9 infractions to outputs/local_evaluation/bench2drive_111/infractions.json
=== [Agent] -- Wallclock = 2026-09-01 19:28:07.671 -- System time = 145.447 -- Game time = 35.650 -- Ratio = 0.245x
2026-09-01 19:28:07 [INFO] [/home/vcdc/disk2t/lead/lead/inference/sensor_agent_bridgedrive.py:270] [SensorAgent] Saved 9 infractions to outputs/local_evaluation/bench2drive_111/infractions.json
=== [Agent] -- Wallclock = 2026-09-01 19:28:07.909 -- System time = 145.685 -- Game time = 35.700 -- Ratio = 0.245x
2026-09-01 19:28:08 [INFO] [/home/vcdc/disk2t/lead/lead/inference/sensor_agent_bridgedrive.py:270] [SensorAgent] Saved 9 infractions to outputs/local_evaluation/bench2drive_111/infractions.json
=== [Agent] -- Wallclock = 2026-09-01 19:28:08.086 -- System time = 145.862 -- Game time = 35.750 -- Ratio = 0.245x
2026-09-01 19:28:08 [INFO] [/home/vcdc/disk2t/lead/lead/inference/sensor_agent_bridgedrive.py:270] [SensorAgent] Saved 9 infractions to outputs/local_evaluation/bench2drive_111/infractions.json
=== [Agent] -- Wallclock = 2026-09-01 19:28:08.319 -- System time = 146.095 -- Game time = 35.800 -- Ratio = 0.245x
2026-09-01 19:28:08 [INFO] [/home/vcdc/disk2t/lead/lead/inference/sensor_agent_bridgedrive.py:270] [SensorAgent] Saved 9 infractions to outputs/local_evaluation/bench2drive_111/infractions.json
=== [Agent] -- Wallclock = 2026-09-01 19:28:08.487 -- System time = 146.264 -- Game time = 35.850 -- Ratio = 0.245x
2026-09-01 19:28:08 [INFO] [/home/vcdc/disk2t/lead/lead/inference/sensor_agent_bridgedrive.py:270] [SensorAgent] Saved 9 infractions to outputs/local_evaluation/bench2drive_111/infractions.json
=== [Agent] -- Wallclock = 2026-09-01 19:28:08.732 -- System time = 146.508 -- Game time = 35.900 -- Ratio = 0.245x
2026-09-01 19:28:08 [INFO] [/home/vcdc/disk2t/lead/lead/inference/sensor_agent_bridgedrive.py:270] [SensorAgent] Saved 9 infractions to outputs/local_evaluation/bench2drive_111/infractions.json
=== [Agent] -- Wallclock = 2026-09-01 19:28:08.902 -- System time = 146.678 -- Game time = 35.950 -- Ratio = 0.245x
2026-09-01 19:28:09 [INFO] [/home/vcdc/disk2t/lead/lead/inference/sensor_agent_bridgedrive.py:270] [SensorAgent] Saved 9 infractions to outputs/local_evaluation/bench2drive_111/infractions.json
=== [Agent] -- Wallclock = 2026-09-01 19:28:09.133 -- System time = 146.909 -- Game time = 36.000 -- Ratio = 0.245x
2026-09-01 19:28:09 [INFO] [/home/vcdc/disk2t/lead/lead/inference/sensor_agent_bridgedrive.py:270] [SensorAgent] Saved 9 infractions to outputs/local_evaluation/bench2drive_111/infractions.json
=== [Agent] -- Wallclock = 2026-09-01 19:28:09.294 -- System time = 147.070 -- Game time = 36.050 -- Ratio = 0.245x
2026-09-01 19:28:09 [INFO] [/home/vcdc/disk2t/lead/lead/inference/sensor_agent_bridgedrive.py:270] [SensorAgent] Saved 9 infractions to outputs/local_evaluation/bench2drive_111/infractions.json
=== [Agent] -- Wallclock = 2026-09-01 19:28:09.530 -- System time = 147.307 -- Game time = 36.100 -- Ratio = 0.245x
2026-09-01 19:28:09 [INFO] [/home/vcdc/disk2t/lead/lead/inference/sensor_agent_bridgedrive.py:270] [SensorAgent] Saved 9 infractions to outputs/local_evaluation/bench2drive_111/infractions.json
=== [Agent] -- Wallclock = 2026-09-01 19:28:09.701 -- System time = 147.477 -- Game time = 36.150 -- Ratio = 0.245x
2026-09-01 19:28:09 [INFO] [/home/vcdc/disk2t/lead/lead/inference/sensor_agent_bridgedrive.py:270] [SensorAgent] Saved 9 infractions to outputs/local_evaluation/bench2drive_111/infractions.json
=== [Agent] -- Wallclock = 2026-09-01 19:28:09.953 -- System time = 147.729 -- Game time = 36.200 -- Ratio = 0.245x
2026-09-01 19:28:10 [INFO] [/home/vcdc/disk2t/lead/lead/inference/sensor_agent_bridgedrive.py:270] [SensorAgent] Saved 9 infractions to outputs/local_evaluation/bench2drive_111/infractions.json
=== [Agent] -- Wallclock = 2026-09-01 19:28:10.150 -- System time = 147.926 -- Game time = 36.250 -- Ratio = 0.245x
2026-09-01 19:28:10 [INFO] [/home/vcdc/disk2t/lead/lead/inference/sensor_agent_bridgedrive.py:270] [SensorAgent] Saved 9 infractions to outputs/local_evaluation/bench2drive_111/infractions.json
=== [Agent] -- Wallclock = 2026-09-01 19:28:10.403 -- System time = 148.180 -- Game time = 36.300 -- Ratio = 0.245x
2026-09-01 19:28:10 [INFO] [/home/vcdc/disk2t/lead/lead/inference/sensor_agent_bridgedrive.py:270] [SensorAgent] Saved 9 infractions to outputs/local_evaluation/bench2drive_111/infractions.json
=== [Agent] -- Wallclock = 2026-09-01 19:28:10.587 -- System time = 148.363 -- Game time = 36.350 -- Ratio = 0.245x
2026-09-01 19:28:10 [INFO] [/home/vcdc/disk2t/lead/lead/inference/sensor_agent_bridgedrive.py:270] [SensorAgent] Saved 9 infractions to outputs/local_evaluation/bench2drive_111/infractions.json
=== [Agent] -- Wallclock = 2026-09-01 19:28:10.830 -- System time = 148.606 -- Game time = 36.400 -- Ratio = 0.245x
2026-09-01 19:28:10 [INFO] [/home/vcdc/disk2t/lead/lead/inference/sensor_agent_bridgedrive.py:270] [SensorAgent] Saved 9 infractions to outputs/local_evaluation/bench2drive_111/infractions.json
=== [Agent] -- Wallclock = 2026-09-01 19:28:11.015 -- System time = 148.791 -- Game time = 36.450 -- Ratio = 0.245x
2026-09-01 19:28:11 [INFO] [/home/vcdc/disk2t/lead/lead/inference/sensor_agent_bridgedrive.py:270] [SensorAgent] Saved 9 infractions to outputs/local_evaluation/bench2drive_111/infractions.json
=== [Agent] -- Wallclock = 2026-09-01 19:28:11.255 -- System time = 149.032 -- Game time = 36.500 -- Ratio = 0.245x
2026-09-01 19:28:11 [INFO] [/home/vcdc/disk2t/lead/lead/inference/sensor_agent_bridgedrive.py:270] [SensorAgent] Saved 9 infractions to outputs/local_evaluation/bench2drive_111/infractions.json
=== [Agent] -- Wallclock = 2026-09-01 19:28:11.428 -- System time = 149.205 -- Game time = 36.550 -- Ratio = 0.245x
2026-09-01 19:28:11 [INFO] [/home/vcdc/disk2t/lead/lead/inference/sensor_agent_bridgedrive.py:270] [SensorAgent] Saved 9 infractions to outputs/local_evaluation/bench2drive_111/infractions.json
=== [Agent] -- Wallclock = 2026-09-01 19:28:11.659 -- System time = 149.435 -- Game time = 36.600 -- Ratio = 0.245x
2026-09-01 19:28:11 [INFO] [/home/vcdc/disk2t/lead/lead/inference/sensor_agent_bridgedrive.py:245] [SensorAgent] Infraction detected at step 731: MinSpeedTest
2026-09-01 19:28:11 [INFO] [/home/vcdc/disk2t/lead/lead/inference/sensor_agent_bridgedrive.py:270] [SensorAgent] Saved 10 infractions to outputs/local_evaluation/bench2drive_111/infractions.json
=== [Agent] -- Wallclock = 2026-09-01 19:28:11.831 -- System time = 149.607 -- Game time = 36.650 -- Ratio = 0.245x
2026-09-01 19:28:11 [INFO] [/home/vcdc/disk2t/lead/lead/inference/sensor_agent_bridgedrive.py:270] [SensorAgent] Saved 10 infractions to outputs/local_evaluation/bench2drive_111/infractions.json
=== [Agent] -- Wallclock = 2026-09-01 19:28:12.056 -- System time = 149.832 -- Game time = 36.700 -- Ratio = 0.245x
2026-09-01 19:28:12 [INFO] [/home/vcdc/disk2t/lead/lead/inference/sensor_agent_bridgedrive.py:270] [SensorAgent] Saved 10 infractions to outputs/local_evaluation/bench2drive_111/infractions.json
=== [Agent] -- Wallclock = 2026-09-01 19:28:12.226 -- System time = 150.003 -- Game time = 36.750 -- Ratio = 0.245x
2026-09-01 19:28:12 [INFO] [/home/vcdc/disk2t/lead/lead/inference/sensor_agent_bridgedrive.py:270] [SensorAgent] Saved 10 infractions to outputs/local_evaluation/bench2drive_111/infractions.json
=== [Agent] -- Wallclock = 2026-09-01 19:28:12.453 -- System time = 150.230 -- Game time = 36.800 -- Ratio = 0.245x
2026-09-01 19:28:12 [INFO] [/home/vcdc/disk2t/lead/lead/inference/sensor_agent_bridgedrive.py:270] [SensorAgent] Saved 10 infractions to outputs/local_evaluation/bench2drive_111/infractions.json
=== [Agent] -- Wallclock = 2026-09-01 19:28:12.619 -- System time = 150.395 -- Game time = 36.850 -- Ratio = 0.245x
2026-09-01 19:28:12 [INFO] [/home/vcdc/disk2t/lead/lead/inference/sensor_agent_bridgedrive.py:270] [SensorAgent] Saved 10 infractions to outputs/local_evaluation/bench2drive_111/infractions.json
=== [Agent] -- Wallclock = 2026-09-01 19:28:12.862 -- System time = 150.638 -- Game time = 36.900 -- Ratio = 0.245x
2026-09-01 19:28:13 [INFO] [/home/vcdc/disk2t/lead/lead/inference/sensor_agent_bridgedrive.py:270] [SensorAgent] Saved 10 infractions to outputs/local_evaluation/bench2drive_111/infractions.json
=== [Agent] -- Wallclock = 2026-09-01 19:28:13.030 -- System time = 150.806 -- Game time = 36.950 -- Ratio = 0.245x
2026-09-01 19:28:13 [INFO] [/home/vcdc/disk2t/lead/lead/inference/sensor_agent_bridgedrive.py:270] [SensorAgent] Saved 10 infractions to outputs/local_evaluation/bench2drive_111/infractions.json
=== [Agent] -- Wallclock = 2026-09-01 19:28:13.277 -- System time = 151.053 -- Game time = 37.000 -- Ratio = 0.245x
2026-09-01 19:28:13 [INFO] [/home/vcdc/disk2t/lead/lead/inference/sensor_agent_bridgedrive.py:270] [SensorAgent] Saved 10 infractions to outputs/local_evaluation/bench2drive_111/infractions.json
=== [Agent] -- Wallclock = 2026-09-01 19:28:13.447 -- System time = 151.223 -- Game time = 37.050 -- Ratio = 0.245x
2026-09-01 19:28:13 [INFO] [/home/vcdc/disk2t/lead/lead/inference/sensor_agent_bridgedrive.py:270] [SensorAgent] Saved 10 infractions to outputs/local_evaluation/bench2drive_111/infractions.json
=== [Agent] -- Wallclock = 2026-09-01 19:28:13.703 -- System time = 151.479 -- Game time = 37.100 -- Ratio = 0.245x
2026-09-01 19:28:13 [INFO] [/home/vcdc/disk2t/lead/lead/inference/sensor_agent_bridgedrive.py:270] [SensorAgent] Saved 10 infractions to outputs/local_evaluation/bench2drive_111/infractions.json
=== [Agent] -- Wallclock = 2026-09-01 19:28:13.865 -- System time = 151.641 -- Game time = 37.150 -- Ratio = 0.245x
2026-09-01 19:28:14 [INFO] [/home/vcdc/disk2t/lead/lead/inference/sensor_agent_bridgedrive.py:270] [SensorAgent] Saved 10 infractions to outputs/local_evaluation/bench2drive_111/infractions.json
=== [Agent] -- Wallclock = 2026-09-01 19:28:14.097 -- System time = 151.873 -- Game time = 37.200 -- Ratio = 0.245x
2026-09-01 19:28:14 [INFO] [/home/vcdc/disk2t/lead/lead/inference/sensor_agent_bridgedrive.py:270] [SensorAgent] Saved 10 infractions to outputs/local_evaluation/bench2drive_111/infractions.json
=== [Agent] -- Wallclock = 2026-09-01 19:28:14.279 -- System time = 152.055 -- Game time = 37.250 -- Ratio = 0.245x
2026-09-01 19:28:14 [INFO] [/home/vcdc/disk2t/lead/lead/inference/sensor_agent_bridgedrive.py:270] [SensorAgent] Saved 10 infractions to outputs/local_evaluation/bench2drive_111/infractions.json
=== [Agent] -- Wallclock = 2026-09-01 19:28:14.542 -- System time = 152.318 -- Game time = 37.300 -- Ratio = 0.245x
2026-09-01 19:28:14 [INFO] [/home/vcdc/disk2t/lead/lead/inference/sensor_agent_bridgedrive.py:270] [SensorAgent] Saved 10 infractions to outputs/local_evaluation/bench2drive_111/infractions.json
=== [Agent] -- Wallclock = 2026-09-01 19:28:14.716 -- System time = 152.493 -- Game time = 37.350 -- Ratio = 0.245x
2026-09-01 19:28:14 [INFO] [/home/vcdc/disk2t/lead/lead/inference/sensor_agent_bridgedrive.py:270] [SensorAgent] Saved 10 infractions to outputs/local_evaluation/bench2drive_111/infractions.json
=== [Agent] -- Wallclock = 2026-09-01 19:28:14.982 -- System time = 152.759 -- Game time = 37.400 -- Ratio = 0.245x
2026-09-01 19:28:15 [INFO] [/home/vcdc/disk2t/lead/lead/inference/sensor_agent_bridgedrive.py:270] [SensorAgent] Saved 10 infractions to outputs/local_evaluation/bench2drive_111/infractions.json
=== [Agent] -- Wallclock = 2026-09-01 19:28:15.148 -- System time = 152.925 -- Game time = 37.450 -- Ratio = 0.245x
2026-09-01 19:28:15 [INFO] [/home/vcdc/disk2t/lead/lead/inference/sensor_agent_bridgedrive.py:270] [SensorAgent] Saved 10 infractions to outputs/local_evaluation/bench2drive_111/infractions.json
=== [Agent] -- Wallclock = 2026-09-01 19:28:15.386 -- System time = 153.162 -- Game time = 37.500 -- Ratio = 0.245x
2026-09-01 19:28:15 [INFO] [/home/vcdc/disk2t/lead/lead/inference/sensor_agent_bridgedrive.py:270] [SensorAgent] Saved 10 infractions to outputs/local_evaluation/bench2drive_111/infractions.json
=== [Agent] -- Wallclock = 2026-09-01 19:28:15.575 -- System time = 153.351 -- Game time = 37.550 -- Ratio = 0.245x
2026-09-01 19:28:15 [INFO] [/home/vcdc/disk2t/lead/lead/inference/sensor_agent_bridgedrive.py:270] [SensorAgent] Saved 10 infractions to outputs/local_evaluation/bench2drive_111/infractions.json
=== [Agent] -- Wallclock = 2026-09-01 19:28:15.826 -- System time = 153.602 -- Game time = 37.600 -- Ratio = 0.245x
2026-09-01 19:28:15 [INFO] [/home/vcdc/disk2t/lead/lead/inference/sensor_agent_bridgedrive.py:270] [SensorAgent] Saved 10 infractions to outputs/local_evaluation/bench2drive_111/infractions.json
=== [Agent] -- Wallclock = 2026-09-01 19:28:16.014 -- System time = 153.790 -- Game time = 37.650 -- Ratio = 0.245x
2026-09-01 19:28:16 [INFO] [/home/vcdc/disk2t/lead/lead/inference/sensor_agent_bridgedrive.py:270] [SensorAgent] Saved 10 infractions to outputs/local_evaluation/bench2drive_111/infractions.json
=== [Agent] -- Wallclock = 2026-09-01 19:28:16.258 -- System time = 154.034 -- Game time = 37.700 -- Ratio = 0.245x
2026-09-01 19:28:16 [INFO] [/home/vcdc/disk2t/lead/lead/inference/sensor_agent_bridgedrive.py:270] [SensorAgent] Saved 10 infractions to outputs/local_evaluation/bench2drive_111/infractions.json
=== [Agent] -- Wallclock = 2026-09-01 19:28:16.426 -- System time = 154.202 -- Game time = 37.750 -- Ratio = 0.245x
2026-09-01 19:28:16 [INFO] [/home/vcdc/disk2t/lead/lead/inference/sensor_agent_bridgedrive.py:270] [SensorAgent] Saved 10 infractions to outputs/local_evaluation/bench2drive_111/infractions.json
=== [Agent] -- Wallclock = 2026-09-01 19:28:16.678 -- System time = 154.455 -- Game time = 37.800 -- Ratio = 0.245x
2026-09-01 19:28:16 [INFO] [/home/vcdc/disk2t/lead/lead/inference/sensor_agent_bridgedrive.py:270] [SensorAgent] Saved 10 infractions to outputs/local_evaluation/bench2drive_111/infractions.json
=== [Agent] -- Wallclock = 2026-09-01 19:28:16.846 -- System time = 154.622 -- Game time = 37.850 -- Ratio = 0.245x
2026-09-01 19:28:16 [INFO] [/home/vcdc/disk2t/lead/lead/inference/sensor_agent_bridgedrive.py:270] [SensorAgent] Saved 10 infractions to outputs/local_evaluation/bench2drive_111/infractions.json
=== [Agent] -- Wallclock = 2026-09-01 19:28:17.083 -- System time = 154.859 -- Game time = 37.900 -- Ratio = 0.245x
2026-09-01 19:28:17 [INFO] [/home/vcdc/disk2t/lead/lead/inference/sensor_agent_bridgedrive.py:270] [SensorAgent] Saved 10 infractions to outputs/local_evaluation/bench2drive_111/infractions.json
=== [Agent] -- Wallclock = 2026-09-01 19:28:17.249 -- System time = 155.025 -- Game time = 37.950 -- Ratio = 0.245x
2026-09-01 19:28:17 [INFO] [/home/vcdc/disk2t/lead/lead/inference/sensor_agent_bridgedrive.py:245] [SensorAgent] Infraction detected at step 758: MinSpeedTest
2026-09-01 19:28:17 [INFO] [/home/vcdc/disk2t/lead/lead/inference/sensor_agent_bridgedrive.py:270] [SensorAgent] Saved 11 infractions to outputs/local_evaluation/bench2drive_111/infractions.json
=== [Agent] -- Wallclock = 2026-09-01 19:28:17.490 -- System time = 155.266 -- Game time = 38.000 -- Ratio = 0.245x
2026-09-01 19:28:17 [INFO] [/home/vcdc/disk2t/lead/lead/inference/sensor_agent_bridgedrive.py:270] [SensorAgent] Saved 11 infractions to outputs/local_evaluation/bench2drive_111/infractions.json
=== [Agent] -- Wallclock = 2026-09-01 19:28:17.678 -- System time = 155.454 -- Game time = 38.050 -- Ratio = 0.245x
2026-09-01 19:28:17 [INFO] [/home/vcdc/disk2t/lead/lead/inference/sensor_agent_bridgedrive.py:270] [SensorAgent] Saved 11 infractions to outputs/local_evaluation/bench2drive_111/infractions.json
=== [Agent] -- Wallclock = 2026-09-01 19:28:17.921 -- System time = 155.698 -- Game time = 38.100 -- Ratio = 0.245x
2026-09-01 19:28:18 [INFO] [/home/vcdc/disk2t/lead/lead/inference/sensor_agent_bridgedrive.py:270] [SensorAgent] Saved 11 infractions to outputs/local_evaluation/bench2drive_111/infractions.json
=== [Agent] -- Wallclock = 2026-09-01 19:28:18.087 -- System time = 155.863 -- Game time = 38.150 -- Ratio = 0.245x
2026-09-01 19:28:18 [INFO] [/home/vcdc/disk2t/lead/lead/inference/sensor_agent_bridgedrive.py:270] [SensorAgent] Saved 11 infractions to outputs/local_evaluation/bench2drive_111/infractions.json
=== [Agent] -- Wallclock = 2026-09-01 19:28:18.329 -- System time = 156.105 -- Game time = 38.200 -- Ratio = 0.245x
2026-09-01 19:28:18 [INFO] [/home/vcdc/disk2t/lead/lead/inference/sensor_agent_bridgedrive.py:270] [SensorAgent] Saved 11 infractions to outputs/local_evaluation/bench2drive_111/infractions.json
=== [Agent] -- Wallclock = 2026-09-01 19:28:18.505 -- System time = 156.281 -- Game time = 38.250 -- Ratio = 0.245x
2026-09-01 19:28:18 [INFO] [/home/vcdc/disk2t/lead/lead/inference/sensor_agent_bridgedrive.py:270] [SensorAgent] Saved 11 infractions to outputs/local_evaluation/bench2drive_111/infractions.json
=== [Agent] -- Wallclock = 2026-09-01 19:28:18.752 -- System time = 156.529 -- Game time = 38.300 -- Ratio = 0.245x
2026-09-01 19:28:18 [INFO] [/home/vcdc/disk2t/lead/lead/inference/sensor_agent_bridgedrive.py:270] [SensorAgent] Saved 11 infractions to outputs/local_evaluation/bench2drive_111/infractions.json
=== [Agent] -- Wallclock = 2026-09-01 19:28:18.920 -- System time = 156.696 -- Game time = 38.350 -- Ratio = 0.245x
2026-09-01 19:28:19 [INFO] [/home/vcdc/disk2t/lead/lead/inference/sensor_agent_bridgedrive.py:270] [SensorAgent] Saved 11 infractions to outputs/local_evaluation/bench2drive_111/infractions.json
=== [Agent] -- Wallclock = 2026-09-01 19:28:19.155 -- System time = 156.931 -- Game time = 38.400 -- Ratio = 0.245x
2026-09-01 19:28:19 [INFO] [/home/vcdc/disk2t/lead/lead/inference/sensor_agent_bridgedrive.py:270] [SensorAgent] Saved 11 infractions to outputs/local_evaluation/bench2drive_111/infractions.json
=== [Agent] -- Wallclock = 2026-09-01 19:28:19.346 -- System time = 157.122 -- Game time = 38.450 -- Ratio = 0.245x
2026-09-01 19:28:19 [INFO] [/home/vcdc/disk2t/lead/lead/inference/sensor_agent_bridgedrive.py:270] [SensorAgent] Saved 11 infractions to outputs/local_evaluation/bench2drive_111/infractions.json
=== [Agent] -- Wallclock = 2026-09-01 19:28:19.601 -- System time = 157.377 -- Game time = 38.500 -- Ratio = 0.245x
2026-09-01 19:28:19 [INFO] [/home/vcdc/disk2t/lead/lead/inference/sensor_agent_bridgedrive.py:270] [SensorAgent] Saved 11 infractions to outputs/local_evaluation/bench2drive_111/infractions.json
=== [Agent] -- Wallclock = 2026-09-01 19:28:19.790 -- System time = 157.566 -- Game time = 38.550 -- Ratio = 0.245x
2026-09-01 19:28:19 [INFO] [/home/vcdc/disk2t/lead/lead/inference/sensor_agent_bridgedrive.py:270] [SensorAgent] Saved 11 infractions to outputs/local_evaluation/bench2drive_111/infractions.json
=== [Agent] -- Wallclock = 2026-09-01 19:28:20.039 -- System time = 157.816 -- Game time = 38.600 -- Ratio = 0.245x
2026-09-01 19:28:20 [INFO] [/home/vcdc/disk2t/lead/lead/inference/sensor_agent_bridgedrive.py:270] [SensorAgent] Saved 11 infractions to outputs/local_evaluation/bench2drive_111/infractions.json
=== [Agent] -- Wallclock = 2026-09-01 19:28:20.221 -- System time = 157.998 -- Game time = 38.650 -- Ratio = 0.245x
2026-09-01 19:28:20 [INFO] [/home/vcdc/disk2t/lead/lead/inference/sensor_agent_bridgedrive.py:270] [SensorAgent] Saved 11 infractions to outputs/local_evaluation/bench2drive_111/infractions.json
=== [Agent] -- Wallclock = 2026-09-01 19:28:20.458 -- System time = 158.234 -- Game time = 38.700 -- Ratio = 0.245x
2026-09-01 19:28:20 [INFO] [/home/vcdc/disk2t/lead/lead/inference/sensor_agent_bridgedrive.py:245] [SensorAgent] Infraction detected at step 773: MinSpeedTest
2026-09-01 19:28:20 [INFO] [/home/vcdc/disk2t/lead/lead/inference/sensor_agent_bridgedrive.py:270] [SensorAgent] Saved 12 infractions to outputs/local_evaluation/bench2drive_111/infractions.json
=== [Agent] -- Wallclock = 2026-09-01 19:28:20.631 -- System time = 158.407 -- Game time = 38.750 -- Ratio = 0.245x
2026-09-01 19:28:20 [INFO] [/home/vcdc/disk2t/lead/lead/inference/sensor_agent_bridgedrive.py:270] [SensorAgent] Saved 12 infractions to outputs/local_evaluation/bench2drive_111/infractions.json
=== [Agent] -- Wallclock = 2026-09-01 19:28:20.868 -- System time = 158.644 -- Game time = 38.800 -- Ratio = 0.245x
2026-09-01 19:28:21 [INFO] [/home/vcdc/disk2t/lead/lead/inference/sensor_agent_bridgedrive.py:270] [SensorAgent] Saved 12 infractions to outputs/local_evaluation/bench2drive_111/infractions.json
=== [Agent] -- Wallclock = 2026-09-01 19:28:21.046 -- System time = 158.823 -- Game time = 38.850 -- Ratio = 0.245x
2026-09-01 19:28:21 [INFO] [/home/vcdc/disk2t/lead/lead/inference/sensor_agent_bridgedrive.py:270] [SensorAgent] Saved 12 infractions to outputs/local_evaluation/bench2drive_111/infractions.json
=== [Agent] -- Wallclock = 2026-09-01 19:28:21.307 -- System time = 159.083 -- Game time = 38.900 -- Ratio = 0.245x
2026-09-01 19:28:21 [INFO] [/home/vcdc/disk2t/lead/lead/inference/sensor_agent_bridgedrive.py:270] [SensorAgent] Saved 12 infractions to outputs/local_evaluation/bench2drive_111/infractions.json
=== [Agent] -- Wallclock = 2026-09-01 19:28:21.499 -- System time = 159.275 -- Game time = 38.950 -- Ratio = 0.245x
2026-09-01 19:28:21 [INFO] [/home/vcdc/disk2t/lead/lead/inference/sensor_agent_bridgedrive.py:270] [SensorAgent] Saved 12 infractions to outputs/local_evaluation/bench2drive_111/infractions.json
=== [Agent] -- Wallclock = 2026-09-01 19:28:21.740 -- System time = 159.516 -- Game time = 39.000 -- Ratio = 0.244x
2026-09-01 19:28:21 [INFO] [/home/vcdc/disk2t/lead/lead/inference/sensor_agent_bridgedrive.py:270] [SensorAgent] Saved 12 infractions to outputs/local_evaluation/bench2drive_111/infractions.json
=== [Agent] -- Wallclock = 2026-09-01 19:28:21.918 -- System time = 159.694 -- Game time = 39.050 -- Ratio = 0.245x
2026-09-01 19:28:22 [INFO] [/home/vcdc/disk2t/lead/lead/inference/sensor_agent_bridgedrive.py:270] [SensorAgent] Saved 12 infractions to outputs/local_evaluation/bench2drive_111/infractions.json
=== [Agent] -- Wallclock = 2026-09-01 19:28:22.161 -- System time = 159.937 -- Game time = 39.100 -- Ratio = 0.244x
2026-09-01 19:28:22 [INFO] [/home/vcdc/disk2t/lead/lead/inference/sensor_agent_bridgedrive.py:270] [SensorAgent] Saved 12 infractions to outputs/local_evaluation/bench2drive_111/infractions.json
=== [Agent] -- Wallclock = 2026-09-01 19:28:22.335 -- System time = 160.111 -- Game time = 39.150 -- Ratio = 0.245x
2026-09-01 19:28:22 [INFO] [/home/vcdc/disk2t/lead/lead/inference/sensor_agent_bridgedrive.py:270] [SensorAgent] Saved 12 infractions to outputs/local_evaluation/bench2drive_111/infractions.json
=== [Agent] -- Wallclock = 2026-09-01 19:28:22.609 -- System time = 160.385 -- Game time = 39.200 -- Ratio = 0.244x
2026-09-01 19:28:22 [INFO] [/home/vcdc/disk2t/lead/lead/inference/sensor_agent_bridgedrive.py:270] [SensorAgent] Saved 12 infractions to outputs/local_evaluation/bench2drive_111/infractions.json
=== [Agent] -- Wallclock = 2026-09-01 19:28:22.786 -- System time = 160.563 -- Game time = 39.250 -- Ratio = 0.244x
2026-09-01 19:28:22 [INFO] [/home/vcdc/disk2t/lead/lead/inference/sensor_agent_bridgedrive.py:270] [SensorAgent] Saved 12 infractions to outputs/local_evaluation/bench2drive_111/infractions.json
=== [Agent] -- Wallclock = 2026-09-01 19:28:23.042 -- System time = 160.818 -- Game time = 39.300 -- Ratio = 0.244x
2026-09-01 19:28:23 [INFO] [/home/vcdc/disk2t/lead/lead/inference/sensor_agent_bridgedrive.py:270] [SensorAgent] Saved 12 infractions to outputs/local_evaluation/bench2drive_111/infractions.json
=== [Agent] -- Wallclock = 2026-09-01 19:28:23.223 -- System time = 160.999 -- Game time = 39.350 -- Ratio = 0.244x
2026-09-01 19:28:23 [INFO] [/home/vcdc/disk2t/lead/lead/inference/sensor_agent_bridgedrive.py:245] [SensorAgent] Infraction detected at step 786: MinSpeedTest
2026-09-01 19:28:23 [INFO] [/home/vcdc/disk2t/lead/lead/inference/sensor_agent_bridgedrive.py:270] [SensorAgent] Saved 13 infractions to outputs/local_evaluation/bench2drive_111/infractions.json
=== [Agent] -- Wallclock = 2026-09-01 19:28:23.455 -- System time = 161.231 -- Game time = 39.400 -- Ratio = 0.244x
2026-09-01 19:28:23 [INFO] [/home/vcdc/disk2t/lead/lead/inference/sensor_agent_bridgedrive.py:270] [SensorAgent] Saved 13 infractions to outputs/local_evaluation/bench2drive_111/infractions.json
=== [Agent] -- Wallclock = 2026-09-01 19:28:23.626 -- System time = 161.402 -- Game time = 39.450 -- Ratio = 0.244x
2026-09-01 19:28:23 [INFO] [/home/vcdc/disk2t/lead/lead/inference/sensor_agent_bridgedrive.py:270] [SensorAgent] Saved 13 infractions to outputs/local_evaluation/bench2drive_111/infractions.json
=== [Agent] -- Wallclock = 2026-09-01 19:28:23.882 -- System time = 161.658 -- Game time = 39.500 -- Ratio = 0.244x
2026-09-01 19:28:24 [INFO] [/home/vcdc/disk2t/lead/lead/inference/sensor_agent_bridgedrive.py:270] [SensorAgent] Saved 13 infractions to outputs/local_evaluation/bench2drive_111/infractions.json
=== [Agent] -- Wallclock = 2026-09-01 19:28:24.059 -- System time = 161.835 -- Game time = 39.550 -- Ratio = 0.244x
2026-09-01 19:28:24 [INFO] [/home/vcdc/disk2t/lead/lead/inference/sensor_agent_bridgedrive.py:270] [SensorAgent] Saved 13 infractions to outputs/local_evaluation/bench2drive_111/infractions.json
=== [Agent] -- Wallclock = 2026-09-01 19:28:24.304 -- System time = 162.080 -- Game time = 39.600 -- Ratio = 0.244x
2026-09-01 19:28:24 [INFO] [/home/vcdc/disk2t/lead/lead/inference/sensor_agent_bridgedrive.py:270] [SensorAgent] Saved 13 infractions to outputs/local_evaluation/bench2drive_111/infractions.json
=== [Agent] -- Wallclock = 2026-09-01 19:28:24.483 -- System time = 162.260 -- Game time = 39.650 -- Ratio = 0.244x
2026-09-01 19:28:24 [INFO] [/home/vcdc/disk2t/lead/lead/inference/sensor_agent_bridgedrive.py:270] [SensorAgent] Saved 13 infractions to outputs/local_evaluation/bench2drive_111/infractions.json
=== [Agent] -- Wallclock = 2026-09-01 19:28:24.726 -- System time = 162.502 -- Game time = 39.700 -- Ratio = 0.244x
2026-09-01 19:28:24 [INFO] [/home/vcdc/disk2t/lead/lead/inference/sensor_agent_bridgedrive.py:270] [SensorAgent] Saved 13 infractions to outputs/local_evaluation/bench2drive_111/infractions.json
=== [Agent] -- Wallclock = 2026-09-01 19:28:24.903 -- System time = 162.679 -- Game time = 39.750 -- Ratio = 0.244x
2026-09-01 19:28:25 [INFO] [/home/vcdc/disk2t/lead/lead/inference/sensor_agent_bridgedrive.py:270] [SensorAgent] Saved 13 infractions to outputs/local_evaluation/bench2drive_111/infractions.json
=== [Agent] -- Wallclock = 2026-09-01 19:28:25.142 -- System time = 162.918 -- Game time = 39.800 -- Ratio = 0.244x
2026-09-01 19:28:25 [INFO] [/home/vcdc/disk2t/lead/lead/inference/sensor_agent_bridgedrive.py:270] [SensorAgent] Saved 13 infractions to outputs/local_evaluation/bench2drive_111/infractions.json
=== [Agent] -- Wallclock = 2026-09-01 19:28:25.316 -- System time = 163.092 -- Game time = 39.850 -- Ratio = 0.244x
2026-09-01 19:28:25 [INFO] [/home/vcdc/disk2t/lead/lead/inference/sensor_agent_bridgedrive.py:270] [SensorAgent] Saved 13 infractions to outputs/local_evaluation/bench2drive_111/infractions.json
=== [Agent] -- Wallclock = 2026-09-01 19:28:25.557 -- System time = 163.333 -- Game time = 39.900 -- Ratio = 0.244x
2026-09-01 19:28:25 [INFO] [/home/vcdc/disk2t/lead/lead/inference/sensor_agent_bridgedrive.py:245] [SensorAgent] Infraction detected at step 797: MinSpeedTest
2026-09-01 19:28:25 [INFO] [/home/vcdc/disk2t/lead/lead/inference/sensor_agent_bridgedrive.py:270] [SensorAgent] Saved 14 infractions to outputs/local_evaluation/bench2drive_111/infractions.json
=== [Agent] -- Wallclock = 2026-09-01 19:28:25.738 -- System time = 163.514 -- Game time = 39.950 -- Ratio = 0.244x
2026-09-01 19:28:25 [INFO] [/home/vcdc/disk2t/lead/lead/inference/sensor_agent_bridgedrive.py:270] [SensorAgent] Saved 14 infractions to outputs/local_evaluation/bench2drive_111/infractions.json
=== [Agent] -- Wallclock = 2026-09-01 19:28:25.989 -- System time = 163.765 -- Game time = 40.000 -- Ratio = 0.244x
2026-09-01 19:28:26 [INFO] [/home/vcdc/disk2t/lead/lead/inference/sensor_agent_bridgedrive.py:270] [SensorAgent] Saved 14 infractions to outputs/local_evaluation/bench2drive_111/infractions.json
=== [Agent] -- Wallclock = 2026-09-01 19:28:26.158 -- System time = 163.935 -- Game time = 40.050 -- Ratio = 0.244x
2026-09-01 19:28:26 [INFO] [/home/vcdc/disk2t/lead/lead/inference/sensor_agent_bridgedrive.py:270] [SensorAgent] Saved 14 infractions to outputs/local_evaluation/bench2drive_111/infractions.json
=== [Agent] -- Wallclock = 2026-09-01 19:28:26.398 -- System time = 164.174 -- Game time = 40.100 -- Ratio = 0.244x
2026-09-01 19:28:26 [INFO] [/home/vcdc/disk2t/lead/lead/inference/sensor_agent_bridgedrive.py:270] [SensorAgent] Saved 14 infractions to outputs/local_evaluation/bench2drive_111/infractions.json
=== [Agent] -- Wallclock = 2026-09-01 19:28:26.587 -- System time = 164.363 -- Game time = 40.150 -- Ratio = 0.244x
2026-09-01 19:28:26 [INFO] [/home/vcdc/disk2t/lead/lead/inference/sensor_agent_bridgedrive.py:270] [SensorAgent] Saved 14 infractions to outputs/local_evaluation/bench2drive_111/infractions.json
=== [Agent] -- Wallclock = 2026-09-01 19:28:26.842 -- System time = 164.618 -- Game time = 40.200 -- Ratio = 0.244x
2026-09-01 19:28:26 [INFO] [/home/vcdc/disk2t/lead/lead/inference/sensor_agent_bridgedrive.py:270] [SensorAgent] Saved 14 infractions to outputs/local_evaluation/bench2drive_111/infractions.json
=== [Agent] -- Wallclock = 2026-09-01 19:28:27.008 -- System time = 164.784 -- Game time = 40.250 -- Ratio = 0.244x
2026-09-01 19:28:27 [INFO] [/home/vcdc/disk2t/lead/lead/inference/sensor_agent_bridgedrive.py:270] [SensorAgent] Saved 14 infractions to outputs/local_evaluation/bench2drive_111/infractions.json
=== [Agent] -- Wallclock = 2026-09-01 19:28:27.248 -- System time = 165.024 -- Game time = 40.300 -- Ratio = 0.244x
2026-09-01 19:28:27 [INFO] [/home/vcdc/disk2t/lead/lead/inference/sensor_agent_bridgedrive.py:270] [SensorAgent] Saved 14 infractions to outputs/local_evaluation/bench2drive_111/infractions.json
=== [Agent] -- Wallclock = 2026-09-01 19:28:27.444 -- System time = 165.220 -- Game time = 40.350 -- Ratio = 0.244x
2026-09-01 19:28:27 [INFO] [/home/vcdc/disk2t/lead/lead/inference/sensor_agent_bridgedrive.py:270] [SensorAgent] Saved 14 infractions to outputs/local_evaluation/bench2drive_111/infractions.json
=== [Agent] -- Wallclock = 2026-09-01 19:28:27.676 -- System time = 165.452 -- Game time = 40.400 -- Ratio = 0.244x
2026-09-01 19:28:27 [INFO] [/home/vcdc/disk2t/lead/lead/inference/sensor_agent_bridgedrive.py:270] [SensorAgent] Saved 14 infractions to outputs/local_evaluation/bench2drive_111/infractions.json
=== [Agent] -- Wallclock = 2026-09-01 19:28:27.860 -- System time = 165.636 -- Game time = 40.450 -- Ratio = 0.244x
2026-09-01 19:28:28 [INFO] [/home/vcdc/disk2t/lead/lead/inference/sensor_agent_bridgedrive.py:270] [SensorAgent] Saved 14 infractions to outputs/local_evaluation/bench2drive_111/infractions.json
=== [Agent] -- Wallclock = 2026-09-01 19:28:28.117 -- System time = 165.893 -- Game time = 40.500 -- Ratio = 0.244x
2026-09-01 19:28:28 [INFO] [/home/vcdc/disk2t/lead/lead/inference/sensor_agent_bridgedrive.py:245] [SensorAgent] Infraction detected at step 809: MinSpeedTest
2026-09-01 19:28:28 [INFO] [/home/vcdc/disk2t/lead/lead/inference/sensor_agent_bridgedrive.py:270] [SensorAgent] Saved 15 infractions to outputs/local_evaluation/bench2drive_111/infractions.json
=== [Agent] -- Wallclock = 2026-09-01 19:28:28.298 -- System time = 166.074 -- Game time = 40.550 -- Ratio = 0.244x
2026-09-01 19:28:28 [INFO] [/home/vcdc/disk2t/lead/lead/inference/sensor_agent_bridgedrive.py:270] [SensorAgent] Saved 15 infractions to outputs/local_evaluation/bench2drive_111/infractions.json
=== [Agent] -- Wallclock = 2026-09-01 19:28:28.531 -- System time = 166.307 -- Game time = 40.600 -- Ratio = 0.244x
2026-09-01 19:28:28 [INFO] [/home/vcdc/disk2t/lead/lead/inference/sensor_agent_bridgedrive.py:270] [SensorAgent] Saved 15 infractions to outputs/local_evaluation/bench2drive_111/infractions.json
=== [Agent] -- Wallclock = 2026-09-01 19:28:28.700 -- System time = 166.476 -- Game time = 40.650 -- Ratio = 0.244x
2026-09-01 19:28:28 [INFO] [/home/vcdc/disk2t/lead/lead/inference/sensor_agent_bridgedrive.py:270] [SensorAgent] Saved 15 infractions to outputs/local_evaluation/bench2drive_111/infractions.json
=== [Agent] -- Wallclock = 2026-09-01 19:28:28.958 -- System time = 166.735 -- Game time = 40.700 -- Ratio = 0.244x
2026-09-01 19:28:29 [INFO] [/home/vcdc/disk2t/lead/lead/inference/sensor_agent_bridgedrive.py:270] [SensorAgent] Saved 15 infractions to outputs/local_evaluation/bench2drive_111/infractions.json
=== [Agent] -- Wallclock = 2026-09-01 19:28:29.144 -- System time = 166.920 -- Game time = 40.750 -- Ratio = 0.244x
2026-09-01 19:28:29 [INFO] [/home/vcdc/disk2t/lead/lead/inference/sensor_agent_bridgedrive.py:270] [SensorAgent] Saved 15 infractions to outputs/local_evaluation/bench2drive_111/infractions.json
=== [Agent] -- Wallclock = 2026-09-01 19:28:29.387 -- System time = 167.163 -- Game time = 40.800 -- Ratio = 0.244x
2026-09-01 19:28:29 [INFO] [/home/vcdc/disk2t/lead/lead/inference/sensor_agent_bridgedrive.py:270] [SensorAgent] Saved 15 infractions to outputs/local_evaluation/bench2drive_111/infractions.json
=== [Agent] -- Wallclock = 2026-09-01 19:28:29.566 -- System time = 167.342 -- Game time = 40.850 -- Ratio = 0.244x
2026-09-01 19:28:29 [INFO] [/home/vcdc/disk2t/lead/lead/inference/sensor_agent_bridgedrive.py:270] [SensorAgent] Saved 15 infractions to outputs/local_evaluation/bench2drive_111/infractions.json
=== [Agent] -- Wallclock = 2026-09-01 19:28:29.834 -- System time = 167.610 -- Game time = 40.900 -- Ratio = 0.244x
2026-09-01 19:28:29 [INFO] [/home/vcdc/disk2t/lead/lead/inference/sensor_agent_bridgedrive.py:270] [SensorAgent] Saved 15 infractions to outputs/local_evaluation/bench2drive_111/infractions.json
=== [Agent] -- Wallclock = 2026-09-01 19:28:30.018 -- System time = 167.794 -- Game time = 40.950 -- Ratio = 0.244x
2026-09-01 19:28:30 [INFO] [/home/vcdc/disk2t/lead/lead/inference/sensor_agent_bridgedrive.py:270] [SensorAgent] Saved 15 infractions to outputs/local_evaluation/bench2drive_111/infractions.json
=== [Agent] -- Wallclock = 2026-09-01 19:28:30.271 -- System time = 168.047 -- Game time = 41.000 -- Ratio = 0.244x
2026-09-01 19:28:30 [INFO] [/home/vcdc/disk2t/lead/lead/inference/sensor_agent_bridgedrive.py:270] [SensorAgent] Saved 15 infractions to outputs/local_evaluation/bench2drive_111/infractions.json
=== [Agent] -- Wallclock = 2026-09-01 19:28:30.444 -- System time = 168.221 -- Game time = 41.050 -- Ratio = 0.244x
2026-09-01 19:28:30 [INFO] [/home/vcdc/disk2t/lead/lead/inference/sensor_agent_bridgedrive.py:270] [SensorAgent] Saved 15 infractions to outputs/local_evaluation/bench2drive_111/infractions.json
=== [Agent] -- Wallclock = 2026-09-01 19:28:30.698 -- System time = 168.474 -- Game time = 41.100 -- Ratio = 0.244x
2026-09-01 19:28:30 [INFO] [/home/vcdc/disk2t/lead/lead/inference/sensor_agent_bridgedrive.py:245] [SensorAgent] Infraction detected at step 821: MinSpeedTest
2026-09-01 19:28:30 [INFO] [/home/vcdc/disk2t/lead/lead/inference/sensor_agent_bridgedrive.py:270] [SensorAgent] Saved 16 infractions to outputs/local_evaluation/bench2drive_111/infractions.json
=== [Agent] -- Wallclock = 2026-09-01 19:28:30.871 -- System time = 168.648 -- Game time = 41.150 -- Ratio = 0.244x
2026-09-01 19:28:31 [INFO] [/home/vcdc/disk2t/lead/lead/inference/sensor_agent_bridgedrive.py:270] [SensorAgent] Saved 16 infractions to outputs/local_evaluation/bench2drive_111/infractions.json
=== [Agent] -- Wallclock = 2026-09-01 19:28:31.117 -- System time = 168.893 -- Game time = 41.200 -- Ratio = 0.244x
2026-09-01 19:28:31 [INFO] [/home/vcdc/disk2t/lead/lead/inference/sensor_agent_bridgedrive.py:270] [SensorAgent] Saved 16 infractions to outputs/local_evaluation/bench2drive_111/infractions.json
=== [Agent] -- Wallclock = 2026-09-01 19:28:31.305 -- System time = 169.081 -- Game time = 41.250 -- Ratio = 0.244x
2026-09-01 19:28:31 [INFO] [/home/vcdc/disk2t/lead/lead/inference/sensor_agent_bridgedrive.py:270] [SensorAgent] Saved 16 infractions to outputs/local_evaluation/bench2drive_111/infractions.json
=== [Agent] -- Wallclock = 2026-09-01 19:28:31.549 -- System time = 169.325 -- Game time = 41.300 -- Ratio = 0.244x
2026-09-01 19:28:31 [INFO] [/home/vcdc/disk2t/lead/lead/inference/sensor_agent_bridgedrive.py:270] [SensorAgent] Saved 16 infractions to outputs/local_evaluation/bench2drive_111/infractions.json
=== [Agent] -- Wallclock = 2026-09-01 19:28:31.717 -- System time = 169.493 -- Game time = 41.350 -- Ratio = 0.244x
2026-09-01 19:28:31 [INFO] [/home/vcdc/disk2t/lead/lead/inference/sensor_agent_bridgedrive.py:270] [SensorAgent] Saved 16 infractions to outputs/local_evaluation/bench2drive_111/infractions.json
=== [Agent] -- Wallclock = 2026-09-01 19:28:31.974 -- System time = 169.750 -- Game time = 41.400 -- Ratio = 0.244x
2026-09-01 19:28:32 [INFO] [/home/vcdc/disk2t/lead/lead/inference/sensor_agent_bridgedrive.py:270] [SensorAgent] Saved 16 infractions to outputs/local_evaluation/bench2drive_111/infractions.json
=== [Agent] -- Wallclock = 2026-09-01 19:28:32.147 -- System time = 169.923 -- Game time = 41.450 -- Ratio = 0.244x
2026-09-01 19:28:32 [INFO] [/home/vcdc/disk2t/lead/lead/inference/sensor_agent_bridgedrive.py:270] [SensorAgent] Saved 16 infractions to outputs/local_evaluation/bench2drive_111/infractions.json
=== [Agent] -- Wallclock = 2026-09-01 19:28:32.401 -- System time = 170.177 -- Game time = 41.500 -- Ratio = 0.244x
2026-09-01 19:28:32 [INFO] [/home/vcdc/disk2t/lead/lead/inference/sensor_agent_bridgedrive.py:270] [SensorAgent] Saved 16 infractions to outputs/local_evaluation/bench2drive_111/infractions.json
=== [Agent] -- Wallclock = 2026-09-01 19:28:32.584 -- System time = 170.360 -- Game time = 41.550 -- Ratio = 0.244x
2026-09-01 19:28:32 [INFO] [/home/vcdc/disk2t/lead/lead/inference/sensor_agent_bridgedrive.py:270] [SensorAgent] Saved 16 infractions to outputs/local_evaluation/bench2drive_111/infractions.json
=== [Agent] -- Wallclock = 2026-09-01 19:28:32.821 -- System time = 170.598 -- Game time = 41.600 -- Ratio = 0.244x
2026-09-01 19:28:32 [INFO] [/home/vcdc/disk2t/lead/lead/inference/sensor_agent_bridgedrive.py:270] [SensorAgent] Saved 16 infractions to outputs/local_evaluation/bench2drive_111/infractions.json
=== [Agent] -- Wallclock = 2026-09-01 19:28:32.989 -- System time = 170.765 -- Game time = 41.650 -- Ratio = 0.244x
2026-09-01 19:28:33 [INFO] [/home/vcdc/disk2t/lead/lead/inference/sensor_agent_bridgedrive.py:270] [SensorAgent] Saved 16 infractions to outputs/local_evaluation/bench2drive_111/infractions.json
=== [Agent] -- Wallclock = 2026-09-01 19:28:33.243 -- System time = 171.019 -- Game time = 41.700 -- Ratio = 0.244x
2026-09-01 19:28:33 [INFO] [/home/vcdc/disk2t/lead/lead/inference/sensor_agent_bridgedrive.py:245] [SensorAgent] Infraction detected at step 833: MinSpeedTest
2026-09-01 19:28:33 [INFO] [/home/vcdc/disk2t/lead/lead/inference/sensor_agent_bridgedrive.py:270] [SensorAgent] Saved 17 infractions to outputs/local_evaluation/bench2drive_111/infractions.json
=== [Agent] -- Wallclock = 2026-09-01 19:28:33.419 -- System time = 171.195 -- Game time = 41.750 -- Ratio = 0.244x
2026-09-01 19:28:33 [INFO] [/home/vcdc/disk2t/lead/lead/inference/sensor_agent_bridgedrive.py:270] [SensorAgent] Saved 17 infractions to outputs/local_evaluation/bench2drive_111/infractions.json
=== [Agent] -- Wallclock = 2026-09-01 19:28:33.659 -- System time = 171.435 -- Game time = 41.800 -- Ratio = 0.244x
2026-09-01 19:28:33 [INFO] [/home/vcdc/disk2t/lead/lead/inference/sensor_agent_bridgedrive.py:270] [SensorAgent] Saved 17 infractions to outputs/local_evaluation/bench2drive_111/infractions.json
=== [Agent] -- Wallclock = 2026-09-01 19:28:33.825 -- System time = 171.601 -- Game time = 41.850 -- Ratio = 0.244x
2026-09-01 19:28:33 [INFO] [/home/vcdc/disk2t/lead/lead/inference/sensor_agent_bridgedrive.py:270] [SensorAgent] Saved 17 infractions to outputs/local_evaluation/bench2drive_111/infractions.json
=== [Agent] -- Wallclock = 2026-09-01 19:28:34.065 -- System time = 171.841 -- Game time = 41.900 -- Ratio = 0.244x
2026-09-01 19:28:34 [INFO] [/home/vcdc/disk2t/lead/lead/inference/sensor_agent_bridgedrive.py:270] [SensorAgent] Saved 17 infractions to outputs/local_evaluation/bench2drive_111/infractions.json
=== [Agent] -- Wallclock = 2026-09-01 19:28:34.233 -- System time = 172.009 -- Game time = 41.950 -- Ratio = 0.244x
2026-09-01 19:28:34 [INFO] [/home/vcdc/disk2t/lead/lead/inference/sensor_agent_bridgedrive.py:270] [SensorAgent] Saved 17 infractions to outputs/local_evaluation/bench2drive_111/infractions.json
=== [Agent] -- Wallclock = 2026-09-01 19:28:34.465 -- System time = 172.241 -- Game time = 42.000 -- Ratio = 0.244x
2026-09-01 19:28:34 [INFO] [/home/vcdc/disk2t/lead/lead/inference/sensor_agent_bridgedrive.py:270] [SensorAgent] Saved 17 infractions to outputs/local_evaluation/bench2drive_111/infractions.json
=== [Agent] -- Wallclock = 2026-09-01 19:28:34.642 -- System time = 172.418 -- Game time = 42.050 -- Ratio = 0.244x
2026-09-01 19:28:34 [INFO] [/home/vcdc/disk2t/lead/lead/inference/sensor_agent_bridgedrive.py:270] [SensorAgent] Saved 17 infractions to outputs/local_evaluation/bench2drive_111/infractions.json
=== [Agent] -- Wallclock = 2026-09-01 19:28:34.886 -- System time = 172.662 -- Game time = 42.100 -- Ratio = 0.244x
2026-09-01 19:28:35 [INFO] [/home/vcdc/disk2t/lead/lead/inference/sensor_agent_bridgedrive.py:270] [SensorAgent] Saved 17 infractions to outputs/local_evaluation/bench2drive_111/infractions.json
=== [Agent] -- Wallclock = 2026-09-01 19:28:35.052 -- System time = 172.828 -- Game time = 42.150 -- Ratio = 0.244x
2026-09-01 19:28:35 [INFO] [/home/vcdc/disk2t/lead/lead/inference/sensor_agent_bridgedrive.py:270] [SensorAgent] Saved 17 infractions to outputs/local_evaluation/bench2drive_111/infractions.json
=== [Agent] -- Wallclock = 2026-09-01 19:28:35.296 -- System time = 173.072 -- Game time = 42.200 -- Ratio = 0.244x
2026-09-01 19:28:35 [INFO] [/home/vcdc/disk2t/lead/lead/inference/sensor_agent_bridgedrive.py:270] [SensorAgent] Saved 17 infractions to outputs/local_evaluation/bench2drive_111/infractions.json
=== [Agent] -- Wallclock = 2026-09-01 19:28:35.468 -- System time = 173.244 -- Game time = 42.250 -- Ratio = 0.244x
2026-09-01 19:28:35 [INFO] [/home/vcdc/disk2t/lead/lead/inference/sensor_agent_bridgedrive.py:270] [SensorAgent] Saved 17 infractions to outputs/local_evaluation/bench2drive_111/infractions.json
=== [Agent] -- Wallclock = 2026-09-01 19:28:35.705 -- System time = 173.481 -- Game time = 42.300 -- Ratio = 0.244x
2026-09-01 19:28:35 [INFO] [/home/vcdc/disk2t/lead/lead/inference/sensor_agent_bridgedrive.py:245] [SensorAgent] Infraction detected at step 845: MinSpeedTest
2026-09-01 19:28:35 [INFO] [/home/vcdc/disk2t/lead/lead/inference/sensor_agent_bridgedrive.py:270] [SensorAgent] Saved 18 infractions to outputs/local_evaluation/bench2drive_111/infractions.json
=== [Agent] -- Wallclock = 2026-09-01 19:28:35.876 -- System time = 173.652 -- Game time = 42.350 -- Ratio = 0.244x
2026-09-01 19:28:36 [INFO] [/home/vcdc/disk2t/lead/lead/inference/sensor_agent_bridgedrive.py:270] [SensorAgent] Saved 18 infractions to outputs/local_evaluation/bench2drive_111/infractions.json
=== [Agent] -- Wallclock = 2026-09-01 19:28:36.133 -- System time = 173.909 -- Game time = 42.400 -- Ratio = 0.244x
2026-09-01 19:28:36 [INFO] [/home/vcdc/disk2t/lead/lead/inference/sensor_agent_bridgedrive.py:270] [SensorAgent] Saved 18 infractions to outputs/local_evaluation/bench2drive_111/infractions.json
=== [Agent] -- Wallclock = 2026-09-01 19:28:36.311 -- System time = 174.087 -- Game time = 42.450 -- Ratio = 0.244x
2026-09-01 19:28:36 [INFO] [/home/vcdc/disk2t/lead/lead/inference/sensor_agent_bridgedrive.py:270] [SensorAgent] Saved 18 infractions to outputs/local_evaluation/bench2drive_111/infractions.json
=== [Agent] -- Wallclock = 2026-09-01 19:28:36.546 -- System time = 174.322 -- Game time = 42.500 -- Ratio = 0.244x
2026-09-01 19:28:36 [INFO] [/home/vcdc/disk2t/lead/lead/inference/sensor_agent_bridgedrive.py:270] [SensorAgent] Saved 18 infractions to outputs/local_evaluation/bench2drive_111/infractions.json
=== [Agent] -- Wallclock = 2026-09-01 19:28:36.712 -- System time = 174.488 -- Game time = 42.550 -- Ratio = 0.244x
2026-09-01 19:28:36 [INFO] [/home/vcdc/disk2t/lead/lead/inference/sensor_agent_bridgedrive.py:270] [SensorAgent] Saved 18 infractions to outputs/local_evaluation/bench2drive_111/infractions.json
=== [Agent] -- Wallclock = 2026-09-01 19:28:36.981 -- System time = 174.757 -- Game time = 42.600 -- Ratio = 0.244x
2026-09-01 19:28:37 [INFO] [/home/vcdc/disk2t/lead/lead/inference/sensor_agent_bridgedrive.py:270] [SensorAgent] Saved 18 infractions to outputs/local_evaluation/bench2drive_111/infractions.json
=== [Agent] -- Wallclock = 2026-09-01 19:28:37.165 -- System time = 174.941 -- Game time = 42.650 -- Ratio = 0.244x
2026-09-01 19:28:37 [INFO] [/home/vcdc/disk2t/lead/lead/inference/sensor_agent_bridgedrive.py:270] [SensorAgent] Saved 18 infractions to outputs/local_evaluation/bench2drive_111/infractions.json
=== [Agent] -- Wallclock = 2026-09-01 19:28:37.403 -- System time = 175.180 -- Game time = 42.700 -- Ratio = 0.244x
2026-09-01 19:28:37 [INFO] [/home/vcdc/disk2t/lead/lead/inference/sensor_agent_bridgedrive.py:270] [SensorAgent] Saved 18 infractions to outputs/local_evaluation/bench2drive_111/infractions.json
=== [Agent] -- Wallclock = 2026-09-01 19:28:37.586 -- System time = 175.362 -- Game time = 42.750 -- Ratio = 0.244x
2026-09-01 19:28:37 [INFO] [/home/vcdc/disk2t/lead/lead/inference/sensor_agent_bridgedrive.py:270] [SensorAgent] Saved 18 infractions to outputs/local_evaluation/bench2drive_111/infractions.json
=== [Agent] -- Wallclock = 2026-09-01 19:28:37.824 -- System time = 175.600 -- Game time = 42.800 -- Ratio = 0.244x
2026-09-01 19:28:37 [INFO] [/home/vcdc/disk2t/lead/lead/inference/sensor_agent_bridgedrive.py:270] [SensorAgent] Saved 18 infractions to outputs/local_evaluation/bench2drive_111/infractions.json
=== [Agent] -- Wallclock = 2026-09-01 19:28:37.995 -- System time = 175.772 -- Game time = 42.850 -- Ratio = 0.244x
2026-09-01 19:28:38 [INFO] [/home/vcdc/disk2t/lead/lead/inference/sensor_agent_bridgedrive.py:270] [SensorAgent] Saved 18 infractions to outputs/local_evaluation/bench2drive_111/infractions.json
=== [Agent] -- Wallclock = 2026-09-01 19:28:38.228 -- System time = 176.005 -- Game time = 42.900 -- Ratio = 0.244x
2026-09-01 19:28:38 [INFO] [/home/vcdc/disk2t/lead/lead/inference/sensor_agent_bridgedrive.py:245] [SensorAgent] Infraction detected at step 857: MinSpeedTest
2026-09-01 19:28:38 [INFO] [/home/vcdc/disk2t/lead/lead/inference/sensor_agent_bridgedrive.py:270] [SensorAgent] Saved 19 infractions to outputs/local_evaluation/bench2drive_111/infractions.json
=== [Agent] -- Wallclock = 2026-09-01 19:28:38.416 -- System time = 176.192 -- Game time = 42.950 -- Ratio = 0.244x
2026-09-01 19:28:38 [INFO] [/home/vcdc/disk2t/lead/lead/inference/sensor_agent_bridgedrive.py:270] [SensorAgent] Saved 19 infractions to outputs/local_evaluation/bench2drive_111/infractions.json
=== [Agent] -- Wallclock = 2026-09-01 19:28:38.656 -- System time = 176.433 -- Game time = 43.000 -- Ratio = 0.244x
2026-09-01 19:28:38 [INFO] [/home/vcdc/disk2t/lead/lead/inference/sensor_agent_bridgedrive.py:270] [SensorAgent] Saved 19 infractions to outputs/local_evaluation/bench2drive_111/infractions.json
[1m> Stopping the route[0m
2026-09-01 19:28:38 [INFO] [/home/vcdc/anaconda3/envs/lead/lib/python3.10/site-packages/simple_watchdog_timer.py:92] WDT: Stopped
2026-09-01 19:28:39 [INFO] [/home/vcdc/anaconda3/envs/lead/lib/python3.10/site-packages/simple_watchdog_timer.py:92] WDT: Stopped

[1m========= Results of RouteScenario_11715 (repetition 0) ------ [91mFAILURE[0m [1m=========[0m

╒═══════════════════════╤═════════════════════╕
│ Start Time            │ 2026-09-01 19:25:42 │
├───────────────────────┼─────────────────────┤
│ End Time              │ 2026-09-01 19:28:39 │
├───────────────────────┼─────────────────────┤
│ System Time           │ 177.1s              │
├───────────────────────┼─────────────────────┤
│ Game Time             │ 43.0s               │
├───────────────────────┼─────────────────────┤
│ Ratio (Game / System) │ 0.243               │
╘═══════════════════════╧═════════════════════╛

╒═══════════════════════╤═════════╤═════════╕
│ Criterion             │ Result  │ Value   │
├───────────────────────┼─────────┼─────────┤
│ RouteCompletionTest   │ [92mSUCCESS[0m │ 100 %   │
├───────────────────────┼─────────┼─────────┤
│ OutsideRouteLanesTest │ [92mSUCCESS[0m │ 0 %     │
├───────────────────────┼─────────┼─────────┤
│ CollisionTest         │ [92mSUCCESS[0m │ 0 times │
├───────────────────────┼─────────┼─────────┤
│ RunningRedLightTest   │ [92mSUCCESS[0m │ 0 times │
├───────────────────────┼─────────┼─────────┤
│ RunningStopTest       │ [92mSUCCESS[0m │ 0 times │
├───────────────────────┼─────────┼─────────┤
│ MinSpeedTest          │ [91mFAILURE[0m │ 934.5 % │
├───────────────────────┼─────────┼─────────┤
│ InRouteTest           │ [92mSUCCESS[0m │         │
├───────────────────────┼─────────┼─────────┤
│ AgentBlockedTest      │ [92mSUCCESS[0m │         │
├───────────────────────┼─────────┼─────────┤
│ ScenarioTimeoutTest   │ [92mSUCCESS[0m │ 0 times │
├───────────────────────┼─────────┼─────────┤
│ Timeout               │ [92mSUCCESS[0m │         │
╘═══════════════════════╧═════════╧═════════╛

[1m> Registering the route statistics[0m
ffmpeg version 4.2.7-0ubuntu0.1 Copyright (c) 2000-2022 the FFmpeg developers
  built with gcc 9 (Ubuntu 9.4.0-1ubuntu1~20.04.1)
  configuration: --prefix=/usr --extra-version=0ubuntu0.1 --toolchain=hardened --libdir=/usr/lib/x86_64-linux-gnu --incdir=/usr/include/x86_64-linux-gnu --arch=amd64 --enable-gpl --disable-stripping --enable-avresample --disable-filter=resample --enable-avisynth --enable-gnutls --enable-ladspa --enable-libaom --enable-libass --enable-libbluray --enable-libbs2b --enable-libcaca --enable-libcdio --enable-libcodec2 --enable-libflite --enable-libfontconfig --enable-libfreetype --enable-libfribidi --enable-libgme --enable-libgsm --enable-libjack --enable-libmp3lame --enable-libmysofa --enable-libopenjpeg --enable-libopenmpt --enable-libopus --enable-libpulse --enable-librsvg --enable-librubberband --enable-libshine --enable-libsnappy --enable-libsoxr --enable-libspeex --enable-libssh --enable-libtheora --enable-libtwolame --enable-libvidstab --enable-libvorbis --enable-libvpx --enable-libwavpack --enable-libwebp --enable-libx265 --enable-libxml2 --enable-libxvid --enable-libzmq --enable-libzvbi --enable-lv2 --enable-omx --enable-openal --enable-opencl --enable-opengl --enable-sdl2 --enable-libdc1394 --enable-libdrm --enable-libiec61883 --enable-nvenc --enable-chromaprint --enable-frei0r --enable-libx264 --enable-shared
  libavutil      56. 31.100 / 56. 31.100
  libavcodec     58. 54.100 / 58. 54.100
  libavformat    58. 29.100 / 58. 29.100
  libavdevice    58.  8.100 / 58.  8.100
  libavfilter     7. 57.100 /  7. 57.100
  libavresample   4.  0.  0 /  4.  0.  0
  libswscale      5.  5.100 /  5.  5.100
  libswresample   3.  5.100 /  3.  5.100
  libpostproc    55.  5.100 / 55.  5.100
Input #0, mov,mp4,m4a,3gp,3g2,mj2, from 'outputs/local_evaluation/bench2drive_111/bench2drive_111_debug.mp4':
  Metadata:
    major_brand     : isom
    minor_version   : 512
    compatible_brands: isomiso2mp41
    encoder         : Lavf58.76.100
  Duration: 00:00:21.45, start: 0.000000, bitrate: 5733 kb/s
    Stream #0:0(und): Video: mpeg4 (Simple Profile) (mp4v / 0x7634706D), yuv420p, 1014x524 [SAR 1:1 DAR 507:262], 5732 kb/s, 20 fps, 20 tbr, 10240 tbn, 20 tbc (default)
    Metadata:
      handler_name    : VideoHandler
Stream mapping:
  Stream #0:0 -> #0:0 (mpeg4 (native) -> h264 (libx264))
Press [q] to stop, [?] for help
[libx264 @ 0x560e88027c00] using SAR=1/1
[libx264 @ 0x560e88027c00] using cpu capabilities: MMX2 SSE2Fast SSSE3 SSE4.2 AVX FMA3 BMI2 AVX2
[libx264 @ 0x560e88027c00] profile High, level 3.1
[libx264 @ 0x560e88027c00] 264 - core 155 r2917 0a84d98 - H.264/MPEG-4 AVC codec - Copyleft 2003-2018 - http://www.videolan.org/x264.html - options: cabac=1 ref=8 deblock=1:0:0 analyse=0x3:0x133 me=umh subme=9 psy=1 psy_rd=1.00:0.00 mixed_ref=1 me_range=16 chroma_me=1 trellis=2 8x8dct=1 cqm=0 deadzone=21,11 fast_pskip=1 chroma_qp_offset=-2 threads=16 lookahead_threads=1 sliced_threads=0 nr=0 decimate=1 interlaced=0 bluray_compat=0 constrained_intra=0 bframes=3 b_pyramid=2 b_adapt=2 b_bias=0 direct=3 weightb=1 open_gop=0 weightp=2 keyint=250 keyint_min=20 scenecut=40 intra_refresh=0 rc_lookahead=60 rc=crf mbtree=1 crf=28.0 qcomp=0.60 qpmin=0 qpmax=69 qpstep=4 ip_ratio=1.40 aq=1:1.00
Output #0, mp4, to 'outputs/local_evaluation/bench2drive_111/bench2drive_111_debug_temp.mp4':
  Metadata:
    major_brand     : isom
    minor_version   : 512
    compatible_brands: isomiso2mp41
    encoder         : Lavf58.29.100
    Stream #0:0(und): Video: h264 (libx264) (avc1 / 0x31637661), yuv420p, 1014x524 [SAR 1:1 DAR 507:262], q=-1--1, 20 fps, 10240 tbn, 20 tbc (default)
    Metadata:
      handler_name    : VideoHandler
      encoder         : Lavc58.54.100 libx264
    Side data:
      cpb: bitrate max/min/avg: 0/0/0 buffer size: 0 vbv_delay: -1
frame=  145 fps=0.0 q=33.0 size=     256kB time=00:00:03.10 bitrate= 676.6kbits/s speed=6.17x    frame=  348 fps=347 q=33.0 size=     768kB time=00:00:13.25 bitrate= 474.9kbits/s speed=13.2x    frame=  429 fps=253 q=-1.0 Lsize=    1879kB time=00:00:21.30 bitrate= 722.6kbits/s speed=12.6x    
video:1873kB audio:0kB subtitle:0kB other streams:0kB global headers:0kB muxing overhead: 0.304379%
[libx264 @ 0x560e88027c00] frame I:2     Avg QP:23.68  size: 43248
[libx264 @ 0x560e88027c00] frame P:115   Avg QP:29.27  size:  7945
[libx264 @ 0x560e88027c00] frame B:312   Avg QP:34.49  size:  2939
[libx264 @ 0x560e88027c00] consecutive B-frames:  1.2%  0.5% 15.4% 83.0%
[libx264 @ 0x560e88027c00] mb I  I16..4: 24.1% 51.5% 24.3%
[libx264 @ 0x560e88027c00] mb P  I16..4:  1.7%  4.7%  1.2%  P16..4: 20.6%  7.0%  6.0%  0.5%  0.3%    skip:58.1%
[libx264 @ 0x560e88027c00] mb B  I16..4:  0.3%  1.2%  0.1%  B16..8: 24.1%  5.1%  1.3%  direct: 2.1%  skip:65.9%  L0:53.0% L1:41.9% BI: 5.1%
[libx264 @ 0x560e88027c00] 8x8 transform intra:64.8% inter:28.8%
[libx264 @ 0x560e88027c00] direct mvs  spatial:97.8% temporal:2.2%
[libx264 @ 0x560e88027c00] coded y,uvDC,uvAC intra: 25.3% 15.7% 8.1% inter: 5.5% 3.0% 1.0%
[libx264 @ 0x560e88027c00] i16 v,h,dc,p: 35% 50% 10%  6%
[libx264 @ 0x560e88027c00] i8 v,h,dc,ddl,ddr,vr,hd,vl,hu: 10%  8% 68%  2%  2%  2%  3%  2%  4%
[libx264 @ 0x560e88027c00] i4 v,h,dc,ddl,ddr,vr,hd,vl,hu: 13% 16% 30%  5%  7%  6%  8%  5% 10%
[libx264 @ 0x560e88027c00] i8c dc,h,v,p: 70% 19% 10%  1%
[libx264 @ 0x560e88027c00] Weighted P-Frames: Y:0.0% UV:0.0%
[libx264 @ 0x560e88027c00] ref P L0: 46.6%  7.3% 15.9%  6.9%  6.4%  6.0%  6.5%  4.3%  0.1%
[libx264 @ 0x560e88027c00] ref B L0: 64.2% 13.7%  8.6%  4.6%  4.0%  3.1%  1.8%
[libx264 @ 0x560e88027c00] ref B L1: 93.8%  6.2%
[libx264 @ 0x560e88027c00] kb/s:715.08
2026-09-01 19:28:41 [INFO] [/home/vcdc/disk2t/lead/lead/inference/video_recorder.py:725] Compressed video: outputs/local_evaluation/bench2drive_111/bench2drive_111_debug.mp4
False
cost time=203.42933225631714
[1m> Registering the global statistics[0m
2026-09-01 19:28:41 [INFO] [/home/vcdc/anaconda3/envs/lead/lib/python3.10/site-packages/simple_watchdog_timer.py:92] WDT: Stopped
2026-09-01 19:28:41 [INFO] [/home/vcdc/anaconda3/envs/lead/lib/python3.10/site-packages/simple_watchdog_timer.py:92] WDT: Stopped
2026-09-01 19:28:41 [INFO] [/home/vcdc/anaconda3/envs/lead/lib/python3.10/site-packages/simple_watchdog_timer.py:92] WDT: Stopped
